player_id,player_name,team,pass_attempts,completions,passing_yards,passing_tds,interceptions,rushing_attempts,rushing_yards,rushing_tds,fantasy_points_half_ppr,sacks,games_played,pass_attempts_per_game,passing_yards_per_game,rushing_attempts_per_game,rushing_yards_per_game,fantasy_points_half_ppr_per_game,ypa,completion_pct,td_pct,int_pct,dropbacks,fantasy_pts_per_dropback,rush_fantasy_contribution,position,signal_score,signal_rank,vegas_multiplier,signal_score_pre_vegas,positional_rank,replacement_signal,vbd_raw,vbd,carries,targets,receptions,receiving_yards,receiving_tds,carries_per_game,targets_per_game,receptions_per_game,receiving_yards_per_game,ypc,yards_per_reception,catch_rate,carry_share,target_share_backfield,opportunity_share,goal_line_carries,air_yards,yards_after_catch,wopr,yac_per_reception,target_share,adot,total_air_yards,racr,ngs_separation,redzone_targets,endzone_targets,yprr_proxy,fg_attempts,fg_makes,fg_att_40_49,fg_made_40_49,fg_att_50p,fg_made_50p,fg_pct,fg_pct_40_49,fg_pct_50p,fg_attempts_per_game,xp_attempts,fumbles_recovered,safeties,turnovers,sacks_per_game,turnovers_per_game,sack_rate,turnover_rate,points_allowed_per_game,opp_epa_per_dropback_allowed,opponent_dvoa,overall_rank,tier,draft_round,draft_pick,situation_score,depth_chart_role,opportunity_ceiling,is_rookie,notes
00-0033280,C.McCaffrey,SF,,,,,,,843.0,9.0,256.90000000000003,,10,,,,84.3,,,,,,,,,RB,97.27,1,1.0504,92.6,1,66.49,30.78,33.86,195.0,62.0,50.0,446.0,4.0,19.5,6.2,5.0,44.6,4.323076923076923,8.92,0.8064516129032258,0.7652506036377005,0.9290043290043289,0.7965794129641205,16.0,,,,,,,,,,,,,,,,,,,,,,,,,,,,,,,,,,1,1,,,,,,,
00-0038597,C.Brown,CIN,,,,,,,745.0,5.0,203.5,,10,,,,74.5,,,,,,,,,RB,91.57,4,1.0336,88.59,2,66.49,25.08,27.59,146.0,58.0,45.0,300.0,4.0,14.6,5.8,4.5,30.0,5.102739726027397,6.666666666666667,0.7758620689655172,0.6769934740699358,0.8174206349206349,0.7129296697031251,6.0,,,,,,,,,,,,,,,,,,,,,,,,,,,,,,,,,,2,1,,,,,,,
00-0034844,S.Barkley,PHI,,,,,,,817.0,4.0,143.3,,10,,,,81.7,,,,,,,,,RB,89.71,6,1.0504,85.41,3,66.49,23.22,25.54,186.0,29.0,18.0,136.0,1.0,18.6,2.9,1.8,13.6,4.39247311827957,7.555555555555555,0.6206896551724138,0.820893254408602,0.6766666666666666,0.8092693487797835,9.0,,,,,,,,,,,,,,,,,,,,,,,,,,,,,,,,,,3,1,,,,,,,
00-0038543,J.Smith-Njigba,SEA,,,,,,,,,216.8,,10,,,,,,,,,,,,,WR,96.34,1,1.0864,88.68,1,70.99,25.35000000000001,25.35,,99.0,71.0,1013.0,7.0,,9.9,,101.3,,,0.7171717171717171,,,,,0.47796188369175896,347.0,0.8864119802973308,4.887323943661972,0.5769555121819895,10.131313131313131,1003.0,1.0099700897308075,,,,,,,,,,,,,,,,,,,,,,,,,,4,1,,,,,,,
00-0039139,J.Gibbs,DET,,,,,,,753.0,9.0,245.4,,10,,,,75.3,,,,,,,,,RB,89.53,7,1.0588,84.56,4,66.49,23.040000000000006,25.34,137.0,64.0,51.0,471.0,3.0,13.7,6.4,5.1,47.1,5.4963503649635035,9.235294117647058,0.796875,0.6214149948020916,0.7434126984126984,0.6649217721276545,5.0,,,,,,,,,,,,,,,,,,,,,,,,,,,,,,,,,,5,1,,,,,,,
00-0037248,J.Cook,BUF,,,,,,,1069.0,7.0,202.10000000000002,,10,,,,106.9,,,,,,,,,RB,89.32,8,1.0588,84.36,5,66.49,22.83,25.11,200.0,26.0,21.0,202.0,2.0,20.0,2.6,2.1,20.2,5.345,9.619047619047619,0.8076923076923077,0.816004118462109,0.39654761904761904,0.7387947546911742,11.0,,,,,,,,,,,,,,,,,,,,,,,,,,,,,,,,,,6,1,,,,,,,
00-0036223,J.Taylor,IND,,,,,,,956.0,11.0,213.4,,10,,,,95.6,,,,,,,,,RB,88.39,3,0.9916,89.14,6,66.49,21.900000000000006,24.09,194.0,32.0,24.0,218.0,1.0,19.4,3.2,2.4,21.8,4.927835051546392,9.083333333333334,0.75,0.9200638875139783,0.6418253968253969,0.8726377455496449,9.0,,,,,,,,,,,,,,,,,,,,,,,,,,,,,,,,,,7,1,,,,,,,
00-0038542,B.Robinson,ATL,,,,,,,963.0,5.0,243.5,,11,,,,87.54545454545455,,,,,,,,,RB,87.47,2,0.9580000000000001,91.31,7,66.49,20.980000000000004,23.08,190.0,69.0,52.0,472.0,3.0,17.272727272727273,6.2727272727272725,4.7272727272727275,42.90909090909091,5.068421052631579,9.076923076923077,0.7536231884057971,0.7055993737445351,0.8341269841269842,0.7355466503193775,9.0,,,,,,,,,,,,,,,,,,,,,,,,,,,,,,,,,,8,1,,,,,,,
00-0037840,K.Williams,LA,,,,,,,774.0,8.0,150.9,,10,,,,77.4,,,,,,,,,RB,87.36,12,1.084,80.59,8,66.49,20.870000000000005,22.96,152.0,22.0,15.0,105.0,0.0,15.2,2.2,1.5,10.5,5.092105263157895,7.0,0.6818181818181818,0.5800476295213137,0.8518518518518517,0.6009631566839805,12.0,,,,,,,,,,,,,,,,,,,,,,,,,,,,,,,,,,9,1,,,,,,,
00-0039075,P.Nacua,LA,,,,,,,,,218.20000000000002,,9,,,,,,,,,,,,,WR,93.2,4,1.108,84.12,2,70.99,22.210000000000008,22.21,,90.0,65.0,1023.0,8.0,,10.0,,113.66666666666667,,,0.7222222222222222,,,,,0.3259950585822447,413.0,0.668716149467191,6.3538461538461535,0.4702492184776326,9.933333333333334,894.0,1.1442953020134228,,,,,,,,,,,,,,,,,,,,,,,,,,10,1,,,,,,,
00-0034857,J.Allen,BUF,314.0,197.0,2271.0,14.0,6.0,55.0,336.0,11.0,240.44,28.0,10,31.4,227.1,5.5,33.6,24.044,7.232484076433121,0.6273885350318471,0.044585987261146494,0.01910828025477707,342.0,0.7030409356725146,9.959999999999999,QB,86.85,3,1.084,80.12,1,62.2,24.64999999999999,22.18,,,,,,,,,,,,,,,,,,,,,,,,,,,,,,,,,,,,,,,,,,,,,,,,,,11,1,,,,,,,
00-0036963,A.St. Brown,DET,,,,,,,,,173.8,,10,,,,,,,,,,,,,WR,91.97,2,1.0756000000000001,85.51,3,70.99,20.980000000000004,20.98,,106.0,62.0,818.0,5.0,,10.6,,81.8,,,0.5849056603773585,,,,,0.391788786070375,356.0,0.7341655269642023,5.741935483870968,0.49375145752080735,8.358490566037736,886.0,0.9232505643340858,,,,,,,,,,,,,,,,,,,,,,,,,,12,1,,,,,,,
00-0038128,M.Willis,GB,38.0,30.0,422.0,3.0,0.0,18.0,127.0,2.0,53.580000000000005,3.0,4,9.5,105.5,4.5,31.75,13.395000000000001,11.105263157894736,0.7894736842105263,0.07894736842105263,0.0,41.0,1.306829268292683,6.175000000000001,QB,84.86,4,1.06,80.06,2,62.2,22.659999999999997,20.39,,,,,,,,,,,,,,,,,,,,,,,,,,,,,,,,,,,,,,,,,,,,,,,,,,13,1,,,,,,,
00-0039851,D.Maye,NE,324.0,209.0,2681.0,21.0,6.0,47.0,291.0,2.0,226.34,29.0,10,32.4,268.1,4.7,29.1,22.634,8.274691358024691,0.6450617283950617,0.06481481481481481,0.018518518518518517,353.0,0.6411898016997167,4.11,QB,84.8,2,1.036,81.85,3,62.2,22.599999999999994,20.34,,,,,,,,,,,,,,,,,,,,,,,,,,,,,,,,,,,,,,,,,,,,,,,,,,14,1,,,,,,,
00-0031492,J.Myers,SEA,,,,,,,,,,,9,,,,,,,,,,,,,K,85.71,1,1.0576,81.04,1,58.62,27.089999999999996,18.96,,,,,,,,,,,,,,,,,,,,,,,,,,,,,30.0,28.0,9.0,9.0,7.0,5.0,0.9333333333333333,1.0,0.7142857142857143,3.3333333333333335,28.0,,,,,,,,,,,15,1,,,,,,,
00-0039064,Z.Flowers,BAL,,,,,,,,,136.0,,10,,,,,,,,,,,,,WR,89.48,7,1.0972000000000002,81.55,4,70.99,18.49000000000001,18.49,,66.0,48.0,650.0,2.0,,6.6,,65.0,,,0.7272727272727273,,,,,0.35029236082229853,196.0,0.68271146735004,4.083333333333333,0.5926406926406926,10.348484848484848,683.0,0.9516837481698389,,,,,,,,,,,,,,,,,,,,,,,,,,16,1,,,,,,,
00-0033288,G.Kittle,SF,,,,,,,,,141.1,,9,,,,,,,,,,,,,TE,96.73,1,1.0576,91.46,1,79.18,17.549999999999997,18.43,,58.0,48.0,574.0,6.0,,6.444444444444445,,63.77777777777778,,,0.8275862068965517,,,,,,233.0,0.46895029717874415,,0.22903265795142225,,,,,12.0,4.0,9.89655172413793,,,,,,,,,,,,,,,,,,,,,,17,1,,,,,,,
00-0036900,J.Chase,CIN,,,,,,,,,184.60000000000002,,9,,,,,,,,,,,,,WR,88.84,3,1.0432000000000001,85.16,5,70.99,17.85000000000001,17.85,,118.0,75.0,848.0,4.0,,13.11111111111111,,94.22222222222223,,,0.635593220338983,,,,,0.3651116076268984,400.0,0.7771792010072258,5.333333333333333,0.5606603438328585,7.923728813559322,935.0,0.906951871657754,,,,,,,,,,,,,,,,,,,,,,,,,,18,2,,,,,,,
00-0037834,B.Purdy,SF,192.0,130.0,1454.0,17.0,5.0,22.0,98.0,3.0,148.96,6.0,6,32.0,242.33333333333334,3.6666666666666665,16.333333333333332,24.826666666666668,7.572916666666667,0.6770833333333334,0.08854166666666667,0.026041666666666668,198.0,0.7523232323232324,4.633333333333334,QB,81.78,6,1.072,76.29,4,62.2,19.58,17.62,,,,,,,,,,,,,,,,,,,,,,,,,,,,,,,,,,,,,,,,,,,,,,,,,,19,2,,,,,,,
HOU,HOU DST,HOU,,,,,13.0,,,,,34.0,11,,,,,,,,,,,,,DST,85.25,1,0.97,87.89,1,62.25,23.0,17.25,,,,,,,,,,,,,,,,,,,,,,,,,,,,,,,,,,,,,,,,6.0,,19.0,3.090909090909091,1.7272727272727273,0.08762886597938144,0.02211874272409779,18.545454545454547,-0.19398168553430667,,20,2,,,,,,,
00-0032764,D.Henry,BAL,,,,,,,1030.0,12.0,195.6,,10,,,,103.0,,,,,,,,,RB,82.05,15,1.0756000000000001,76.28,9,66.49,15.560000000000002,17.12,199.0,12.0,10.0,106.0,0.0,19.9,1.2,1.0,10.6,5.175879396984925,10.6,0.8333333333333334,0.7483497256938333,0.3433333333333333,0.6923534035215436,19.0,,,,,,,,,,,,,,,,,,,,,,,,,,,,,,,,,,21,2,,,,,,,
PHI,PHI DST,PHI,,,,,8.0,,,,,33.0,10,,,,,,,,,,,,,DST,84.23,2,0.964,87.38,2,62.25,21.980000000000004,16.49,,,,,,,,,,,,,,,,,,,,,,,,,,,,,,,,,,,,,,,,6.0,,14.0,3.3,1.4,0.09322033898305085,0.017326732673267328,15.8,-0.2047196274629526,,22,2,,,,,,,
00-0035676,A.Brown,PHI,,,,,,,,,161.9,,9,,,,,,,,,,,,,WR,87.3,5,1.0648,81.99,6,70.99,16.310000000000002,16.31,,76.0,53.0,729.0,6.0,,8.444444444444445,,81.0,,,0.6973684210526315,,,,,0.3766250851426371,199.0,0.7051004934504994,3.7547169811320753,0.44817679494576346,12.197368421052632,927.0,0.7864077669902912,,,,,,,,,,,,,,,,,,,,,,,,,,23,2,,,,,,,
00-0036997,J.Williams,DAL,,,,,,,725.0,6.0,132.9,,10,,,,72.5,,,,,,,,,RB,80.29,11,0.9916,80.97,10,66.49,13.800000000000011,15.18,160.0,23.0,13.0,54.0,1.0,16.0,2.3,1.3,5.4,4.53125,4.153846153846154,0.5652173913043478,0.6996239006565094,0.6666666666666666,0.6914145532135487,13.0,,,,,,,,,,,,,,,,,,,,,,,,,,,,,,,,,,24,2,,,,,,,
00-0036912,D.Smith,PHI,,,,,,,,,126.5,,10,,,,,,,,,,,,,WR,85.79,11,1.0648,80.57,7,70.99,14.800000000000011,14.8,,74.0,45.0,635.0,3.0,,7.4,,63.5,,,0.6081081081081081,,,,,0.4003774866418593,173.0,0.7011921669984179,3.8444444444444446,0.445732860206006,12.837837837837839,950.0,0.6684210526315789,,,,,,,,,,,,,,,,,,,,,,,,,,25,2,,,,,,,
00-0036554,N.Collins,HOU,,,,,,,,,154.20000000000002,,10,,,,,,,,,,,,,WR,85.25,9,1.054,80.88,8,70.99,14.260000000000005,14.26,,85.0,49.0,805.0,3.0,,8.5,,80.5,,,0.5764705882352941,,,,,0.3635088138530137,224.0,0.6116032701879617,4.571428571428571,0.3968173031144168,13.476190476190476,1132.0,0.7111307420494699,,,,,,,,,,,,,,,,,,,,,,,,,,26,2,,,,,,,
00-0036389,J.Hurts,PHI,295.0,177.0,2052.0,17.0,5.0,51.0,234.0,3.0,186.48,14.0,10,29.5,205.2,5.1,23.4,18.648,6.95593220338983,0.6,0.0576271186440678,0.01694915254237288,309.0,0.6034951456310679,4.140000000000001,QB,78.0,7,1.072,72.76,5,62.2,15.799999999999997,14.22,,,,,,,,,,,,,,,,,,,,,,,,,,,,,,,,,,,,,,,,,,,,,,,,,,27,2,,,,,,,
00-0039040,D.Achane,MIA,,,,,,,960.0,5.0,205.3,,10,,,,96.0,,,,,,,,,RB,79.34,5,0.916,86.62,11,66.49,12.850000000000009,14.14,162.0,47.0,38.0,293.0,2.0,16.2,4.7,3.8,29.3,5.925925925925926,7.7105263157894735,0.8085106382978723,0.6709609775072608,0.8108297258297258,0.691709635789537,3.0,,,,,,,,,,,,,,,,,,,,,,,,,,,,,,,,,,28,2,,,,,,,
00-0036355,J.Herbert,LAC,333.0,194.0,2234.0,17.0,9.0,55.0,348.0,2.0,195.16,37.0,10,33.3,223.4,5.5,34.8,19.516,6.708708708708708,0.5825825825825826,0.05105105105105105,0.02702702702702703,370.0,0.5274594594594595,4.680000000000001,QB,77.71,5,1.012,76.79,6,62.2,15.509999999999991,13.96,,,,,,,,,,,,,,,,,,,,,,,,,,,,,,,,,,,,,,,,,,,,,,,,,,29,2,,,,,,,
00-0036971,T.Lawrence,JAX,345.0,190.0,2428.0,20.0,7.0,51.0,254.0,7.0,237.52,26.0,10,34.5,242.8,5.1,25.4,23.752000000000002,7.0376811594202895,0.5507246376811594,0.057971014492753624,0.020289855072463767,371.0,0.6402156334231807,6.74,QB,77.46,1,0.9400000000000001,82.4,7,62.2,15.259999999999991,13.73,,,,,,,,,,,,,,,,,,,,,,,,,,,,,,,,,,,,,,,,,,,,,,,,,,30,2,,,,,,,
00-0036973,T.Etienne,JAX,,,,,,,605.0,5.0,164.20000000000002,,10,,,,60.5,,,,,,,,,RB,78.88,10,0.9580000000000001,82.34,12,66.49,12.39,13.63,157.0,32.0,22.0,217.0,5.0,15.7,3.2,2.2,21.7,3.8535031847133756,9.863636363636363,0.6875,0.7072412742841132,0.7085714285714285,0.7035846010577468,11.0,,,,,,,,,,,,,,,,,,,,,,,,,,,,,,,,,,31,2,,,,,,,
00-0036854,E.McPherson,CIN,,,,,,,,,,,8,,,,,,,,,,,,,K,77.73,2,1.0288,75.55,2,58.62,19.110000000000007,13.38,,,,,,,,,,,,,,,,,,,,,,,,,,,,,20.0,19.0,8.0,8.0,5.0,4.0,0.95,1.0,0.8,2.5,31.0,,,,,,,,,,,32,2,,,,,,,
00-0035700,J.Jacobs,GB,,,,,,,570.0,7.0,136.6,,10,,,,57.0,,,,,,,,,RB,78.01,17,1.042,74.87,13,66.49,11.52000000000001,12.67,136.0,25.0,21.0,106.0,1.0,13.6,2.5,2.1,10.6,4.1911764705882355,5.0476190476190474,0.84,0.6732936177730229,0.5357936507936507,0.6382407150691355,11.0,,,,,,,,,,,,,,,,,,,,,,,,,,,,,,,,,,33,2,,,,,,,
00-0040122,A.Jeanty,LV,,,,,,,464.0,2.0,147.0,,10,,,,46.4,,,,,,,,,RB,77.43,9,0.9244,83.76,14,66.49,10.940000000000012,12.03,135.0,49.0,38.0,266.0,4.0,13.5,4.9,3.8,26.6,3.437037037037037,7.0,0.7755102040816326,0.9051302733214499,0.7851082251082251,0.8747595573412271,6.0,,,,,,,,,,,,,,,,,,,,,,,,,,,,,,,,,,34,3,,,,,,,
00-0040666,O.Hampton,LAC,,,,,,,231.0,2.0,58.7,,4,,,,57.75,,,,,,,,,RB,77.41,14,1.0084,76.77,15,66.49,10.920000000000002,12.01,58.0,13.0,12.0,56.0,1.0,14.5,3.25,3.0,14.0,3.9827586206896552,4.666666666666667,0.9230769230769231,0.6525925925925926,0.725,0.660915635932034,4.0,,,,,,,,,,,,,,,,,,,,,,,,,,,,,,,,,,35,3,,,,,,,
00-0034173,E.Pineiro,SF,,,,,,,,,,,5,,,,,,,,,,,,,K,75.28,3,1.0432000000000001,72.16,3,58.62,16.660000000000004,11.66,,,,,,,,,,,,,,,,,,,,,,,,,,,,,13.0,12.0,5.0,5.0,3.0,2.0,0.9230769230769231,1.0,0.6666666666666666,2.6,30.0,,,,,,,,,,,36,3,,,,,,,
00-0040126,C.Loveland,CHI,,,,,,,,,130.5,,11,,,,,,,,,,,,,TE,90.24,5,1.0288,87.71,2,79.18,11.059999999999988,11.61,,61.0,43.0,577.0,5.0,,5.545454545454546,,52.45454545454545,,,0.7049180327868853,,,,,,203.0,0.3924386893082699,,0.1769088153806022,,,,,12.0,6.0,9.459016393442623,,,,,,,,,,,,,,,,,,,,,,37,3,,,,,,,
00-0036275,D.Swift,CHI,,,,,,,752.0,7.0,148.2,,10,,,,75.2,,,,,,,,,RB,76.91,16,1.0252000000000001,75.02,16,66.49,10.420000000000002,11.46,143.0,25.0,18.0,130.0,0.0,14.3,2.5,1.8,13.0,5.258741258741258,7.222222222222222,0.72,0.5509811970765318,0.6067460317460317,0.5548941576041616,11.0,,,,,,,,,,,,,,,,,,,,,,,,,,,,,,,,,,38,3,,,,,,,
CLE,CLE DST,CLE,,,,,8.0,,,,,37.0,10,,,,,,,,,,,,,DST,77.31,5,1.036,74.62,3,62.25,15.060000000000002,11.3,,,,,,,,,,,,,,,,,,,,,,,,,,,,,,,,,,,,,,,,4.0,,12.0,3.7,1.2,0.1167192429022082,0.014833127317676144,21.5,-0.27445933664618544,,39,3,,,,,,,
00-0037240,J.Williams,DET,,,,,,,,,147.70000000000002,,10,,,,,,,,,,,,,WR,82.03,19,1.0756000000000001,76.26,9,70.99,11.040000000000006,11.04,,66.0,42.0,746.0,5.0,,6.6,,74.6,,,0.6363636363636364,,,,,0.33183989673482095,261.0,0.5218798920621898,6.214285714285714,0.30693984292281506,11.878787878787879,784.0,0.951530612244898,,,,,,,,,,,,,,,,,,,,,,,,,,40,3,,,,,,,
SEA,SEA DST,SEA,,,,,10.0,,,,,24.0,10,,,,,,,,,,,,,DST,75.75,3,0.952,79.57,4,62.25,13.5,10.12,,,,,,,,,,,,,,,,,,,,,,,,,,,,,,,,,,,,,,,,8.0,,18.0,2.4,1.8,0.06451612903225806,0.02158273381294964,17.2,-0.2115589573031382,,41,3,,,,,,,
00-0030506,T.Kelce,KC,,,,,,,,,114.9,,10,,,,,,,,,,,,,TE,88.34,9,1.0576,83.53,3,79.18,9.159999999999997,9.62,,66.0,45.0,518.0,3.0,,6.6,,51.8,,,0.6818181818181818,,,,,,251.0,0.47715562554350494,,0.21248141222662426,,,,,6.0,5.0,7.848484848484849,,,,,,,,,,,,,,,,,,,,,,42,3,,,,,,,
LAC,LAC DST,LAC,,,,,13.0,,,,,25.0,10,,,,,,,,,,,,,DST,74.93,4,0.994,75.38,5,62.25,12.680000000000007,9.51,,,,,,,,,,,,,,,,,,,,,,,,,,,,,,,,,,,,,,,,2.0,1.0,15.0,2.5,1.5,0.0778816199376947,0.020463847203274217,19.6,-0.09164300113961514,,43,3,,,,,,,
00-0038117,W.Robinson,NYG,,,,,,,,,141.6,,10,,,,,,,,,,,,,WR,80.24,8,0.9892000000000001,81.12,10,70.99,9.25,9.25,,100.0,63.0,663.0,2.0,,10.0,,66.3,,,0.63,,,,,0.3633293782291099,222.0,0.7817088922307429,3.5238095238095237,0.5935616140488936,8.323232323232324,824.0,0.8046116504854369,,,,,,,,,,,,,,,,,,,,,,,,,,44,3,,,,,,,
00-0033293,A.Jones,MIN,,,,,,,502.0,2.0,102.7,,10,,,,50.2,,,,,,,,,RB,74.82,18,1.0,74.82,17,66.49,8.329999999999998,9.16,119.0,37.0,25.0,155.0,0.0,11.9,3.7,2.5,15.5,4.218487394957983,6.2,0.6756756756756757,0.5882676394812617,0.7861904761904761,0.6289573070607554,3.0,,,,,,,,,,,,,,,,,,,,,,,,,,,,,,,,,,45,3,,,,,,,
00-0037239,C.Olave,NO,,,,,,,,,190.79999999999998,,10,,,,,,,,,,,,,WR,79.98,10,0.9892000000000001,80.85,11,70.99,8.990000000000009,8.99,,92.0,61.0,821.0,8.0,,9.2,,82.1,,,0.6630434782608695,,,,,0.4406511716693757,196.0,0.7180527992687662,3.2131147540983607,0.46881937017231134,14.021739130434783,1290.0,0.6364341085271318,,,,,,,,,,,,,,,,,,,,,,,,,,46,3,,,,,,,
00-0032726,K.Fairbairn,HOU,,,,,,,,,,,9,,,,,,,,,,,,,K,71.45,5,1.036,68.97,4,58.62,12.830000000000005,8.98,,,,,,,,,,,,,,,,,,,,,,,,,,,,,29.0,27.0,9.0,9.0,5.0,3.0,0.9310344827586207,1.0,0.6,3.2222222222222223,17.0,,,,,,,,,,,47,3,,,,,,,
00-0038562,J.Moody,WAS,,,,,,,,,,,5,,,,,,,,,,,,,K,71.37,4,1.0144,70.36,5,58.62,12.750000000000007,8.93,,,,,,,,,,,,,,,,,,,,,,,,,,,,,13.0,13.0,2.0,2.0,1.0,1.0,1.0,1.0,1.0,2.6,10.0,,,,,,,,,,,48,3,,,,,,,
00-0039918,C.Williams,CHI,388.0,212.0,2551.0,17.0,4.0,41.0,281.0,1.0,210.34,13.0,11,35.27272727272727,231.9090909090909,3.727272727272727,25.545454545454547,19.12181818181818,6.574742268041237,0.5463917525773195,0.04381443298969072,0.010309278350515464,401.0,0.5245386533665836,3.1,QB,71.9,9,1.036,69.4,8,62.2,9.700000000000003,8.73,,,,,,,,,,,,,,,,,,,,,,,,,,,,,,,,,,,,,,,,,,,,,,,,,,49,3,,,,,,,
00-0040074,T.Loop,BAL,,,,,,,,,,,8,,,,,,,,,,,,,K,70.91,8,1.0648,66.59,6,58.62,12.29,8.6,,,,,,,,,,,,,,,,,,,,,,,,,,,,,22.0,20.0,3.0,3.0,2.0,0.0,0.9090909090909091,1.0,0.0,2.75,27.0,,,,,,,,,,,50,3,,,,,,,
00-0038120,B.Hall,NYJ,,,,,,,655.0,4.0,138.66,,10,,,,65.5,,,,,,,,,RB,74.29,13,0.9496,78.23,18,66.49,7.800000000000011,8.58,155.0,24.0,19.0,200.0,1.0,15.5,2.4,1.9,20.0,4.225806451612903,10.526315789473685,0.7916666666666666,0.7914998239746524,0.6123809523809524,0.7492092313144945,2.0,,,,,,,,,,,,,,,,,,,,,,,,,,,,,,,,,,51,4,,,,,,,
00-0036244,C.Parkinson,LA,,,,,,,,,107.10000000000001,,10,,,,,,,,,,,,,TE,87.25,13,1.096,79.61,4,79.18,8.069999999999993,8.47,,44.0,35.0,361.0,6.0,,4.4,,36.1,,,0.7954545454545454,,,,,,244.0,0.22639391740370146,,0.13026689882277617,,,,,18.0,8.0,8.204545454545455,,,,,,,,,,,,,,,,,,,,,,52,4,,,,,,,
00-0034383,D.Schultz,HOU,,,,,,,,,126.80000000000001,,11,,,,,,,,,,,,,TE,87.1,10,1.048,83.11,5,79.18,7.9199999999999875,8.32,,76.0,57.0,518.0,3.0,,6.909090909090909,,47.09090909090909,,,0.75,,,,,,254.0,0.40231947610529395,,0.1973011523689144,,,,,9.0,6.0,6.815789473684211,,,,,,,,,,,,,,,,,,,,,,53,4,,,,,,,
00-0039067,R.Rice,KC,,,,,,,,,148.1,,8,,,,,,,,,,,,,WR,79.31,22,1.0648,74.48,12,70.99,8.320000000000007,8.32,,79.0,53.0,571.0,5.0,,9.875,,71.375,,,0.6708860759493671,,,,,0.14832893869973915,414.0,0.5408902421636201,7.811320754716981,0.4749869238313174,4.333333333333333,338.0,1.6893491124260356,,,,,,,,,,,,,,,,,,,,,,,,,,54,4,,,,,,,
00-0035640,D.Metcalf,PIT,,,,,,,,,108.6,,10,,,,,,,,,,,,,WR,79.02,16,1.0,79.02,13,70.99,8.030000000000001,8.03,,68.0,40.0,494.0,2.0,,6.8,,49.4,,,0.5882352941176471,,,,,0.38853026876358304,191.0,0.6020778336795062,4.775,0.5147817962910842,11.058823529411764,752.0,0.6569148936170213,,,,,,,,,,,,,,,,,,,,,,,,,,55,4,,,,,,,
00-0036322,J.Jefferson,MIN,,,,,,,,,108.8,,11,,,,,,,,,,,,,WR,78.98,17,1.0,78.98,14,70.99,7.990000000000009,7.99,,89.0,47.0,498.0,2.0,,8.090909090909092,,45.27272727272727,,,0.5280898876404494,,,,,0.37867015061355097,250.0,0.7220495640638048,5.319148936170213,0.49732831511610004,9.670454545454545,851.0,0.5851938895417156,,,,,,,,,,,,,,,,,,,,,,,,,,56,4,,,,,,,
00-0033090,H.Henry,NE,,,,,,,,,108.5,,10,,,,,,,,,,,,,TE,86.7,7,1.0288,84.27,6,79.18,7.519999999999996,7.9,,51.0,35.0,435.0,5.0,,5.1,,43.5,,,0.6862745098039216,,,,,,207.0,0.3504479962049197,,0.17129572702322954,,,,,14.0,5.0,8.529411764705882,,,,,,,,,,,,,,,,,,,,,,57,4,,,,,,,
MIN,MIN DST,MIN,,,,,6.0,,,,,32.0,11,,,,,,,,,,,,,DST,72.21,6,1.0,72.21,6,62.25,9.959999999999994,7.47,,,,,,,,,,,,,,,,,,,,,,,,,,,,,,,,,,,,,,,,8.0,,14.0,2.909090909090909,1.2727272727272727,0.09667673716012085,0.01569506726457399,21.181818181818183,-0.03479095010246895,,58,4,,,,,,,
00-0037247,G.Pickens,DAL,,,,,,,,,167.5,,10,,,,,,,,,,,,,WR,78.38,14,0.9892000000000001,79.24,15,70.99,7.390000000000001,7.39,,87.0,60.0,895.0,3.0,,8.7,,89.5,,,0.6896551724137931,,,,,0.33390864905065204,306.0,0.6020646884206695,5.1,0.3525859562432453,11.093023255813954,954.0,0.9381551362683438,,,,,,,,,,,,,,,,,,,,,,,,,,59,4,,,,,,,
00-0040691,J.Dart,NYG,247.0,138.0,1534.0,9.0,3.0,45.0,291.0,7.0,165.46,23.0,8,30.875,191.75,5.625,36.375,20.6825,6.2105263157894735,0.5587044534412956,0.03643724696356275,0.012145748987854251,270.0,0.6128148148148148,8.8875,QB,70.4,8,0.9880000000000001,71.26,9,62.2,8.200000000000003,7.38,,,,,,,,,,,,,,,,,,,,,,,,,,,,,,,,,,,,,,,,,,,,,,,,,,60,4,,,,,,,
00-0036358,C.Lamb,DAL,,,,,,,,,161.3,,10,,,,,,,,,,,,,WR,78.2,15,0.9892000000000001,79.05,16,70.99,7.210000000000008,7.21,,92.0,58.0,851.0,3.0,,9.2,,85.1,,,0.6304347826086957,,,,,0.3557124535082262,263.0,0.6396738427690416,4.5344827586206895,0.3770579548328909,11.91304347826087,1096.0,0.7764598540145985,,,,,,,,,,,,,,,,,,,,,,,,,,61,4,,,,,,,
00-0040189,O.Gadsden,LAC,,,,,,,,,99.7,,10,,,,,,,,,,,,,TE,85.67,6,1.0096,84.86,7,79.18,6.489999999999995,6.81,,48.0,32.0,497.0,3.0,,4.8,,49.7,,,0.6666666666666666,,,,,,162.0,0.3882159600570089,,0.16661418162119424,,,,,10.0,4.0,10.354166666666666,,,,,,,,,,,,,,,,,,,,,,62,4,,,,,,,
00-0038134,K.Walker,SEA,,,,,,,566.0,2.0,106.10000000000001,,10,,,,56.6,,,,,,,,,RB,72.21,27,1.0672000000000001,67.66,19,66.49,5.719999999999999,6.29,127.0,23.0,19.0,185.0,0.0,12.7,2.3,1.9,18.5,4.456692913385827,9.736842105263158,0.8260869565217391,0.5214325228524012,0.6028571428571429,0.5282839857902146,5.0,,,,,,,,,,,,,,,,,,,,,,,,,,,,,,,,,,63,4,,,,,,,
00-0040583,W.Marks,HOU,,,,,,,518.0,1.0,97.0,,10,,,,51.8,,,,,,,,,RB,72.19,23,1.042,69.28,20,66.49,5.700000000000003,6.27,150.0,24.0,16.0,112.0,2.0,15.0,2.4,1.6,11.2,3.453333333333333,7.0,0.6666666666666666,0.6346990854842193,0.651984126984127,0.6291045077292684,8.0,,,,,,,,,,,,,,,,,,,,,,,,,,,,,,,,,,64,4,,,,,,,
00-0034351,D.Goedert,PHI,,,,,,,,,106.80000000000001,,10,,,,,,,,,,,,,TE,84.83,12,1.0576,80.21,8,79.18,5.6499999999999915,5.93,,49.0,36.0,348.0,6.0,,4.9,,34.8,,,0.7346938775510204,,,,,,163.0,0.37826611160839996,,0.19392996788464165,,,,,10.0,5.0,7.1020408163265305,,,,,,,,,,,,,,,,,,,,,,65,4,,,,,,,
00-0035659,T.McLaurin,WAS,,,,,,,,,79.6,,6,,,,,,,,,,,,,WR,76.91,20,1.0216,75.28,17,70.99,5.920000000000002,5.92,,39.0,24.0,376.0,3.0,,6.5,,62.666666666666664,,,0.6153846153846154,,,,,0.4218753645006117,46.0,0.6755663783388339,1.9166666666666667,0.38675213675213677,14.102564102564102,550.0,0.6836363636363636,,,,,,,,,,,,,,,,,,,,,,,,,,66,4,,,,,,,
00-0037692,B.Aubrey,DAL,,,,,,,,,,,10,,,,,,,,,,,,,K,66.97,6,0.9928,67.46,7,58.62,8.350000000000001,5.85,,,,,,,,,,,,,,,,,,,,,,,,,,,,,28.0,23.0,7.0,7.0,12.0,7.0,0.8214285714285714,1.0,0.5833333333333334,2.8,27.0,,,,,,,,,,,67,4,,,,,,,
00-0040734,T.Henderson,NE,,,,,,,710.0,6.0,144.20000000000002,,10,,,,71.0,,,,,,,,,RB,71.71,21,1.0252000000000001,69.95,21,66.49,5.219999999999999,5.74,126.0,24.0,19.0,122.0,1.0,12.6,2.4,1.9,12.2,5.634920634920635,6.421052631578948,0.7916666666666666,0.552087333350196,0.4795238095238095,0.5419740504417924,5.0,,,,,,,,,,,,,,,,,,,,,,,,,,,,,,,,,,68,5,,,,,,,
00-0039404,W.Reichard,MIN,,,,,,,,,,,10,,,,,,,,,,,,,K,66.02,9,1.0,66.02,8,58.62,7.399999999999999,5.18,,,,,,,,,,,,,,,,,,,,,,,,,,,,,23.0,22.0,5.0,5.0,9.0,8.0,0.9565217391304348,1.0,0.8888888888888888,2.3,19.0,,,,,,,,,,,69,5,,,,,,,
00-0039919,R.Odunze,CHI,,,,,,,,,61.300000000000004,,7,,,,,,,,,,,,,WR,76.16,23,1.0324,73.77,18,70.99,5.170000000000002,5.17,,50.0,22.0,333.0,1.0,,7.142857142857143,,47.57142857142857,,,0.44,,,,,0.36163899774273184,100.0,0.5940741691682117,4.545454545454546,0.36035232274728074,14.48,724.0,0.4599447513812155,,,,,,,,,,,,,,,,,,,,,,,,,,70,5,,,,,,,
00-0036875,R.Stevenson,NE,,,,,,,315.0,3.0,89.4,,7,,,,45.0,,,,,,,,,RB,71.08,22,1.0252000000000001,69.33,22,66.49,4.590000000000003,5.05,72.0,21.0,17.0,169.0,1.0,10.285714285714286,3.0,2.4285714285714284,24.142857142857142,4.375,9.941176470588236,0.8095238095238095,0.4562356857728527,0.7231292517006802,0.4920236360328526,5.0,,,,,,,,,,,,,,,,,,,,,,,,,,,,,,,,,,71,5,,,,,,,
00-0036970,K.Pitts,ATL,,,,,,,,,153.70000000000002,,11,,,,,,,,,,,,,TE,83.54,4,0.9520000000000001,87.75,9,79.18,4.359999999999999,4.58,,82.0,59.0,647.0,5.0,,7.454545454545454,,58.81818181818182,,,0.7195121951219512,,,,,,259.0,0.544929634721365,,0.2426978478439297,,,,,8.0,5.0,7.890243902439025,,,,,,,,,,,,,,,,,,,,,,72,5,,,,,,,
00-0039732,B.Nix,DEN,398.0,241.0,2513.0,16.0,7.0,35.0,190.0,4.0,200.52,12.0,10,39.8,251.3,3.5,19.0,20.052,6.314070351758794,0.6055276381909548,0.04020100502512563,0.017587939698492462,410.0,0.48907317073170736,4.3,QB,67.24,10,1.036,64.9,10,62.2,5.039999999999992,4.54,,,,,,,,,,,,,,,,,,,,,,,,,,,,,,,,,,,,,,,,,,,,,,,,,,73,5,,,,,,,
NO,NO DST,NO,,,,,6.0,,,,,28.0,10,,,,,,,,,,,,,DST,68.26,7,1.006,67.85,7,62.25,6.010000000000005,4.51,,,,,,,,,,,,,,,,,,,,,,,,,,,,,,,,,,,,,,,,6.0,,12.0,2.8,1.2,0.09032258064516129,0.014833127317676144,20.4,-0.13789554315841843,,74,5,,,,,,,
00-0036158,J.Dobbins,DEN,,,,,,,330.0,0.0,39.4,,4,,,,82.5,,,,,,,,,RB,70.55,24,1.0252000000000001,68.82,23,66.49,4.060000000000002,4.47,62.0,5.0,5.0,14.0,0.0,15.5,1.25,1.25,3.5,5.32258064516129,2.8,1.0,0.7826216125448862,0.2944444444444444,0.6562770964944878,3.0,,,,,,,,,,,,,,,,,,,,,,,,,,,,,,,,,,75,5,,,,,,,
ROOKIE_Jeremiyah_Love,Jeremiyah Love,ARI,,,,,,,,,,,0,,,,,,,,,,,,,RB,70.3,999,,,24,66.49,3.8100000000000023,4.19,,,,,,,,,,,,,,,,,,,,,,,,,,,,,,,,,,,,,,,,,,,,,,,,,,76,4,1.0,3.0,72.0,RB1,high,True,Pick 3 overall; elite draft capital for RB rare in modern NFL; immediate starter; ARI bad offense but Love gets all the work; CMC comp athletically; workhorse role locked; bad team hurts value but touches will be massive
00-0040129,E.Egbuka,TB,,,,,,,,,87.1,,10,,,,,,,,,,,,,WR,75.06,21,1.0,75.06,19,70.99,4.070000000000007,4.07,,82.0,35.0,461.0,1.0,,8.2,,46.1,,,0.4268292682926829,,,,,0.40161648818279827,175.0,0.6601802279497286,5.0,0.3779323577072373,11.890243902439025,975.0,0.4728205128205128,,,,,,,,,,,,,,,,,,,,,,,,,,77,5,,,,,,,
00-0039409,C.Little,JAX,,,,,,,,,,,9,,,,,,,,,,,,,K,64.21,7,0.9640000000000001,66.61,9,58.62,5.589999999999996,3.91,,,,,,,,,,,,,,,,,,,,,,,,,,,,,19.0,18.0,5.0,5.0,6.0,5.0,0.9473684210526315,1.0,0.8333333333333334,2.111111111111111,32.0,,,,,,,,,,,78,5,,,,,,,
00-0040128,T.Warren,IND,,,,,,,,,102.3,,10,,,,,,,,,,,,,TE,82.86,8,0.9904000000000001,83.66,10,79.18,3.6799999999999926,3.86,,65.0,42.0,421.0,3.0,,6.5,,42.1,,,0.6461538461538462,,,,,,263.0,0.4083833383119903,,0.20744689484650553,,,,,13.0,8.0,6.476923076923077,,,,,,,,,,,,,,,,,,,,,,79,5,,,,,,,
00-0039338,B.Bowers,LV,,,,,,,,,132.7,,8,,,,,,,,,,,,,TE,82.79,3,0.9136,90.62,11,79.18,3.6099999999999994,3.79,,59.0,45.0,455.0,7.0,,7.375,,56.875,,,0.7627118644067796,,,,,,171.0,0.5639548224664227,,0.2353717116217116,,,,,14.0,8.0,7.711864406779661,,,,,,,,,,,,,,,,,,,,,,80,5,,,,,,,
00-0038124,C.Watson,GB,,,,,,,,,132.4,,10,,,,,,,,,,,,,WR,74.77,27,1.054,70.94,20,70.99,3.780000000000001,3.78,,55.0,35.0,611.0,6.0,,5.5,,61.1,,,0.6363636363636364,,,,,0.3595937311006016,118.0,0.5546975353940239,3.3714285714285714,0.3162058667167026,17.763636363636362,977.0,0.6253838280450358,,,,,,,,,,,,,,,,,,,,,,,,,,81,5,,,,,,,
00-0037224,C.Dicker,LAC,,,,,,,,,,,10,,,,,,,,,,,,,K,63.58,11,1.0072,63.13,10,58.62,4.960000000000001,3.47,,,,,,,,,,,,,,,,,,,,,,,,,,,,,26.0,23.0,11.0,10.0,5.0,4.0,0.8846153846153846,0.9090909090909091,0.8,2.6,24.0,,,,,,,,,,,82,5,,,,,,,
00-0034796,L.Jackson,BAL,206.0,113.0,1442.0,9.0,5.0,34.0,182.0,1.0,112.88,18.0,8,25.75,180.25,4.25,22.75,14.11,7.0,0.5485436893203883,0.043689320388349516,0.024271844660194174,224.0,0.5039285714285714,3.025,QB,66.0,13,1.108,59.57,11,62.2,3.799999999999997,3.42,,,,,,,,,,,,,,,,,,,,,,,,,,,,,,,,,,,,,,,,,,,,,,,,,,83,5,,,,,,,
00-0036259,J.Jennings,SF,,,,,,,,,142.20000000000002,,10,,,,,,,,,,,,,WR,74.35,28,1.0648,69.83,21,70.99,3.3599999999999994,3.36,,64.0,41.0,472.0,9.0,,6.4,,47.2,,,0.640625,,,,,0.28917361756630855,103.0,0.5338954876888496,2.5121951219512195,0.49062749342161105,10.403225806451612,645.0,0.7317829457364341,,,,,,,,,,,,,,,,,,,,,,,,,,84,5,,,,,,,
00-0037744,T.McBride,ARI,,,,,,,,,218.70000000000002,,10,,,,,,,,,,,,,TE,82.16,2,0.904,90.88,12,79.18,2.9799999999999898,3.13,,109.0,82.0,827.0,9.0,,10.9,,82.7,,,0.7522935779816514,,,,,,396.0,0.6069339032472887,,0.2837916949304986,,,,,24.0,5.0,7.587155963302752,,,,,,,,,,,,,,,,,,,,,,85,6,,,,,,,
00-0031381,D.Adams,LA,,,,,,,,,139.3,,8,,,,,,,,,,,,,WR,74.09,34,1.108,66.87,22,70.99,3.1000000000000085,3.1,,59.0,34.0,393.0,11.0,,7.375,,49.125,,,0.576271186440678,,,,,0.34780993625584,48.0,0.5904714997239648,1.411764705882353,0.3833301083591331,13.152542372881356,776.0,0.5064432989690721,,,,,,,,,,,,,,,,,,,,,,,,,,86,6,,,,,,,
00-0037238,D.London,ATL,,,,,,,,,95.39999999999999,,6,,,,,,,,,,,,,WR,73.97,18,0.9460000000000001,78.19,23,70.99,2.980000000000004,2.98,,52.0,30.0,414.0,4.0,,8.666666666666666,,69.0,,,0.5769230769230769,,,,,0.3670421975410966,89.0,0.6772633570405783,2.966666666666667,0.555823977650603,11.411764705882353,582.0,0.711340206185567,,,,,,,,,,,,,,,,,,,,,,,,,,87,6,,,,,,,
00-0035689,D.Knox,BUF,,,,,,,,,71.0,,10,,,,,,,,,,,,,TE,81.95,15,1.0672000000000001,76.79,13,79.18,2.769999999999996,2.91,,36.0,27.0,320.0,2.0,,3.6,,32.0,,,0.75,,,,,,139.0,0.3056189074153705,,0.12768958720971757,,,,,10.0,8.0,8.88888888888889,,,,,,,,,,,,,,,,,,,,,,88,6,,,,,,,
MIA,MIA DST,MIA,,,,,8.0,,,,,27.0,10,,,,,,,,,,,,,DST,65.11,11,1.06,61.42,8,62.25,2.8599999999999994,2.14,,,,,,,,,,,,,,,,,,,,,,,,,,,,,,,,,,,,,,,,5.0,,13.0,2.7,1.3,0.07780979827089338,0.016602809706257982,21.2,0.031030293150517682,,89,6,,,,,,,
00-0039391,K.Vidal,LAC,,,,,,,489.0,3.0,90.2,,9,,,,54.333333333333336,,,,,,,,,RB,68.24,26,1.0084,67.67,25,66.49,1.75,1.93,130.0,16.0,11.0,123.0,0.0,14.444444444444445,1.7777777777777777,1.2222222222222223,13.666666666666666,3.7615384615384615,11.181818181818182,0.6875,0.6032514810292589,0.7015873015873015,0.6003011058261909,6.0,,,,,,,,,,,,,,,,,,,,,,,,,,,,,,,,,,90,6,,,,,,,
00-0037664,A.Pierce,IND,,,,,,,,,121.2,,10,,,,,,,,,,,,,WR,72.79,24,0.9892000000000001,73.58,24,70.99,1.8000000000000114,1.8,,60.0,32.0,652.0,4.0,,6.0,,65.2,,,0.5333333333333333,,,,,0.4262920551360173,115.0,0.5705664054130465,3.59375,0.3170219048237624,18.933333333333334,1136.0,0.573943661971831,,,,,,,,,,,,,,,,,,,,,,,,,,91,6,,,,,,,
00-0036613,J.Waddle,MIA,,,,,,,,,107.8,,10,,,,,,,,,,,,,WR,72.78,6,0.892,81.59,25,70.99,1.7900000000000063,1.79,,60.0,35.0,520.0,3.0,,6.0,,52.0,,,0.5833333333333334,,,,,0.49314387308658975,149.0,0.707319008365117,4.257142857142857,0.49160117660117664,14.283333333333333,857.0,0.6067677946324388,,,,,,,,,,,,,,,,,,,,,,,,,,92,6,,,,,,,
00-0037228,J.Warren,PIT,,,,,,,708.0,6.0,149.5,,11,,,,64.36363636363636,,,,,,,,,RB,67.97,25,1.0,67.97,26,66.49,1.480000000000004,1.63,143.0,26.0,22.0,147.0,1.0,13.0,2.3636363636363638,2.0,13.363636363636363,4.951048951048951,6.681818181818182,0.8461538461538461,0.649384927676084,0.32344877344877343,0.5690245936409619,8.0,,,,,,,,,,,,,,,,,,,,,,,,,,,,,,,,,,93,6,,,,,,,
JAX,JAX DST,JAX,,,,,11.0,,,,,23.0,10,,,,,,,,,,,,,DST,64.33,10,1.03,62.46,9,62.25,2.0799999999999983,1.56,,,,,,,,,,,,,,,,,,,,,,,,,,,,,,,,,,,,,,,,5.0,1.0,16.0,2.3,1.6,0.056790123456790124,0.019417475728155338,20.9,-0.14901010524598196,,94,6,,,,,,,
BUF,BUF DST,BUF,,,,,11.0,,,,,20.0,10,,,,,,,,,,,,,DST,64.11,8,0.958,66.92,10,62.25,1.8599999999999994,1.39,,,,,,,,,,,,,,,,,,,,,,,,,,,,,,,,,,,,,,,,5.0,,16.0,2.0,1.6,0.0664451827242525,0.02168021680216802,22.0,-0.15889790361675477,,95,6,,,,,,,
CAR,CAR DST,CAR,,,,,10.0,,,,,23.0,10,,,,,,,,,,,,,DST,63.8,12,1.054,60.53,11,62.25,1.5499999999999972,1.16,,,,,,,,,,,,,,,,,,,,,,,,,,,,,,,,,,,,,,,,4.0,,14.0,2.3,1.4,0.07165109034267912,0.017632241813602016,21.8,0.05060205872546544,,96,6,,,,,,,
00-0040730,R.Harvey,DEN,,,,,,,358.0,7.0,156.1,,10,,,,35.8,,,,,,,,,RB,67.46,30,1.0252000000000001,65.8,27,66.49,0.9699999999999989,1.07,99.0,36.0,30.0,243.0,4.0,9.9,3.6,3.0,24.3,3.6161616161616164,8.1,0.8333333333333334,0.49963955478870004,0.576388888888889,0.5232332872025525,9.0,,,,,,,,,,,,,,,,,,,,,,,,,,,,,,,,,,97,6,,,,,,,
00-0040124,T.McMillan,CAR,,,,,,,,,123.9,,10,,,,,,,,,,,,,WR,71.67,12,0.9028,79.39,26,70.99,0.6800000000000068,0.68,,68.0,39.0,549.0,5.0,,6.8,,54.9,,,0.5735294117647058,,,,,0.53995530581233,148.0,0.7663805132018074,3.7948717948717947,0.42047008547008546,11.455882352941176,779.0,0.7047496790757382,,,,,,,,,,,,,,,,,,,,,,,,,,98,6,,,,,,,
00-0036410,T.Higgins,CIN,,,,,,,,,146.6,,8,,,,,,,,,,,,,WR,71.47,31,1.0432000000000001,68.51,27,70.99,0.480000000000004,0.48,,55.0,35.0,576.0,9.0,,6.875,,72.0,,,0.6363636363636364,,,,,0.3189980448966214,107.0,0.4924854966448917,3.057142857142857,0.28915069696319695,13.74074074074074,742.0,0.7762803234501348,,,,,,,,,,,,,,,,,,,,,,,,,,99,6,,,,,,,
00-0036139,R.Dowdle,CAR,,,,,,,594.0,4.0,125.7,,10,,,,59.4,,,,,,,,,RB,66.92,19,0.9244,72.39,28,66.49,0.4300000000000068,0.47,148.0,33.0,25.0,173.0,0.0,14.8,3.3,2.5,17.3,4.013513513513513,6.92,0.7575757575757576,0.6561482334869432,0.5482142857142857,0.6408246035010741,4.0,,,,,,,,,,,,,,,,,,,,,,,,,,,,,,,,,,100,6,,,,,,,
00-0040200,A.Borregales,NE,,,,,,,,,,,9,,,,,,,,,,,,,K,59.27,13,1.0216,58.02,11,58.62,0.6500000000000057,0.46,,,,,,,,,,,,,,,,,,,,,,,,,,,,,21.0,18.0,9.0,6.0,1.0,1.0,0.8571428571428571,0.6666666666666666,1.0,2.3333333333333335,34.0,,,,,,,,,,,101,6,,,,,,,
00-0040784,Q.Judkins,CLE,,,,,,,446.0,5.0,102.5,,9,,,,49.55555555555556,,,,,,,,,RB,66.49,20,0.9496,70.02,29,66.49,0.0,0.0,147.0,24.0,17.0,109.0,0.0,16.333333333333332,2.6666666666666665,1.8888888888888888,12.11111111111111,3.0340136054421767,6.411764705882353,0.7083333333333334,0.785814290905035,0.38905723905723905,0.6955732901776747,8.0,,,,,,,,,,,,,,,,,,,,,,,,,,,,,,,,,,102,7,,,,,,,
00-0033873,P.Mahomes,KC,314.0,177.0,2073.0,11.0,9.0,25.0,201.0,1.0,144.02,24.0,8,39.25,259.125,3.125,25.125,18.0025,6.601910828025478,0.5636942675159236,0.03503184713375796,0.028662420382165606,338.0,0.426094674556213,3.2625,QB,62.2,15,1.072,58.02,12,62.2,0.0,0.0,,,,,,,,,,,,,,,,,,,,,,,,,,,,,,,,,,,,,,,,,,,,,,,,,,103,7,,,,,,,
00-0034753,M.Andrews,BAL,,,,,,,,,76.8,,10,,,,,,,,,,,,,TE,79.18,20,1.0864,72.88,14,79.18,0.0,0.0,,40.0,25.0,234.0,3.0,,4.0,,23.4,,,0.625,,,,,,59.0,0.3902427801632284,,0.17407273635909318,,,,,12.0,7.0,5.85,,,,,,,,,,,,,,,,,,,,,,104,7,,,,,,,
CHI,CHI DST,CHI,,,,,14.0,,,,,24.0,11,,,,,,,,,,,,,DST,62.25,9,0.982,63.39,12,62.25,0.0,0.0,,,,,,,,,,,,,,,,,,,,,,,,,,,,,,,,,,,,,,,,6.0,,20.0,2.1818181818181817,1.8181818181818181,0.0636604774535809,0.022935779816513763,23.181818181818183,-0.0015701614540075941,,105,7,,,,,,,
00-0036816,R.Patterson,MIA,,,,,,,,,,,9,,,,,,,,,,,,,K,58.62,10,0.928,63.17,12,58.62,0.0,0.0,,,,,,,,,,,,,,,,,,,,,,,,,,,,,20.0,19.0,6.0,6.0,2.0,2.0,0.95,1.0,1.0,2.2222222222222223,19.0,,,,,,,,,,,106,7,,,,,,,
00-0034348,C.Sutton,DEN,,,,,,,,,133.0,,10,,,,,,,,,,,,,WR,70.99,30,1.0324,68.76,28,70.99,0.0,0.0,,83.0,46.0,630.0,4.0,,8.3,,63.0,,,0.5542168674698795,,,,,0.3603486243363638,93.0,0.587152551172579,2.0217391304347827,0.35058454216348955,12.768292682926829,1047.0,0.6017191977077364,,,,,,,,,,,,,,,,,,,,,,,,,,107,7,,,,,,,
00-0031136,C.Boswell,PIT,,,,,,,,,,,8,,,,,,,,,,,,,K,58.56,12,1.0,58.56,13,58.62,-0.05999999999999517,-0.04,,,,,,,,,,,,,,,,,,,,,,,,,,,,,19.0,16.0,6.0,5.0,6.0,5.0,0.8421052631578947,0.8333333333333334,0.8333333333333334,2.375,28.0,,,,,,,,,,,108,7,,,,,,,
00-0033906,A.Kamara,NO,,,,,,,157.0,0.0,33.1,,5,,,,31.4,,,,,,,,,RB,66.44,28,0.9916,67.0,30,66.49,-0.04999999999999716,-0.05,48.0,13.0,11.0,64.0,0.0,9.6,2.6,2.2,12.8,3.2708333333333335,5.818181818181818,0.8461538461538461,0.7317948717948718,0.5744444444444444,0.6677976628634523,1.0,,,,,,,,,,,,,,,,,,,,,,,,,,,,,,,,,,109,7,,,,,,,
ATL,ATL DST,ATL,,,,,10.0,,,,,39.0,11,,,,,,,,,,,,,DST,62.16,13,1.03,60.35,13,62.25,-0.09000000000000341,-0.07,,,,,,,,,,,,,,,,,,,,,,,,,,,,,,,,,,,,,,,,4.0,,14.0,3.5454545454545454,1.2727272727272727,0.09582309582309582,0.01511879049676026,25.818181818181817,0.027535862844990718,,110,7,,,,,,,
00-0038559,M.Wilson,ARI,,,,,,,,,172.1,,10,,,,,,,,,,,,,WR,70.7,13,0.892,79.26,29,70.99,-0.28999999999999204,-0.29,,96.0,61.0,811.0,5.0,,9.6,,81.1,,,0.6354166666666666,,,,,0.36092511995215254,223.0,0.5980511591408081,3.6557377049180326,0.5058210530589047,11.589473684210526,1101.0,0.7366030881017257,,,,,,,,,,,,,,,,,,,,,,,,,,111,7,,,,,,,
00-0039915,L.McConkey,LAC,,,,,,,,,109.60000000000001,,10,,,,,,,,,,,,,WR,70.42,29,1.0108,69.67,30,70.99,-0.5699999999999932,-0.57,,63.0,38.0,476.0,4.0,,6.3,,47.6,,,0.6031746031746031,,,,,0.2829826054668679,199.0,0.5212638822237635,5.2368421052631575,0.3121816690199043,11.031746031746032,695.0,0.6848920863309352,,,,,,,,,,,,,,,,,,,,,,,,,,112,7,,,,,,,
00-0033077,D.Prescott,DAL,383.0,233.0,2865.0,17.0,7.0,26.0,138.0,1.0,195.4,24.0,10,38.3,286.5,2.6,13.8,19.54,7.48041775456919,0.608355091383812,0.044386422976501305,0.018276762402088774,407.0,0.4800982800982801,1.98,QB,61.42,11,0.9880000000000001,62.17,13,62.2,-0.7800000000000011,-0.7,,,,,,,,,,,,,,,,,,,,,,,,,,,,,,,,,,,,,,,,,,,,,,,,,,113,7,,,,,,,
00-0039498,H.Mevis,LA,,,,,,,,,,,5,,,,,,,,,,,,,K,56.58,14,1.072,52.78,14,58.62,-2.039999999999999,-1.43,,,,,,,,,,,,,,,,,,,,,,,,,,,,,10.0,9.0,4.0,3.0,1.0,1.0,0.9,0.75,1.0,2.0,35.0,,,,,,,,,,,114,7,,,,,,,
00-0038606,P.Washington,JAX,,,,,,,,,118.6,,9,,,,,,,,,,,,,WR,69.3,25,0.9460000000000001,73.26,31,70.99,-1.6899999999999977,-1.69,,62.0,40.0,605.0,3.0,,6.888888888888889,,67.22222222222223,,,0.6451612903225806,,,,,0.2770031737160109,174.0,0.5149349550807496,4.35,0.34319846320414665,12.721311475409836,776.0,0.779639175257732,,,,,,,,,,,,,,,,,,,,,,,,,,115,7,,,,,,,
00-0030061,Z.Ertz,WAS,,,,,,,,,67.2,,7,,,,,,,,,,,,,TE,77.55,16,1.0192,76.09,15,79.18,-1.6300000000000097,-1.71,,45.0,30.0,312.0,1.0,,6.428571428571429,,44.57142857142857,,,0.6666666666666666,,,,,,72.0,0.5086417823672391,,0.2131635301506587,,,,,4.0,3.0,6.933333333333334,,,,,,,,,,,,,,,,,,,,,,116,7,,,,,,,
00-0036442,J.Burrow,CIN,195.0,123.0,1384.0,14.0,4.0,9.0,22.0,0.0,109.56,10.0,5,39.0,276.8,1.8,4.4,21.912,7.097435897435897,0.6307692307692307,0.07179487179487179,0.020512820512820513,205.0,0.5344390243902439,0.44000000000000006,QB,60.27,17,1.048,57.51,14,62.2,-1.9299999999999997,-1.74,,,,,,,,,,,,,,,,,,,,,,,,,,,,,,,,,,,,,,,,,,,,,,,,,,117,7,,,,,,,
00-0039384,T.Tracy,NYG,,,,,,,563.0,2.0,112.10000000000001,,10,,,,56.3,,,,,,,,,RB,64.9,31,0.9916,65.45,31,66.49,-1.5899999999999892,-1.75,132.0,26.0,20.0,178.0,1.0,13.2,2.6,2.0,17.8,4.265151515151516,8.9,0.7692307692307693,0.5585573141455494,0.5416666666666667,0.5519136136767716,2.0,,,,,,,,,,,,,,,,,,,,,,,,,,,,,,,,,,118,7,,,,,,,
00-0040236,K.Monangai,CHI,,,,,,,690.0,5.0,122.10000000000001,,11,,,,62.72727272727273,,,,,,,,,RB,64.46,34,1.0252000000000001,62.88,32,66.49,-2.030000000000001,-2.23,142.0,23.0,13.0,101.0,0.0,12.909090909090908,2.090909090909091,1.1818181818181819,9.181818181818182,4.859154929577465,7.769230769230769,0.5652173913043478,0.479016628331375,0.43326118326118324,0.4758264960901288,11.0,,,,,,,,,,,,,,,,,,,,,,,,,,,,,,,,,,119,7,,,,,,,
00-0039868,T.Franklin,DEN,,,,,,,,,116.8,,10,,,,,,,,,,,,,WR,68.47,37,1.0324,66.32,32,70.99,-2.519999999999996,-2.52,,69.0,41.0,459.0,5.0,,6.9,,45.9,,,0.5942028985507246,,,,,0.31251725975144945,145.0,0.5122257033238581,3.5365853658536586,0.3130433659907344,14.865671641791044,996.0,0.4608433734939759,,,,,,,,,,,,,,,,,,,,,,,,,,120,7,,,,,,,
00-0039165,Z.Charbonnet,SEA,,,,,,,502.0,8.0,120.30000000000001,,10,,,,50.2,,,,,,,,,RB,64.19,37,1.0672000000000001,60.15,33,66.49,-2.299999999999997,-2.53,108.0,15.0,13.0,91.0,0.0,10.8,1.5,1.3,9.1,4.648148148148148,7.0,0.8666666666666667,0.42803456178709726,0.3638095238095238,0.42056568741239975,12.0,,,,,,,,,,,,,,,,,,,,,,,,,,,,,,,,,,121,7,,,,,,,
00-0037261,K.Shakir,BUF,,,,,,,,,100.8,,10,,,,,,,,,,,,,WR,68.46,43,1.0756000000000001,63.65,33,70.99,-2.530000000000001,-2.53,,63.0,47.0,418.0,2.0,,6.3,,41.8,,,0.746031746031746,,,,,0.08366203270179612,307.0,0.39907204908960586,6.531914893617022,0.4394658557816452,2.901639344262295,177.0,2.361581920903955,,,,,,,,,,,,,,,,,,,,,,,,,,122,7,,,,,,,
00-0026498,M.Stafford,LA,359.0,224.0,2764.0,32.0,6.0,4.0,10.0,0.0,233.56,11.0,10,35.9,276.4,0.4,1.0,23.356,7.6991643454039,0.6239554317548747,0.08913649025069638,0.016713091922005572,370.0,0.6312432432432432,0.1,QB,59.07,21,1.12,52.74,15,62.2,-3.1300000000000026,-2.82,,,,,,,,,,,,,,,,,,,,,,,,,,,,,,,,,,,,,,,,,,,,,,,,,,123,7,,,,,,,
00-0032268,M.Mariota,WAS,194.0,108.0,1332.0,8.0,6.0,36.0,243.0,0.0,103.58,13.0,8,24.25,166.5,4.5,30.375,12.9475,6.865979381443299,0.5567010309278351,0.041237113402061855,0.030927835051546393,207.0,0.5003864734299517,3.0375,QB,59.0,16,1.024,57.62,16,62.2,-3.200000000000003,-2.88,,,,,,,,,,,,,,,,,,,,,,,,,,,,,,,,,,,,,,,,,,,,,,,,,,124,7,,,,,,,
00-0033555,M.Hollins,NE,,,,,,,,,85.4,,9,,,,,,,,,,,,,WR,68.02,38,1.0324,65.89,34,70.99,-2.969999999999999,-2.97,,53.0,37.0,480.0,0.0,,5.888888888888889,,53.333333333333336,,,0.6981132075471698,,,,,0.2669921004299767,102.0,0.49415158245768087,2.7567567567567566,0.33249423053344623,13.660377358490566,724.0,0.6629834254143646,,,,,,,,,,,,,,,,,,,,,,,,,,125,7,,,,,,,
00-0040663,H.Fannin,CLE,,,,,,,,,128.6,,10,,,,,,,,,,,,,TE,76.18,11,0.9424,80.84,16,79.18,-3.0,-3.15,,70.0,44.0,477.0,5.0,,7.0,,47.7,,,0.6285714285714286,,,,,,223.0,0.5504041597707403,,0.25548012270503195,,,,,7.0,3.0,6.814285714285714,,,,,,,,,,,,,,,,,,,,,,126,7,,,,,,,
00-0039361,B.Irving,TB,,,,,,,266.0,1.0,55.7,,5,,,,53.2,,,,,,,,,RB,63.53,33,1.0,63.53,34,66.49,-2.9599999999999937,-3.26,76.0,14.0,10.0,71.0,1.0,15.2,2.8,2.0,14.2,3.5,7.1,0.7142857142857143,0.6793706293706293,0.4833333333333333,0.6559209912894123,0.0,,,,,,,,,,,,,,,,,,,,,,,,,,,,,,,,,,127,7,,,,,,,
00-0039894,X.Worthy,KC,,,,,,,,,71.1,,10,,,,,,,,,,,,,WR,67.72,44,1.0648,63.6,35,70.99,-3.269999999999996,-3.27,,51.0,29.0,387.0,0.0,,5.1,,38.7,,,0.5686274509803921,,,,,0.29419083779984456,138.0,0.4478769336482234,4.758620689655173,0.2802434346736406,12.490196078431373,637.0,0.6075353218210361,,,,,,,,,,,,,,,,,,,,,,,,,,128,7,,,,,,,
00-0033303,H.Butker,KC,,,,,,,,,,,8,,,,,,,,,,,,,K,53.92,16,1.0432000000000001,51.69,15,58.62,-4.699999999999996,-3.29,,,,,,,,,,,,,,,,,,,,,,,,,,,,,20.0,18.0,6.0,5.0,3.0,2.0,0.9,0.8333333333333334,0.6666666666666666,2.5,18.0,,,,,,,,,,,129,7,,,,,,,
00-0031588,S.Diggs,NE,,,,,,,,,132.3,,10,,,,,,,,,,,,,WR,67.43,40,1.0324,65.31,36,70.99,-3.559999999999988,-3.56,,62.0,50.0,583.0,4.0,,6.2,,58.3,,,0.8064516129032258,,,,,0.17516011167226142,187.0,0.4435714674354794,3.74,0.34379211202740617,8.612903225806452,534.0,1.091760299625468,,,,,,,,,,,,,,,,,,,,,,,,,,130,7,,,,,,,
00-0039373,A.Estime,NO,,,,,,,135.0,1.0,32.5,,4,,,,33.75,,,,,,,,,RB,63.24,32,0.9916,63.78,35,66.49,-3.249999999999993,-3.57,25.0,8.0,7.0,60.0,0.0,6.25,2.0,1.75,15.0,5.4,8.571428571428571,0.875,0.4299301242236025,0.6875,0.49463585434173674,0.0,,,,,,,,,,,,,,,,,,,,,,,,,,,,,,,,,,131,7,,,,,,,
00-0038933,D.Kincaid,BUF,,,,,,,,,51.6,,6,,,,,,,,,,,,,TE,75.64,21,1.0672000000000001,70.88,17,79.18,-3.5400000000000063,-3.72,,22.0,16.0,236.0,2.0,,3.6666666666666665,,39.333333333333336,,,0.7272727272727273,,,,,,117.0,0.36087914930408077,,0.13890132009697229,,,,,3.0,3.0,10.727272727272727,,,,,,,,,,,,,,,,,,,,,,132,7,,,,,,,
DEN,DEN DST,DEN,,,,,8.0,,,,,34.0,10,,,,,,,,,,,,,DST,57.11,15,0.982,58.16,14,62.25,-5.140000000000001,-3.86,,,,,,,,,,,,,,,,,,,,,,,,,,,,,,,,,,,,,,,,1.0,,9.0,3.4,0.9,0.08585858585858586,0.010575793184488837,21.3,-0.02545443935773265,,133,7,,,,,,,
00-0036407,J.Jeudy,CLE,,,,,,,,,74.5,,10,,,,,,,,,,,,,WR,67.04,26,0.9352,71.69,37,70.99,-3.9499999999999886,-3.95,,52.0,28.0,345.0,2.0,,5.2,,34.5,,,0.5384615384615384,,,,,0.37850030966516035,116.0,0.5629040401081618,4.142857142857143,0.43985569985569983,11.153846153846153,580.0,0.5948275862068966,,,,,,,,,,,,,,,,,,,,,,,,,,134,7,,,,,,,
BAL,BAL DST,BAL,,,,,10.0,,,,,20.0,10,,,,,,,,,,,,,DST,56.91,14,0.946,60.16,15,62.25,-5.340000000000003,-4.01,,,,,,,,,,,,,,,,,,,,,,,,,,,,,,,,,,,,,,,,8.0,,18.0,2.0,1.8,0.052083333333333336,0.02247191011235955,17.8,4.363960899849787e-05,,135,7,,,,,,,
00-0036919,K.Gainwell,PIT,,,,,,,351.0,1.0,139.4,,11,,,,31.90909090909091,,,,,,,,,RB,62.76,35,1.0,62.76,36,66.49,-3.729999999999997,-4.1,68.0,54.0,46.0,343.0,3.0,6.181818181818182,4.909090909090909,4.181818181818182,31.181818181818183,5.161764705882353,7.456521739130435,0.8518518518518519,0.28535038058863604,0.6651875901875902,0.3823893871847836,2.0,,,,,,,,,,,,,,,,,,,,,,,,,,,,,,,,,,136,7,,,,,,,
00-0037816,R.Doubs,GB,,,,,,,,,98.0,,11,,,,,,,,,,,,,WR,66.5,46,1.054,63.09,38,70.99,-4.489999999999995,-4.49,,58.0,37.0,490.0,2.0,,5.2727272727272725,,44.54545454545455,,,0.6379310344827587,,,,,0.2798449525304735,104.0,0.47078085002448733,2.810810810810811,0.3037562103281214,12.719298245614034,725.0,0.6758620689655173,,,,,,,,,,,,,,,,,,,,,,,,,,137,7,,,,,,,
00-0035719,D.Samuel,WAS,,,,,,,,,90.1,,9,,,,,,,,,,,,,WR,66.43,41,1.0216,65.03,39,70.99,-4.559999999999988,-4.56,,52.0,36.0,392.0,2.0,,5.777777777777778,,43.55555555555556,,,0.6923076923076923,,,,,0.10390699876457385,264.0,0.43566756970467885,7.333333333333333,0.3862026862026862,4.372549019607843,223.0,1.757847533632287,,,,,,,,,,,,,,,,,,,,,,,,,,138,7,,,,,,,
00-0035261,T.Pollard,TEN,,,,,,,672.0,3.0,115.2,,10,,,,67.2,,,,,,,,,RB,62.27,29,0.9412,66.16,37,66.49,-4.219999999999992,-4.64,136.0,24.0,19.0,110.0,0.0,13.6,2.4,1.9,11.0,4.9411764705882355,5.7894736842105265,0.7916666666666666,0.6707495755878109,0.3525,0.600945700197172,2.0,,,,,,,,,,,,,,,,,,,,,,,,,,,,,,,,,,139,7,,,,,,,
00-0039916,R.Pearsall,SF,,,,,,,,,36.300000000000004,,5,,,,,,,,,,,,,WR,66.35,50,1.0648,62.31,40,70.99,-4.640000000000001,-4.64,,24.0,16.0,201.0,0.0,,4.8,,40.2,,,0.6666666666666666,,,,,0.25174478405936207,49.0,0.4229486215688262,3.0625,0.34568627450980394,11.833333333333334,284.0,0.7077464788732394,,,,,,,,,,,,,,,,,,,,,,,,,,140,7,,,,,,,
00-0036945,J.Fields,NYJ,89.0,48.0,460.0,3.0,1.0,31.0,153.0,1.0,50.7,8.0,4,22.25,115.0,7.75,38.25,12.675,5.168539325842697,0.5393258426966292,0.033707865168539325,0.011235955056179775,97.0,0.522680412371134,5.325,QB,56.7,12,0.928,61.1,17,62.2,-5.5,-4.95,,,,,,,,,,,,,,,,,,,,,,,,,,,,,,,,,,,,,,,,,,,,,,,,,,141,7,,,,,,,
00-0035358,C.McLaughlin,TB,,,,,,,,,,,9,,,,,,,,,,,,,K,51.55,17,1.0,51.55,16,58.62,-7.07,-4.95,,,,,,,,,,,,,,,,,,,,,,,,,,,,,17.0,16.0,2.0,2.0,8.0,7.0,0.9411764705882353,1.0,0.875,1.8888888888888888,17.0,,,,,,,,,,,142,7,,,,,,,
00-0033923,K.Hunt,KC,,,,,,,410.0,5.0,91.7,,10,,,,41.0,,,,,,,,,RB,61.88,39,1.0504,58.91,38,66.49,-4.609999999999992,-5.07,109.0,13.0,8.0,67.0,1.0,10.9,1.3,0.8,6.7,3.761467889908257,8.375,0.6153846153846154,0.5412046158176189,0.4833333333333333,0.4922986814863245,10.0,,,,,,,,,,,,,,,,,,,,,,,,,,,,,,,,,,143,7,,,,,,,
00-0035535,D.Slayton,NYG,,,,,,,,,60.800000000000004,,8,,,,,,,,,,,,,WR,65.86,36,0.9892000000000001,66.58,41,70.99,-5.1299999999999955,-5.13,,37.0,21.0,338.0,1.0,,4.625,,42.25,,,0.5675675675675675,,,,,0.28532059337679344,109.0,0.44814662739572275,5.190476190476191,0.2841529474361955,15.305555555555555,551.0,0.6134301270417423,,,,,,,,,,,,,,,,,,,,,,,,,,144,7,,,,,,,
00-0035710,D.Jones,IND,221.0,132.0,1599.0,11.0,5.0,17.0,92.0,1.0,118.16,17.0,7,31.571428571428573,228.42857142857142,2.4285714285714284,13.142857142857142,16.88,7.235294117647059,0.5972850678733032,0.049773755656108594,0.02262443438914027,238.0,0.4964705882352941,2.1714285714285717,QB,56.11,18,0.9880000000000001,56.79,18,62.2,-6.090000000000003,-5.48,,,,,,,,,,,,,,,,,,,,,,,,,,,,,,,,,,,,,,,,,,,,,,,,,,145,7,,,,,,,
00-0039793,A.Barner,SEA,,,,,,,,,82.0,,10,,,,,,,,,,,,,TE,73.93,22,1.0768,68.66,18,79.18,-5.25,-5.51,,46.0,33.0,300.0,2.0,,4.6,,30.0,,,0.717391304347826,,,,,,175.0,0.2877824629193503,,0.1521765321135636,,,,,8.0,3.0,6.521739130434782,,,,,,,,,,,,,,,,,,,,,,146,7,,,,,,,
00-0033862,Z.Gonzalez,ATL,,,,,,,,,,,8,,,,,,,,,,,,,K,50.43,15,0.9640000000000001,52.31,17,58.62,-8.189999999999998,-5.73,,,,,,,,,,,,,,,,,,,,,,,,,,,,,18.0,15.0,7.0,7.0,8.0,6.0,0.8333333333333334,1.0,0.75,2.25,17.0,,,,,,,,,,,147,7,,,,,,,
00-0039847,T.Johnson,NYG,,,,,,,,,80.2,,9,,,,,,,,,,,,,TE,73.48,18,0.9904000000000001,74.19,19,79.18,-5.700000000000003,-5.99,,48.0,28.0,402.0,2.0,,5.333333333333333,,44.666666666666664,,,0.5833333333333334,,,,,,130.0,0.42649760235781553,,0.1888448873016148,,,,,5.0,2.0,8.375,,,,,,,,,,,,,,,,,,,,,,148,7,,,,,,,
00-0036252,M.Pittman,IND,,,,,,,,,116.7,,10,,,,,,,,,,,,,WR,64.83,39,0.9892000000000001,65.54,42,70.99,-6.159999999999997,-6.16,,70.0,50.0,487.0,3.0,,7.0,,48.7,,,0.7142857142857143,,,,,0.22282455452894756,150.0,0.4748121850770066,3.0,0.3600170933297868,7.898550724637682,545.0,0.8935779816513761,,,,,,,,,,,,,,,,,,,,,,,,,,149,7,,,,,,,
LA,LA DST,LA,,,,,11.0,,,,,22.0,10,,,,,,,,,,,,,DST,54.0,16,0.94,57.45,16,62.25,-8.25,-6.19,,,,,,,,,,,,,,,,,,,,,,,,,,,,,,,,,,,,,,,,3.0,,14.0,2.2,1.4,0.058823529411764705,0.017220172201722016,21.6,-0.06780185758740782,,150,7,,,,,,,
00-0031203,C.Santos,CHI,,,,,,,,,,,10,,,,,,,,,,,,,K,49.69,18,1.0216,48.64,18,58.62,-8.93,-6.25,,,,,,,,,,,,,,,,,,,,,,,,,,,,,23.0,19.0,9.0,7.0,3.0,2.0,0.8260869565217391,0.7777777777777778,0.6666666666666666,2.3,28.0,,,,,,,,,,,151,7,,,,,,,
00-0039923,J.McCarthy,MIN,198.0,102.0,1149.0,10.0,9.0,19.0,134.0,3.0,108.36,18.0,7,28.285714285714285,164.14285714285714,2.7142857142857144,19.142857142857142,15.48,5.803030303030303,0.5151515151515151,0.050505050505050504,0.045454545454545456,216.0,0.5016666666666667,4.485714285714286,QB,55.12,20,1.0,55.12,19,62.2,-7.080000000000005,-6.37,,,,,,,,,,,,,,,,,,,,,,,,,,,,,,,,,,,,,,,,,,,,,,,,,,152,7,,,,,,,
00-0040743,T.Shough,NO,315.0,198.0,2125.0,9.0,5.0,36.0,165.0,2.0,144.5,27.0,9,35.0,236.11111111111111,4.0,18.333333333333332,16.055555555555557,6.746031746031746,0.6285714285714286,0.02857142857142857,0.015873015873015872,342.0,0.42251461988304095,3.1666666666666665,QB,55.07,19,0.9880000000000001,55.74,20,62.2,-7.130000000000003,-6.42,,,,,,,,,,,,,,,,,,,,,,,,,,,,,,,,,,,,,,,,,,,,,,,,,,153,7,,,,,,,
00-0037256,R.White,TB,,,,,,,335.0,0.0,68.0,,10,,,,33.5,,,,,,,,,RB,60.56,36,1.0,60.56,39,66.49,-5.929999999999993,-6.52,71.0,27.0,23.0,115.0,0.0,7.1,2.7,2.3,11.5,4.71830985915493,5.0,0.8518518518518519,0.3355300023630332,0.5976984126984127,0.36816003453474744,4.0,,,,,,,,,,,,,,,,,,,,,,,,,,,,,,,,,,154,7,,,,,,,
00-0040735,L.Burden,CHI,,,,,,,,,88.10000000000001,,9,,,,,,,,,,,,,WR,64.26,51,1.0324,62.24,43,70.99,-6.72999999999999,-6.73,,44.0,33.0,471.0,1.0,,4.888888888888889,,52.333333333333336,,,0.75,,,,,0.16181633312841576,225.0,0.35143094343273457,6.818181818181818,0.2906880156880157,8.522727272727273,375.0,1.256,,,,,,,,,,,,,,,,,,,,,,,,,,155,7,,,,,,,
00-0037838,I.Likely,BAL,,,,,,,,,53.7,,8,,,,,,,,,,,,,TE,72.28,27,1.0864,66.53,20,79.18,-6.900000000000006,-7.25,,31.0,22.0,257.0,1.0,,3.875,,32.125,,,0.7096774193548387,,,,,,110.0,0.3320935074351141,,0.15057141883603653,,,,,6.0,2.0,8.290322580645162,,,,,,,,,,,,,,,,,,,,,,156,7,,,,,,,
00-0031408,M.Evans,TB,,,,,,,,,45.400000000000006,,4,,,,,,,,,,,,,WR,63.74,42,1.0,63.74,44,70.99,-7.249999999999993,-7.25,,32.0,14.0,194.0,2.0,,8.0,,48.5,,,0.4375,,,,,0.35784450089234654,14.0,0.6109256426032521,1.0,0.3001490918948224,14.4375,462.0,0.4199134199134199,,,,,,,,,,,,,,,,,,,,,,,,,,157,7,,,,,,,
00-0038041,J.Ferguson,DAL,,,,,,,,,90.1,,10,,,,,,,,,,,,,TE,72.23,19,0.9904000000000001,72.93,21,79.18,-6.950000000000003,-7.3,,50.0,37.0,290.0,4.0,,5.0,,29.0,,,0.74,,,,,,145.0,0.2638769037255672,,0.14034304511278195,,,,,16.0,9.0,5.8,,,,,,,,,,,,,,,,,,,,,,158,7,,,,,,,
00-0038935,B.Strange,JAX,,,,,,,,,60.400000000000006,,6,,,,,,,,,,,,,TE,72.18,17,0.9520000000000001,75.82,22,79.18,-7.0,-7.35,,30.0,20.0,284.0,2.0,,5.0,,47.333333333333336,,,0.6666666666666666,,,,,,118.0,0.3424427770214553,,0.16041550767357218,,,,,9.0,2.0,9.466666666666667,,,,,,,,,,,,,,,,,,,,,,159,7,,,,,,,
00-0034960,J.Meyers,JAX,,,,,,,,,106.5,,9,,,,,,,,,,,,,WR,63.32,33,0.9460000000000001,66.93,45,70.99,-7.669999999999995,-7.67,,61.0,41.0,462.0,3.0,,6.777777777777778,,51.333333333333336,,,0.6721311475409836,,,,,0.24049741118362794,128.0,0.5076763117534377,3.1219512195121952,0.3753473106414283,9.245901639344263,564.0,0.8191489361702128,,,,,,,,,,,,,,,,,,,,,,,,,,160,7,,,,,,,
00-0038994,J.Addison,MIN,,,,,,,,,102.8,,11,,,,,,,,,,,,,WR,62.78,47,1.0,62.78,46,70.99,-8.209999999999994,-8.21,,62.0,32.0,447.0,2.0,,5.636363636363637,,40.63636363636363,,,0.5161290322580645,,,,,0.3588425720487793,69.0,0.5345300905163771,2.15625,0.2949392197070215,14.32258064516129,888.0,0.5033783783783784,,,,,,,,,,,,,,,,,,,,,,,,,,161,7,,,,,,,
00-0033921,C.Godwin,TB,,,,,,,,,68.0,,6,,,,,,,,,,,,,WR,62.65,48,1.0,62.65,47,70.99,-8.339999999999996,-8.34,,37.0,26.0,300.0,2.0,,6.166666666666667,,50.0,,,0.7027027027027027,,,,,0.1607330012217969,181.0,0.4151857507859722,6.961538461538462,0.2772851642071656,5.527777777777778,199.0,1.5075376884422111,,,,,,,,,,,,,,,,,,,,,,,,,,162,7,,,,,,,
00-0039229,C.Smyth,NO,,,,,,,,,,,5,,,,,,,,,,,,,K,46.23,19,0.9928,46.57,19,58.62,-12.39,-8.67,,,,,,,,,,,,,,,,,,,,,,,,,,,,,14.0,11.0,5.0,3.0,5.0,4.0,0.7857142857142857,0.6,0.8,2.8,11.0,,,,,,,,,,,163,7,,,,,,,
00-0033908,C.Kupp,SEA,,,,,,,,,57.300000000000004,,9,,,,,,,,,,,,,WR,61.99,60,1.0864,57.06,48,70.99,-8.999999999999993,-9.0,,36.0,22.0,303.0,1.0,,4.0,,33.666666666666664,,,0.6111111111111112,,,,,0.15958963272943943,162.0,0.32517109531948474,7.363636363636363,0.22796942745230986,8.571428571428571,300.0,1.01,,,,,,,,,,,,,,,,,,,,,,,,,,164,7,,,,,,,
00-0033119,J.Brissett,ARI,446.0,266.0,2803.0,21.0,6.0,29.0,129.0,1.0,209.02,35.0,10,44.6,280.3,2.9,12.9,20.902,6.2847533632287,0.5964125560538116,0.04708520179372197,0.013452914798206279,481.0,0.4345530145530146,1.89,QB,51.54,14,0.88,58.57,21,62.2,-10.660000000000004,-9.59,,,,,,,,,,,,,,,,,,,,,,,,,,,,,,,,,,,,,,,,,,,,,,,,,,165,7,,,,,,,
00-0037252,G.Dulcich,MIA,,,,,,,,,58.7,,8,,,,,,,,,,,,,TE,70.05,14,0.904,77.49,23,79.18,-9.13000000000001,-9.59,,30.0,23.0,304.0,1.0,,3.75,,38.0,,,0.7666666666666667,,,,,,171.0,0.3003671439686536,,0.1590545903045903,,,,,7.0,3.0,10.133333333333333,,,,,,,,,,,,,,,,,,,,,,166,7,,,,,,,
00-0034827,D.Moore,CHI,,,,,,,,,120.68,,11,,,,,,,,,,,,,WR,61.25,54,1.0324,59.33,49,70.99,-9.739999999999995,-9.74,,56.0,30.0,452.0,5.0,,5.090909090909091,,41.09090909090909,,,0.5357142857142857,,,,,0.23523047856314105,114.0,0.4122346070286777,3.8,0.285579668400524,12.75,714.0,0.6330532212885154,,,,,,,,,,,,,,,,,,,,,,,,,,167,7,,,,,,,
PIT,PIT DST,PIT,,,,,9.0,,,,,25.0,11,,,,,,,,,,,,,DST,49.19,17,1.0,49.19,17,62.25,-13.060000000000002,-9.8,,,,,,,,,,,,,,,,,,,,,,,,,,,,,,,,,,,,,,,,7.0,1.0,16.0,2.272727272727273,1.4545454545454546,0.057736720554272515,0.017167381974248927,23.272727272727273,0.013943605498191226,,168,7,,,,,,,
00-0034084,M.Badgley,BUF,,,,,,,,,,,7,,,,,,,,,,,,,K,44.61,22,1.0504,42.47,20,58.62,-14.009999999999998,-9.81,,,,,,,,,,,,,,,,,,,,,,,,,,,,,11.0,10.0,4.0,4.0,3.0,2.0,0.9090909090909091,1.0,0.6666666666666666,1.5714285714285714,21.0,,,,,,,,,,,169,7,,,,,,,
00-0038544,Q.Johnston,LAC,,,,,,,,,84.8,,8,,,,,,,,,,,,,WR,61.1,52,1.0108,60.45,50,70.99,-9.889999999999993,-9.89,,44.0,25.0,358.0,4.0,,5.5,,44.75,,,0.5681818181818182,,,,,0.24243192347058118,90.0,0.4440814086656745,3.6,0.27960884835884836,11.5,506.0,0.7075098814229249,,,,,,,,,,,,,,,,,,,,,,,,,,170,7,,,,,,,
00-0033106,J.Goff,DET,387.0,234.0,2843.0,19.0,5.0,6.0,33.0,0.0,188.02,27.0,10,38.7,284.3,0.6,3.3,18.802,7.3462532299741605,0.6046511627906976,0.04909560723514212,0.012919896640826873,414.0,0.4541545893719807,0.33,QB,50.93,25,1.084,46.98,22,62.2,-11.270000000000003,-10.14,,,,,,,,,,,,,,,,,,,,,,,,,,,,,,,,,,,,,,,,,,,,,,,,,,171,7,,,,,,,
00-0026158,J.Flacco,CIN,219.0,129.0,1445.0,14.0,4.0,6.0,36.0,1.0,119.39999999999999,8.0,7,31.285714285714285,206.42857142857142,0.8571428571428571,5.142857142857143,17.057142857142857,6.598173515981735,0.589041095890411,0.0639269406392694,0.0182648401826484,227.0,0.5259911894273127,1.3714285714285714,QB,50.72,22,1.048,48.4,23,62.2,-11.480000000000004,-10.33,,,,,,,,,,,,,,,,,,,,,,,,,,,,,,,,,,,,,,,,,,,,,,,,,,172,7,,,,,,,
00-0038563,T.Tucker,LV,,,,,,,,,69.8,,10,,,,,,,,,,,,,WR,60.31,35,0.9028,66.8,51,70.99,-10.679999999999993,-10.68,,53.0,31.0,310.0,1.0,,5.3,,31.0,,,0.5849056603773585,,,,,0.2720191894255055,152.0,0.47469676691059987,4.903225806451613,0.415906862745098,9.283018867924529,492.0,0.6300813008130082,,,,,,,,,,,,,,,,,,,,,,,,,,173,7,,,,,,,
00-0036264,J.Love,GB,305.0,188.0,2122.0,14.0,4.0,20.0,118.0,0.0,148.68,12.0,10,30.5,212.2,2.0,11.8,14.868,6.9573770491803275,0.6163934426229508,0.04590163934426229,0.013114754098360656,317.0,0.4690220820189275,1.1800000000000002,QB,50.33,23,1.06,47.48,24,62.2,-11.870000000000005,-10.68,,,,,,,,,,,,,,,,,,,,,,,,,,,,,,,,,,,,,,,,,,,,,,,,,,174,7,,,,,,,
00-0039163,C.Stroud,HOU,267.0,157.0,1796.0,10.0,5.0,20.0,86.0,1.0,121.44,11.0,8,33.375,224.5,2.5,10.75,15.18,6.726591760299626,0.5880149812734082,0.03745318352059925,0.018726591760299626,278.0,0.4368345323741007,1.825,QB,50.28,24,1.06,47.43,25,62.2,-11.920000000000002,-10.73,,,,,,,,,,,,,,,,,,,,,,,,,,,,,,,,,,,,,,,,,,,,,,,,,,175,7,,,,,,,
00-0039849,M.Harrison,ARI,,,,,,,,,58.0,,6,,,,,,,,,,,,,WR,59.92,32,0.892,67.17,52,70.99,-11.069999999999993,-11.07,,40.0,19.0,270.0,2.0,,6.666666666666667,,45.0,,,0.475,,,,,0.32963208800063626,48.0,0.5135914508388869,2.526315789473684,0.4297385620915033,13.692307692307692,534.0,0.5056179775280899,,,,,,,,,,,,,,,,,,,,,,,,,,176,7,,,,,,,
00-0038558,D.Washington,PIT,,,,,,,,,59.2,,10,,,,,,,,,,,,,TE,68.55,23,1.0,68.55,24,79.18,-10.63000000000001,-11.16,,34.0,25.0,282.0,1.0,,3.4,,28.2,,,0.7352941176470589,,,,,,178.0,0.2495811327426491,,0.11208563211936844,,,,,7.0,4.0,8.294117647058824,,,,,,,,,,,,,,,,,,,,,,177,7,,,,,,,
00-0025565,N.Folk,NYJ,,,,,,,,,,,9,,,,,,,,,,,,,K,42.42,20,0.9568,44.34,21,58.62,-16.199999999999996,-11.34,,,,,,,,,,,,,,,,,,,,,,,,,,,,,17.0,16.0,4.0,4.0,3.0,2.0,0.9411764705882353,1.0,0.6666666666666666,1.8888888888888888,15.0,,,,,,,,,,,178,7,,,,,,,
00-0039424,D.Vele,NO,,,,,,,,,53.4,,6,,,,,,,,,,,,,WR,59.62,53,0.9892000000000001,60.27,53,70.99,-11.369999999999997,-11.37,,35.0,21.0,264.0,1.0,,5.833333333333333,,44.0,,,0.6,,,,,0.26083734576822953,27.0,0.45230278136242696,1.2857142857142858,0.32041889483065955,11.970588235294118,407.0,0.6486486486486487,,,,,,,,,,,,,,,,,,,,,,,,,,179,7,,,,,,,
00-0034829,M.Gesicki,CIN,,,,,,,,,53.3,,6,,,,,,,,,,,,,TE,67.64,28,1.0384,65.14,25,79.18,-11.540000000000006,-12.12,,24.0,18.0,233.0,2.0,,4.0,,38.833333333333336,,,0.75,,,,,,47.0,0.2834572713650502,,0.11352235990518722,,,,,4.0,2.0,9.708333333333334,,,,,,,,,,,,,,,,,,,,,,180,7,,,,,,,
00-0035192,J.Slye,TEN,,,,,,,,,,,10,,,,,,,,,,,,,K,41.3,21,0.9496,43.49,22,58.62,-17.32,-12.12,,,,,,,,,,,,,,,,,,,,,,,,,,,,,17.0,15.0,4.0,4.0,6.0,4.0,0.8823529411764706,1.0,0.6666666666666666,1.7,21.0,,,,,,,,,,,181,7,,,,,,,
DET,DET DST,DET,,,,,6.0,,,,,29.0,10,,,,,,,,,,,,,DST,46.05,18,0.958,48.07,18,62.25,-16.200000000000003,-12.15,,,,,,,,,,,,,,,,,,,,,,,,,,,,,,,,,,,,,,,,3.0,,9.0,2.9,0.9,0.07923497267759563,0.010501750291715286,25.5,-0.023788885350676595,,182,7,,,,,,,
ROOKIE_Carnell_Tate,Carnell Tate,TEN,,,,,,,,,,,0,,,,,,,,,,,,,WR,58.61,999,,,54,70.99,-12.379999999999995,-12.38,,,,,,,,,,,,,,,,,,,,,,,,,,,,,,,,,,,,,,,,,,,,,,,,,,183,7,1.0,4.0,68.0,WR1,high,True,Pick 4 overall; TEN rebuilding around Tate; Will Levis QB limits ceiling; true WR1 role from day 1; heavy target share expected; scheme fit matters; Ohio State WR track record solid; low team scoring context is the key risk
00-0040705,C.Dike,TEN,,,,,,,,,97.1,,10,,,,,,,,,,,,,WR,58.5,45,0.9244,63.28,55,70.99,-12.489999999999995,-12.49,,52.0,36.0,370.0,4.0,,5.2,,37.0,,,0.6923076923076923,,,,,0.20764369356556664,162.0,0.4002201524312531,4.5,0.32685079626256097,8.326923076923077,433.0,0.8545034642032333,,,,,,,,,,,,,,,,,,,,,,,,,,184,7,,,,,,,
00-0030279,K.Allen,LAC,,,,,,,,,95.5,,10,,,,,,,,,,,,,WR,58.42,56,1.0108,57.8,56,70.99,-12.569999999999993,-12.57,,58.0,41.0,425.0,2.0,,5.8,,42.5,,,0.7068965517241379,,,,,0.19802604516542313,107.0,0.4327360693258499,2.6097560975609757,0.2904149094590271,8.620689655172415,500.0,0.85,,,,,,,,,,,,,,,,,,,,,,,,,,185,7,,,,,,,
00-0039890,A.Mitchell,NYJ,,,,,,,,,69.2,,10,,,,,,,,,,,,,WR,58.31,49,0.9352,62.35,57,70.99,-12.679999999999993,-12.68,,58.0,26.0,316.0,2.0,,5.8,,31.6,,,0.4482758620689655,,,,,0.3818981572427551,33.0,0.5508956853411259,1.2692307692307692,0.306537398617894,14.275862068965518,828.0,0.38164251207729466,,,,,,,,,,,,,,,,,,,,,,,,,,186,7,,,,,,,
00-0036894,P.Freiermuth,PIT,,,,,,,,,89.9,,10,,,,,,,,,,,,,TE,66.73,26,1.0,66.73,26,79.18,-12.450000000000003,-13.07,,38.0,30.0,359.0,4.0,,3.8,,35.9,,,0.7894736842105263,,,,,,208.0,0.2650347539198654,,0.11845190018127054,,,,,7.0,2.0,9.447368421052632,,,,,,,,,,,,,,,,,,,,,,187,7,,,,,,,
00-0036972,M.Jones,SF,128.0,88.0,899.0,7.0,3.0,10.0,47.0,0.0,65.66,5.0,5,25.6,179.8,2.0,9.4,13.132,7.0234375,0.6875,0.0546875,0.0234375,133.0,0.4936842105263158,0.9400000000000001,QB,47.55,28,1.072,44.36,26,62.2,-14.650000000000006,-13.19,,,,,,,,,,,,,,,,,,,,,,,,,,,,,,,,,,,,,,,,,,,,,,,,,,188,7,,,,,,,
00-0039172,J.Bates,DET,,,,,,,,,,,10,,,,,,,,,,,,,K,39.71,25,1.0504,37.8,23,58.62,-18.909999999999997,-13.24,,,,,,,,,,,,,,,,,,,,,,,,,,,,,20.0,16.0,8.0,6.0,5.0,3.0,0.8,0.75,0.6,2.0,31.0,,,,,,,,,,,189,7,,,,,,,
00-0023853,M.Prater,BUF,,,,,,,,,,,6,,,,,,,,,,,,,K,39.41,26,1.0504,37.52,24,58.62,-19.21,-13.45,,,,,,,,,,,,,,,,,,,,,,,,,,,,,9.0,8.0,3.0,3.0,1.0,0.0,0.8888888888888888,1.0,0.0,1.5,29.0,,,,,,,,,,,190,7,,,,,,,
00-0029822,B.McManus,GB,,,,,,,,,,,8,,,,,,,,,,,,,K,39.17,24,1.036,37.81,25,58.62,-19.449999999999996,-13.61,,,,,,,,,,,,,,,,,,,,,,,,,,,,,20.0,16.0,5.0,3.0,3.0,1.0,0.8,0.6,0.3333333333333333,2.5,21.0,,,,,,,,,,,191,7,,,,,,,
00-0035269,M.Gay,SF,,,,,,,,,,,4,,,,,,,,,,,,,K,39.06,27,1.0432000000000001,37.44,26,58.62,-19.559999999999995,-13.69,,,,,,,,,,,,,,,,,,,,,,,,,,,,,9.0,7.0,2.0,2.0,2.0,0.0,0.7777777777777778,1.0,0.0,2.25,10.0,,,,,,,,,,,192,7,,,,,,,
00-0037157,Z.Knight,ARI,,,,,,,224.0,2.0,73.1,,8,,,,28.0,,,,,,,,,RB,54.0,38,0.916,58.95,40,66.49,-12.489999999999995,-13.74,68.0,28.0,20.0,127.0,1.0,8.5,3.5,2.5,15.875,3.2941176470588234,6.35,0.7142857142857143,0.5233954952585067,0.459672619047619,0.48730979366848937,5.0,,,,,,,,,,,,,,,,,,,,,,,,,,,,,,,,,,193,7,,,,,,,
TB,TB DST,TB,,,,,8.0,,,,,21.0,10,,,,,,,,,,,,,DST,43.6,19,1.0,43.6,19,62.25,-18.65,-13.99,,,,,,,,,,,,,,,,,,,,,,,,,,,,,,,,,,,,,,,,5.0,,13.0,2.1,1.3,0.05865921787709497,0.01683937823834197,24.6,0.05680143812703497,,194,7,,,,,,,
00-0040202,D.Neal,NO,,,,,,,197.0,2.0,59.1,,8,,,,24.625,,,,,,,,,RB,53.55,42,0.9916,54.0,41,66.49,-12.939999999999998,-14.23,55.0,19.0,17.0,104.0,0.0,6.875,2.375,2.125,13.0,3.581818181818182,6.117647058823529,0.8947368421052632,0.4158789532359326,0.4847222222222222,0.4519604253568069,2.0,,,,,,,,,,,,,,,,,,,,,,,,,,,,,,,,,,195,7,,,,,,,
00-0036898,D.Mills,HOU,156.0,86.0,856.0,5.0,1.0,9.0,46.0,1.0,63.84,8.0,4,39.0,214.0,2.25,11.5,15.96,5.487179487179487,0.5512820512820513,0.03205128205128205,0.00641025641025641,164.0,0.38926829268292684,2.6500000000000004,QB,46.32,29,1.06,43.7,27,62.2,-15.880000000000003,-14.29,,,,,,,,,,,,,,,,,,,,,,,,,,,,,,,,,,,,,,,,,,,,,,,,,,196,7,,,,,,,
00-0039738,B.Corum,LA,,,,,,,531.0,5.0,88.80000000000001,,10,,,,53.1,,,,,,,,,RB,53.31,45,1.084,49.18,42,66.49,-13.179999999999993,-14.5,103.0,6.0,4.0,17.0,0.0,10.3,0.6,0.4,1.7,5.155339805825243,4.25,0.6666666666666666,0.39070994623626204,0.14814814814814814,0.37246679500684077,11.0,,,,,,,,,,,,,,,,,,,,,,,,,,,,,,,,,,197,7,,,,,,,
00-0037545,R.Shaheed,SEA,,,,,,,,,75.3,,11,,,,,,,,,,,,,WR,56.43,65,1.0864,51.94,58,70.99,-14.559999999999995,-14.56,,55.0,32.0,369.0,0.0,,5.0,,33.54545454545455,,,0.5818181818181818,,,,,0.22236468585115512,88.0,0.39643129325770726,2.75,0.25353149546345133,11.981818181818182,659.0,0.5599393019726859,,,,,,,,,,,,,,,,,,,,,,,,,,198,7,,,,,,,
NE,NE DST,NE,,,,,5.0,,,,,18.0,10,,,,,,,,,,,,,DST,42.47,20,0.982,43.25,20,62.25,-19.78,-14.84,,,,,,,,,,,,,,,,,,,,,,,,,,,,,,,,,,,,,,,,5.0,1.0,10.0,1.8,1.0,0.052941176470588235,0.013210039630118891,19.0,-0.1541348559857434,,199,7,,,,,,,
00-0034869,S.Darnold,SEA,307.0,189.0,2309.0,15.0,11.0,15.0,53.0,0.0,146.66,18.0,10,30.7,230.9,1.5,5.3,14.666,7.521172638436482,0.6156351791530945,0.048859934853420196,0.035830618892508145,325.0,0.45126153846153844,0.53,QB,45.71,30,1.096,41.71,28,62.2,-16.490000000000002,-14.84,,,,,,,,,,,,,,,,,,,,,,,,,,,,,,,,,,,,,,,,,,,,,,,,,,200,7,,,,,,,
00-0038567,C.Ryland,ARI,,,,,,,,,,,7,,,,,,,,,,,,,K,37.06,23,0.928,39.94,27,58.62,-21.559999999999995,-15.09,,,,,,,,,,,,,,,,,,,,,,,,,,,,,19.0,13.0,4.0,2.0,6.0,3.0,0.6842105263157895,0.5,0.5,2.7142857142857144,20.0,,,,,,,,,,,201,7,,,,,,,
00-0034855,B.Mayfield,TB,354.0,198.0,1951.0,14.0,9.0,25.0,198.0,1.0,150.84,24.0,10,35.4,195.1,2.5,19.8,15.084,5.511299435028248,0.559322033898305,0.03954802259887006,0.025423728813559324,378.0,0.39904761904761904,2.58,QB,45.29,27,1.0,45.29,29,62.2,-16.910000000000004,-15.22,,,,,,,,,,,,,,,,,,,,,,,,,,,,,,,,,,,,,,,,,,,,,,,,,,202,7,,,,,,,
00-0039893,B.Thomas,JAX,,,,,,,,,59.900000000000006,,7,,,,,,,,,,,,,WR,55.57,55,0.9460000000000001,58.74,59,70.99,-15.419999999999995,-15.42,,38.0,21.0,324.0,1.0,,5.428571428571429,,46.285714285714285,,,0.5526315789473685,,,,,0.26871718770815706,65.0,0.43215271362317415,3.0952380952380953,0.25602265499963706,16.92105263157895,643.0,0.5038880248833593,,,,,,,,,,,,,,,,,,,,,,,,,,203,7,,,,,,,
ROOKIE_Jordyn_Tyson,Jordyn Tyson,NO,,,,,,,,,,,0,,,,,,,,,,,,,WR,55.43,999,,,60,70.99,-15.559999999999995,-15.56,,,,,,,,,,,,,,,,,,,,,,,,,,,,,,,,,,,,,,,,,,,,,,,,,,204,7,1.0,8.0,74.0,WR1,high,True,Pick 8; lands in New Orleans with Derek Carr; proven deep threat and RAC ability; WR1 opportunity immediately; Saints mid-tier offense; Oscar Delp TE also drafted - complementary not competitive; strong situation overall
00-0036040,J.Johnson,NO,,,,,,,,,119.2,,10,,,,,,,,,,,,,TE,64.35,29,0.9904000000000001,64.97,27,79.18,-14.830000000000013,-15.57,,60.0,48.0,592.0,2.0,,6.0,,59.2,,,0.8,,,,,,237.0,0.37815547405799693,,0.17949225948577913,,,,,3.0,0.0,9.866666666666667,,,,,,,,,,,,,,,,,,,,,,205,7,,,,,,,
00-0040134,P.Bryant,DEN,,,,,,,,,59.7,,8,,,,,,,,,,,,,WR,54.94,64,1.0324,53.22,61,70.99,-16.049999999999997,-16.05,,38.0,23.0,307.0,1.0,,4.75,,38.375,,,0.6052631578947368,,,,,0.15865751924149346,108.0,0.29772746236747905,4.695652173913044,0.21219526087947138,9.657894736842104,367.0,0.8365122615803815,,,,,,,,,,,,,,,,,,,,,,,,,,206,7,,,,,,,
00-0039901,K.Coleman,BUF,,,,,,,,,35.800000000000004,,5,,,,,,,,,,,,,WR,54.46,68,1.0756000000000001,50.63,62,70.99,-16.529999999999994,-16.53,,20.0,12.0,118.0,2.0,,4.0,,23.6,,,0.6,,,,,0.2189286483824299,38.0,0.360697258836645,3.1666666666666665,0.28349650349650346,11.8,236.0,0.5,,,,,,,,,,,,,,,,,,,,,,,,,,207,7,,,,,,,
00-0040736,M.Taylor,NYJ,,,,,,,,,48.2,,7,,,,,,,,,,,,,TE,63.27,25,0.9424,67.14,28,79.18,-15.910000000000004,-16.71,,36.0,23.0,192.0,1.0,,5.142857142857143,,27.428571428571427,,,0.6388888888888888,,,,,,79.0,0.3930795841279203,,0.1927399482238192,,,,,5.0,3.0,5.333333333333333,,,,,,,,,,,,,,,,,,,,,,208,7,,,,,,,
00-0035229,T.Hockenson,MIN,,,,,,,,,72.5,,10,,,,,,,,,,,,,TE,63.21,30,1.0,63.21,29,79.18,-15.970000000000006,-16.77,,42.0,32.0,285.0,2.0,,4.2,,28.5,,,0.7619047619047619,,,,,,137.0,0.29469436321146747,,0.15076882117549284,,,,,7.0,2.0,6.785714285714286,,,,,,,,,,,,,,,,,,,,,,209,7,,,,,,,
00-0036309,D.Mooney,ATL,,,,,,,,,62.4,,11,,,,,,,,,,,,,WR,54.22,59,0.9460000000000001,57.31,63,70.99,-16.769999999999996,-16.77,,49.0,22.0,344.0,1.0,,4.454545454545454,,31.272727272727273,,,0.4489795918367347,,,,,0.2771699258818482,60.0,0.42346757287751263,2.727272727272727,0.30171939734281417,15.346938775510203,752.0,0.4574468085106383,,,,,,,,,,,,,,,,,,,,,,,,,,210,7,,,,,,,
00-0038997,J.Downs,IND,,,,,,,,,74.4,,9,,,,,,,,,,,,,WR,54.22,63,0.9892000000000001,54.81,64,70.99,-16.769999999999996,-16.77,,50.0,28.0,281.0,3.0,,5.555555555555555,,31.22222222222222,,,0.56,,,,,0.18235625777913056,66.0,0.38633637025538825,2.357142857142857,0.3172166326965089,7.64,382.0,0.7356020942408377,,,,,,,,,,,,,,,,,,,,,,,,,,211,7,,,,,,,
00-0039032,T.Spears,TEN,,,,,,,220.0,2.0,91.6,,10,,,,22.0,,,,,,,,,RB,50.85,41,0.9412,54.03,43,66.49,-15.639999999999993,-17.2,60.0,39.0,34.0,236.0,0.0,6.0,3.9,3.4,23.6,3.6666666666666665,6.9411764705882355,0.8717948717948718,0.2925484042101689,0.6475,0.37108280551510153,2.0,,,,,,,,,,,,,,,,,,,,,,,,,,,,,,,,,,212,7,,,,,,,
00-0039146,J.Reed,GB,,,,,,,,,35.0,,4,,,,,,,,,,,,,WR,53.76,67,1.054,51.01,65,70.99,-17.229999999999997,-17.23,,17.0,16.0,162.0,0.0,,4.25,,40.5,,,0.9411764705882353,,,,,0.09388472517472511,71.0,0.3003116989266554,4.4375,0.2663992869875223,6.411764705882353,109.0,1.4862385321100917,,,,,,,,,,,,,,,,,,,,,,,,,,213,7,,,,,,,
00-0036924,M.Carter,ARI,,,,,,,229.0,0.0,65.30000000000001,,9,,,,25.444444444444443,,,,,,,,,RB,50.62,40,0.916,55.26,44,66.49,-15.869999999999997,-17.46,57.0,32.0,23.0,194.0,0.0,6.333333333333333,3.5555555555555554,2.5555555555555554,21.555555555555557,4.017543859649122,8.434782608695652,0.71875,0.3789523566484351,0.45383597883597887,0.41139866574649187,2.0,,,,,,,,,,,,,,,,,,,,,,,,,,,,,,,,,,214,7,,,,,,,
00-0038129,C.Otton,TB,,,,,,,,,74.2,,9,,,,,,,,,,,,,TE,62.45,32,1.0,62.45,30,79.18,-16.730000000000004,-17.57,,51.0,37.0,312.0,1.0,,5.666666666666667,,34.666666666666664,,,0.7254901960784313,,,,,,158.0,0.3225487792909464,,0.16462507178870092,,,,,4.0,2.0,6.117647058823529,,,,,,,,,,,,,,,,,,,,,,215,7,,,,,,,
NYG,NYG DST,NYG,,,,,4.0,,,,,26.0,10,,,,,,,,,,,,,DST,38.78,22,1.006,38.55,21,62.25,-23.47,-17.6,,,,,,,,,,,,,,,,,,,,,,,,,,,,,,,,,,,,,,,,4.0,,8.0,2.6,0.8,0.07878787878787878,0.009876543209876543,27.8,0.05354218742214203,,216,7,,,,,,,
00-0040242,J.Croskey-Merritt,WAS,,,,,,,432.0,4.0,70.9,,10,,,,43.2,,,,,,,,,RB,50.2,44,1.0168,49.37,45,66.49,-16.289999999999992,-17.92,103.0,5.0,3.0,7.0,0.0,10.3,0.5,0.3,0.7,4.194174757281553,2.3333333333333335,0.6,0.536914597195927,0.1792857142857143,0.4721170902643916,7.0,,,,,,,,,,,,,,,,,,,,,,,,,,,,,,,,,,217,7,,,,,,,
00-0040170,E.Ayomanor,TEN,,,,,,,,,59.900000000000006,,9,,,,,,,,,,,,,WR,53.06,57,0.9244,57.4,66,70.99,-17.929999999999993,-17.93,,45.0,21.0,269.0,2.0,,5.0,,29.88888888888889,,,0.4666666666666667,,,,,0.2625959420816601,70.0,0.4292987422304115,3.3333333333333335,0.30326016576016573,11.977777777777778,539.0,0.49907235621521334,,,,,,,,,,,,,,,,,,,,,,,,,,218,7,,,,,,,
00-0040130,J.Higgins,HOU,,,,,,,,,92.1,,11,,,,,,,,,,,,,WR,52.78,70,1.054,50.08,67,70.99,-18.209999999999994,-18.21,,54.0,30.0,381.0,4.0,,4.909090909090909,,34.63636363636363,,,0.5555555555555556,,,,,0.20607758181943733,85.0,0.36138843207113774,2.8333333333333335,0.2185071182354714,12.943396226415095,686.0,0.5553935860058309,,,,,,,,,,,,,,,,,,,,,,,,,,219,7,,,,,,,
TEN,TEN DST,TEN,,,,,2.0,,,,,31.0,10,,,,,,,,,,,,,DST,37.81,24,1.042,36.29,22,62.25,-24.439999999999998,-18.33,,,,,,,,,,,,,,,,,,,,,,,,,,,,,,,,,,,,,,,,3.0,1.0,5.0,3.1,0.5,0.09309309309309309,0.006273525721455458,27.6,0.1706896784136616,,220,7,,,,,,,
00-0038428,A.Szmyt,CLE,,,,,,,,,,,9,,,,,,,,,,,,,K,32.26,28,0.9568,33.72,28,58.62,-26.36,-18.45,,,,,,,,,,,,,,,,,,,,,,,,,,,,,14.0,13.0,4.0,3.0,3.0,3.0,0.9285714285714286,0.75,1.0,1.5555555555555556,16.0,,,,,,,,,,,221,7,,,,,,,
GB,GB DST,GB,,,,,5.0,,,,,22.0,11,,,,,,,,,,,,,DST,37.65,21,0.97,38.81,23,62.25,-24.6,-18.45,,,,,,,,,,,,,,,,,,,,,,,,,,,,,,,,,,,,,,,,5.0,,10.0,2.0,0.9090909090909091,0.06489675516224189,0.011376564277588168,22.0,0.08845122213022633,,222,7,,,,,,,
00-0035250,D.Singletary,NYG,,,,,,,329.0,4.0,88.0,,10,,,,32.9,,,,,,,,,RB,49.69,43,0.9916,50.11,46,66.49,-16.799999999999997,-18.48,86.0,16.0,16.0,151.0,0.0,8.6,1.6,1.6,15.1,3.8255813953488373,9.4375,1.0,0.3621834265951913,0.325,0.35761019584703796,9.0,,,,,,,,,,,,,,,,,,,,,,,,,,,,,,,,,,223,7,,,,,,,
IND,IND DST,IND,,,,,7.0,,,,,23.0,10,,,,,,,,,,,,,DST,37.57,23,1.006,37.35,24,62.25,-24.68,-18.51,,,,,,,,,,,,,,,,,,,,,,,,,,,,,,,,,,,,,,,,6.0,,13.0,2.3,1.3,0.0575,0.014925373134328358,25.8,0.09766644708345677,,224,7,,,,,,,
00-0037614,J.Metchie,NYJ,,,,,,,,,61.1,,8,,,,,,,,,,,,,WR,52.46,61,0.9352,56.09,68,70.99,-18.529999999999994,-18.53,,40.0,26.0,236.0,2.0,,5.0,,29.5,,,0.65,,,,,0.15649165313392255,116.0,0.36654596442088505,4.461538461538462,0.28366172441249843,6.25,250.0,0.944,,,,,,,,,,,,,,,,,,,,,,,,,,225,7,,,,,,,
00-0039150,B.Young,CAR,264.0,157.0,1595.0,11.0,5.0,28.0,167.0,1.0,125.50000000000001,17.0,9,29.333333333333332,177.22222222222223,3.111111111111111,18.555555555555557,13.944444444444446,6.041666666666667,0.5946969696969697,0.041666666666666664,0.01893939393939394,281.0,0.4466192170818506,2.522222222222222,QB,41.31,26,0.892,46.31,30,62.2,-20.89,-18.8,,,,,,,,,,,,,,,,,,,,,,,,,,,,,,,,,,,,,,,,,,,,,,,,,,226,7,,,,,,,
00-0035685,D.Montgomery,DET,,,,,,,340.0,4.0,82.1,,10,,,,34.0,,,,,,,,,RB,49.06,47,1.0588,46.34,47,66.49,-17.429999999999993,-19.17,85.0,18.0,14.0,101.0,0.0,8.5,1.8,1.4,10.1,4.0,7.214285714285714,0.7777777777777778,0.37535919874629553,0.2565873015873016,0.33230045009456777,8.0,,,,,,,,,,,,,,,,,,,,,,,,,,,,,,,,,,227,7,,,,,,,
00-0039491,J.Coker,CAR,,,,,,,,,73.7,,10,,,,,,,,,,,,,WR,51.78,58,0.9028,57.35,69,70.99,-19.209999999999994,-19.21,,38.0,27.0,347.0,2.0,,3.8,,34.7,,,0.7105263157894737,,,,,0.2064980924261229,99.0,0.3712263775639003,3.6666666666666665,0.25809116809116806,10.555555555555555,380.0,0.9131578947368421,,,,,,,,,,,,,,,,,,,,,,,,,,228,7,,,,,,,
00-0031610,D.Waller,MIA,,,,,,,,,43.0,,5,,,,,,,,,,,,,TE,60.84,24,0.904,67.3,31,79.18,-18.340000000000003,-19.26,,23.0,14.0,166.0,2.0,,4.6,,33.2,,,0.6086956521739131,,,,,,46.0,0.4666432861229099,,0.1895238095238095,,,,,4.0,2.0,7.217391304347826,,,,,,,,,,,,,,,,,,,,,,229,7,,,,,,,
00-0032569,W.Lutz,DEN,,,,,,,,,,,9,,,,,,,,,,,,,K,30.67,29,1.0216,30.02,29,58.62,-27.949999999999996,-19.56,,,,,,,,,,,,,,,,,,,,,,,,,,,,,19.0,16.0,2.0,1.0,4.0,2.0,0.8421052631578947,0.5,0.5,2.111111111111111,24.0,,,,,,,,,,,230,7,,,,,,,
00-0039074,D.Allen,LA,,,,,,,,,38.3,,8,,,,,,,,,,,,,TE,59.98,35,1.096,54.73,32,79.18,-19.20000000000001,-20.16,,23.0,17.0,153.0,1.0,,2.875,,19.125,,,0.7391304347826086,,,,,,119.0,0.13248872348878118,,0.08084860840419239,,,,,5.0,3.0,6.6521739130434785,,,,,,,,,,,,,,,,,,,,,,231,7,,,,,,,
00-0037837,C.Austin,PIT,,,,,,,,,35.800000000000004,,9,,,,,,,,,,,,,WR,50.01,71,1.0,50.01,70,70.99,-20.979999999999997,-20.98,,31.0,18.0,178.0,0.0,,3.4444444444444446,,19.77777777777778,,,0.5806451612903226,,,,,0.16257063619755463,83.0,0.28278074741728176,4.611111111111111,0.2410129850274329,8.0,248.0,0.717741935483871,,,,,,,,,,,,,,,,,,,,,,,,,,232,7,,,,,,,
00-0037809,C.Okonkwo,TEN,,,,,,,,,77.0,,10,,,,,,,,,,,,,TE,58.94,31,0.9328000000000001,63.19,33,79.18,-20.24000000000001,-21.25,,44.0,31.0,340.0,2.0,,4.4,,34.0,,,0.7045454545454546,,,,,,183.0,0.2778597429791318,,0.14313923915239704,,,,,4.0,2.0,7.7272727272727275,,,,,,,,,,,,,,,,,,,,,,233,7,,,,,,,
00-0039880,M.Washington,MIA,,,,,,,,,71.9,,10,,,,,,,,,,,,,WR,49.35,62,0.892,55.33,71,70.99,-21.639999999999993,-21.64,,36.0,27.0,242.0,2.0,,3.6,,24.2,,,0.75,,,,,0.12628135865388665,163.0,0.30932099310245237,6.037037037037037,0.29106615606615605,6.111111111111111,220.0,1.1,,,,,,,,,,,,,,,,,,,,,,,,,,234,7,,,,,,,
00-0038359,X.Smith,LA,,,,,,,,,42.1,,8,,,,,,,,,,,,,WR,49.23,77,1.108,44.43,72,70.99,-21.759999999999998,-21.76,,21.0,16.0,261.0,0.0,,2.625,,32.625,,,0.7619047619047619,,,,,0.12379412704971307,107.0,0.2071943199719256,6.6875,0.1352151709301477,15.80952380952381,332.0,0.786144578313253,,,,,,,,,,,,,,,,,,,,,,,,,,235,7,,,,,,,
00-0033787,J.Elliott,PHI,,,,,,,,,,,10,,,,,,,,,,,,,K,27.21,30,1.0432000000000001,26.08,30,58.62,-31.409999999999997,-21.99,,,,,,,,,,,,,,,,,,,,,,,,,,,,,20.0,13.0,9.0,6.0,5.0,1.0,0.65,0.6666666666666666,0.2,2.0,24.0,,,,,,,,,,,236,7,,,,,,,
00-0038797,E.Wilson,GB,,,,,,,368.0,3.0,71.0,,11,,,,33.45454545454545,,,,,,,,,RB,46.22,51,1.042,44.36,48,66.49,-20.269999999999996,-22.3,89.0,13.0,10.0,62.0,0.0,8.090909090909092,1.1818181818181819,0.9090909090909091,5.636363636363637,4.134831460674158,6.2,0.7692307692307693,0.3481975440057404,0.2593795093795093,0.33680386590185357,4.0,,,,,,,,,,,,,,,,,,,,,,,,,,,,,,,,,,237,7,,,,,,,
00-0040676,C.Ward,TEN,364.0,209.0,2016.0,14.0,3.0,21.0,114.0,1.0,151.04000000000002,30.0,10,36.4,201.6,2.1,11.4,15.104000000000003,5.538461538461538,0.5741758241758241,0.038461538461538464,0.008241758241758242,394.0,0.38335025380710663,1.7399999999999998,QB,37.32,31,0.916,40.74,31,62.2,-24.880000000000003,-22.39,,,,,,,,,,,,,,,,,,,,,,,,,,,,,,,,,,,,,,,,,,,,,,,,,,238,7,,,,,,,
00-0040584,G.Helm,TEN,,,,,,,,,67.4,,10,,,,,,,,,,,,,TE,57.25,33,0.9328000000000001,61.37,34,79.18,-21.930000000000007,-23.03,,39.0,31.0,244.0,2.0,,3.9,,24.4,,,0.7948717948717948,,,,,,116.0,0.24965370624998062,,0.12101496660049291,,,,,6.0,3.0,6.256410256410256,,,,,,,,,,,,,,,,,,,,,,239,7,,,,,,,
00-0037197,I.Pacheco,KC,,,,,,,248.0,1.0,45.3,,7,,,,35.42857142857143,,,,,,,,,RB,45.51,52,1.0504,43.33,49,66.49,-20.979999999999997,-23.08,67.0,11.0,9.0,55.0,0.0,9.571428571428571,1.5714285714285714,1.2857142857142858,7.857142857142857,3.701492537313433,6.111111111111111,0.8181818181818182,0.4869752925093483,0.23724489795918366,0.47109754199162507,0.0,,,,,,,,,,,,,,,,,,,,,,,,,,,,,,,,,,240,7,,,,,,,
00-0032392,A.Hooper,NE,,,,,,,,,39.3,,7,,,,,,,,,,,,,TE,57.19,34,1.0288,55.59,35,79.18,-21.99000000000001,-23.09,,16.0,12.0,153.0,2.0,,2.2857142857142856,,21.857142857142858,,,0.75,,,,,,28.0,0.16663661202394908,,0.0765648290753014,,,,,3.0,3.0,9.5625,,,,,,,,,,,,,,,,,,,,,,241,7,,,,,,,
00-0038611,C.Rodriguez,WAS,,,,,,,330.0,5.0,66.2,,8,,,,41.25,,,,,,,,,RB,45.44,48,1.0168,44.69,50,66.49,-21.049999999999997,-23.15,73.0,3.0,2.0,12.0,0.0,9.125,0.375,0.25,1.5,4.52054794520548,6.0,0.6666666666666666,0.4057755533043257,0.09375,0.37310106164866286,9.0,,,,,,,,,,,,,,,,,,,,,,,,,,,,,,,,,,242,7,,,,,,,
00-0039739,R.Wilson,PIT,,,,,,,,,36.699999999999996,,7,,,,,,,,,,,,,WR,47.59,73,1.0,47.59,73,70.99,-23.39999999999999,-23.4,,18.0,10.0,147.0,2.0,,2.5714285714285716,,21.0,,,0.5555555555555556,,,,,0.1820707942710704,59.0,0.2533640951293003,5.9,0.18938500440048428,13.833333333333334,249.0,0.5903614457831325,,,,,,,,,,,,,,,,,,,,,,,,,,243,7,,,,,,,
00-0033955,J.McNichols,WAS,,,,,,,103.0,0.0,49.9,,10,,,,10.3,,,,,,,,,RB,45.18,50,1.0168,44.43,51,66.49,-21.309999999999995,-23.44,31.0,23.0,19.0,146.0,1.0,3.1,2.3,1.9,14.6,3.3225806451612905,7.684210526315789,0.8260869565217391,0.13846496016061233,0.7457142857142858,0.22940206041667813,2.0,,,,,,,,,,,,,,,,,,,,,,,,,,,,,,,,,,244,7,,,,,,,
00-0033110,T.Higbee,LA,,,,,,,,,24.8,,4,,,,,,,,,,,,,TE,56.84,37,1.096,51.86,36,79.18,-22.340000000000003,-23.46,,15.0,10.0,88.0,1.0,,3.75,,22.0,,,0.6666666666666666,,,,,,64.0,0.20948765388201915,,0.11828995201860477,,,,,4.0,2.0,5.866666666666666,,,,,,,,,,,,,,,,,,,,,,245,7,,,,,,,
00-0036415,V.Jefferson,TEN,,,,,,,,,52.1,,10,,,,,,,,,,,,,WR,47.51,66,0.9244,51.4,74,70.99,-23.479999999999997,-23.48,,42.0,21.0,251.0,1.0,,4.2,,25.1,,,0.5,,,,,0.23683618143315516,68.0,0.3715421119836778,3.238095238095238,0.25745244951127305,11.666666666666666,490.0,0.5122448979591837,,,,,,,,,,,,,,,,,,,,,,,,,,246,7,,,,,,,
00-0038679,T.Shavers,BUF,,,,,,,,,37.5,,6,,,,,,,,,,,,,WR,47.3,79,1.0756000000000001,43.98,75,70.99,-23.689999999999998,-23.69,,13.0,10.0,215.0,1.0,,2.1666666666666665,,35.833333333333336,,,0.7692307692307693,,,,,0.1439128820838152,43.0,0.2160767708395929,4.3,0.14063436563436563,13.923076923076923,181.0,1.1878453038674033,,,,,,,,,,,,,,,,,,,,,,,,,,247,7,,,,,,,
00-0040668,S.Sanders,CLE,207.0,109.0,1289.0,7.0,10.0,17.0,145.0,1.0,90.06,17.0,7,29.571428571428573,184.14285714285714,2.4285714285714284,20.714285714285715,12.865714285714287,6.2270531400966185,0.5265700483091788,0.033816425120772944,0.04830917874396135,224.0,0.40205357142857145,2.9285714285714284,QB,35.28,32,0.928,38.02,32,62.2,-26.92,-24.23,,,,,,,,,,,,,,,,,,,,,,,,,,,,,,,,,,,,,,,,,,,,,,,,,,248,7,,,,,,,
00-0031236,B.Cooks,BUF,,,,,,,,,26.5,,7,,,,,,,,,,,,,WR,46.7,80,1.0756000000000001,43.42,76,70.99,-24.289999999999992,-24.29,,19.0,11.0,155.0,0.0,,2.7142857142857144,,22.142857142857142,,,0.5789473684210527,,,,,0.25197660898336205,15.0,0.3109865729800304,1.3636363636363635,0.16740196078431374,17.31578947368421,329.0,0.47112462006079026,,,,,,,,,,,,,,,,,,,,,,,,,,249,7,,,,,,,
00-0038705,E.Demercado,ARI,,,,,,,193.0,0.0,35.3,,6,,,,32.166666666666664,,,,,,,,,RB,44.33,46,0.916,48.4,52,66.49,-22.159999999999997,-24.38,34.0,15.0,10.0,60.0,0.0,5.666666666666667,2.5,1.6666666666666667,10.0,5.676470588235294,6.0,0.6666666666666666,0.316008136980004,0.373015873015873,0.3322032288698955,0.0,,,,,,,,,,,,,,,,,,,,,,,,,,,,,,,,,,250,7,,,,,,,
00-0033881,E.Engram,DEN,,,,,,,,,57.9,,10,,,,,,,,,,,,,TE,55.66,36,1.0288,54.1,37,79.18,-23.52000000000001,-24.7,,48.0,30.0,279.0,0.0,,4.8,,27.9,,,0.625,,,,,,204.0,0.23634875011145037,,0.13332977377757246,,,,,8.0,1.0,5.8125,,,,,,,,,,,,,,,,,,,,,,251,7,,,,,,,
ROOKIE_Makai_Lemon,Makai Lemon,PHI,,,,,,,,,,,0,,,,,,,,,,,,,WR,46.26,999,,,77,70.99,-24.729999999999997,-24.73,,,,,,,,,,,,,,,,,,,,,,,,,,,,,,,,,,,,,,,,,,,,,,,,,,252,7,1.0,20.0,70.0,WR2,medium,True,Round 1 PHI; Eagles traded up; AJ Brown replacement/complement; Hurts elite QB; top-5 offense; Devonta Smith still present = WR2 competition; high floor if targets open up; PHI system great for WRs; exact pick# TBD R1
00-0040737,T.Ferguson,LA,,,,,,,,,49.0,,9,,,,,,,,,,,,,TE,55.5,39,1.096,50.64,38,79.18,-23.680000000000007,-24.86,,24.0,10.0,210.0,3.0,,2.6666666666666665,,23.333333333333332,,,0.4166666666666667,,,,,,37.0,0.21556078787010527,,0.07646114110765619,,,,,3.0,2.0,8.75,,,,,,,,,,,,,,,,,,,,,,253,7,,,,,,,
00-0039917,M.Penix,ATL,126.0,68.0,814.0,5.0,0.0,5.0,34.0,0.0,55.96,6.0,4,31.5,203.5,1.25,8.5,13.99,6.4603174603174605,0.5396825396825397,0.03968253968253968,0.0,132.0,0.42393939393939395,0.8500000000000001,QB,34.48,33,0.9400000000000001,36.68,33,62.2,-27.720000000000006,-24.95,,,,,,,,,,,,,,,,,,,,,,,,,,,,,,,,,,,,,,,,,,,,,,,,,,254,7,,,,,,,
KC,KC DST,KC,,,,,5.0,,,,,18.0,10,,,,,,,,,,,,,DST,28.85,25,0.964,29.93,25,62.25,-33.4,-25.05,,,,,,,,,,,,,,,,,,,,,,,,,,,,,,,,,,,,,,,,1.0,,6.0,1.8,0.6,0.05504587155963303,0.007751937984496124,19.0,0.0724468588218646,,255,7,,,,,,,
00-0033526,S.Perine,CIN,,,,,,,272.0,3.0,58.5,,8,,,,34.0,,,,,,,,,RB,43.72,53,1.0336,42.3,53,66.49,-22.769999999999996,-25.05,61.0,9.0,8.0,53.0,0.0,7.625,1.125,1.0,6.625,4.459016393442623,6.625,0.8888888888888888,0.33006056876933937,0.17822420634920635,0.2954670245002053,4.0,,,,,,,,,,,,,,,,,,,,,,,,,,,,,,,,,,256,7,,,,,,,
00-0039342,X.Legette,CAR,,,,,,,,,65.10000000000001,,10,,,,,,,,,,,,,WR,45.51,69,0.9028,50.41,78,70.99,-25.479999999999997,-25.48,,40.0,24.0,291.0,2.0,,4.0,,29.1,,,0.6,,,,,0.23896135084097309,60.0,0.38288128621584516,2.5,0.2315099715099715,11.2,448.0,0.6495535714285714,,,,,,,,,,,,,,,,,,,,,,,,,,257,7,,,,,,,
00-0028118,T.Taylor,NYJ,95.0,47.0,526.0,2.0,4.0,15.0,75.0,1.0,38.54,8.0,4,23.75,131.5,3.75,18.75,9.635,5.536842105263158,0.49473684210526314,0.021052631578947368,0.042105263157894736,103.0,0.3741747572815534,3.375,QB,33.78,34,0.928,36.4,34,62.2,-28.42,-25.58,,,,,,,,,,,,,,,,,,,,,,,,,,,,,,,,,,,,,,,,,,,,,,,,,,258,7,,,,,,,
00-0040729,J.Bech,LV,,,,,,,,,31.4,,7,,,,,,,,,,,,,WR,44.86,72,0.9028,49.69,79,70.99,-26.129999999999995,-26.13,,19.0,15.0,164.0,0.0,,2.7142857142857144,,23.428571428571427,,,0.7894736842105263,,,,,0.162904416659098,52.0,0.28338332126369903,3.466666666666667,0.23279220779220777,7.7894736842105265,148.0,1.1081081081081081,,,,,,,,,,,,,,,,,,,,,,,,,,259,7,,,,,,,
00-0035662,M.Brown,KC,,,,,,,,,50.1,,9,,,,,,,,,,,,,WR,44.74,85,1.0648,42.02,80,70.99,-26.249999999999993,-26.25,,24.0,16.0,221.0,2.0,,2.6666666666666665,,24.555555555555557,,,0.6666666666666666,,,,,0.14100749648885622,58.0,0.23467359325938345,3.625,0.1667088009879772,12.791666666666666,307.0,0.7198697068403909,,,,,,,,,,,,,,,,,,,,,,,,,,260,7,,,,,,,
00-0023459,A.Rodgers,PIT,330.0,201.0,2007.0,14.0,4.0,8.0,31.0,1.0,141.48000000000002,18.0,10,33.0,200.7,0.8,3.1,14.148000000000001,6.081818181818182,0.6090909090909091,0.04242424242424243,0.012121212121212121,348.0,0.4065517241379311,0.9099999999999999,QB,32.86,35,1.0,32.86,35,62.2,-29.340000000000003,-26.41,,,,,,,,,,,,,,,,,,,,,,,,,,,,,,,,,,,,,,,,,,,,,,,,,,261,7,,,,,,,
00-0040279,R.Fitzgerald,CAR,,,,,,,,,,,10,,,,,,,,,,,,,K,20.85,31,0.9352,22.29,31,58.62,-37.769999999999996,-26.44,,,,,,,,,,,,,,,,,,,,,,,,,,,,,17.0,14.0,6.0,5.0,1.0,0.0,0.8235294117647058,0.8333333333333334,0.0,1.7,15.0,,,,,,,,,,,262,7,,,,,,,
00-0038905,B.Grupe,IND,,,,,,,,,,,9,,,,,,,,,,,,,K,20.75,32,0.9928,20.9,32,58.62,-37.87,-26.51,,,,,,,,,,,,,,,,,,,,,,,,,,,,,15.0,12.0,3.0,2.0,4.0,3.0,0.8,0.6666666666666666,0.75,1.6666666666666667,13.0,,,,,,,,,,,263,7,,,,,,,
00-0037291,J.Nailor,MIN,,,,,,,,,59.8,,11,,,,,,,,,,,,,WR,44.39,78,1.0,44.39,81,70.99,-26.599999999999994,-26.6,,29.0,15.0,270.0,3.0,,2.6363636363636362,,24.545454545454547,,,0.5172413793103449,,,,,0.16017345310330836,62.0,0.25783210484795854,4.133333333333334,0.1506489851268911,14.137931034482758,410.0,0.6585365853658537,,,,,,,,,,,,,,,,,,,,,,,,,,264,7,,,,,,,
00-0038839,M.Tinsley,CIN,,,,,,,,,21.4,,5,,,,,,,,,,,,,WR,44.38,82,1.0432000000000001,42.54,82,70.99,-26.609999999999992,-26.61,,20.0,6.0,94.0,1.0,,4.0,,18.8,,,0.3,,,,,0.18645266874297908,11.0,0.2842092452366849,1.8333333333333333,0.18036744639376218,15.7,314.0,0.29936305732484075,,,,,,,,,,,,,,,,,,,,,,,,,,265,7,,,,,,,
ROOKIE_Fernando_Mendoza,Fernando Mendoza,LV,,,,,,,,,,,0,,,,,,,,,,,,,QB,32.62,999,,,36,62.2,-29.580000000000005,-26.62,,,,,,,,,,,,,,,,,,,,,,,,,,,,,,,,,,,,,,,,,,,,,,,,,,266,7,1.0,1.0,38.0,QB1,low,True,Pick 1 overall Raiders; full rebuild team; 5.5 win total; no fantasy value in redraft; dynasty only; Indiana system didn't prepare him for NFL complexity at scale; avoid in redraft
ROOKIE_Ty_Simpson,Ty Simpson,LA,,,,,,,,,,,0,,,,,,,,,,,,,QB,32.47,999,,,37,62.2,-29.730000000000004,-26.76,,,,,,,,,,,,,,,,,,,,,,,,,,,,,,,,,,,,,,,,,,,,,,,,,,267,7,1.0,13.0,45.0,QB1,medium,True,Pick 13 Rams; Rams highest win total 11.5 - elite offensive context; Alabama QB track record mixed in NFL; takes over elite skill position group; Cooper Kupp Puka Nacua etc; situation is exceptional; player question mark is the risk; monitor TC battle
00-0038979,C.Tillman,CLE,,,,,,,,,23.1,,7,,,,,,,,,,,,,WR,44.21,74,0.9352,47.27,83,70.99,-26.779999999999994,-26.78,,17.0,9.0,141.0,0.0,,2.4285714285714284,,20.142857142857142,,,0.5294117647058824,,,,,0.18923128503633913,37.0,0.2723011786038469,4.111111111111111,0.19251700680272107,14.764705882352942,251.0,0.5617529880478087,,,,,,,,,,,,,,,,,,,,,,,,,,268,7,,,,,,,
00-0038608,K.Boutte,NE,,,,,,,,,53.6,,7,,,,,,,,,,,,,WR,43.83,84,1.0324,42.45,84,70.99,-27.159999999999997,-27.16,,19.0,13.0,226.0,3.0,,2.7142857142857144,,32.285714285714285,,,0.6842105263157895,,,,,0.18369216846412934,14.0,0.27407029749271544,1.0769230769230769,0.15979109592554971,18.42105263157895,350.0,0.6457142857142857,,,,,,,,,,,,,,,,,,,,,,,,,,269,7,,,,,,,
CIN,CIN DST,CIN,,,,,7.0,,,,,18.0,10,,,,,,,,,,,,,DST,25.85,26,0.976,26.49,26,62.25,-36.4,-27.3,,,,,,,,,,,,,,,,,,,,,,,,,,,,,,,,,,,,,,,,6.0,,13.0,1.8,1.3,0.05454545454545454,0.016476552598225603,28.9,0.18499633411801314,,270,7,,,,,,,
00-0034775,C.Kirk,HOU,,,,,,,,,36.3,,7,,,,,,,,,,,,,WR,43.49,88,1.054,41.26,85,70.99,-27.499999999999993,-27.5,,34.0,17.0,133.0,1.0,,4.857142857142857,,19.0,,,0.5,,,,,0.09680783216897879,67.0,0.28957454058967425,3.9411764705882355,0.21829717663333964,6.088235294117647,207.0,0.642512077294686,,,,,,,,,,,,,,,,,,,,,,,,,,271,7,,,,,,,
00-0038393,D.Wicks,GB,,,,,,,,,50.9,,8,,,,,,,,,,,,,WR,43.33,89,1.054,41.11,86,70.99,-27.659999999999997,-27.66,,28.0,18.0,203.0,2.0,,3.5,,25.375,,,0.6428571428571429,,,,,0.1291784147078559,39.0,0.2782099428865862,2.1666666666666665,0.19579943620191298,9.464285714285714,265.0,0.7660377358490567,,,,,,,,,,,,,,,,,,,,,,,,,,272,7,,,,,,,
00-0036555,C.Hubbard,CAR,,,,,,,284.0,1.0,67.60000000000001,,10,,,,28.4,,,,,,,,,RB,41.23,49,0.9244,44.6,54,66.49,-25.259999999999998,-27.79,76.0,20.0,15.0,122.0,1.0,7.6,2.0,1.5,12.2,3.736842105263158,8.133333333333333,0.75,0.3230184331797235,0.43178571428571433,0.33773422002833764,1.0,,,,,,,,,,,,,,,,,,,,,,,,,,,,,,,,,,273,7,,,,,,,
00-0040782,I.Bond,CLE,,,,,,,,,25.700000000000003,,8,,,,,,,,,,,,,WR,42.93,76,0.9352,45.9,87,70.99,-28.059999999999995,-28.06,,16.0,6.0,181.0,0.0,,2.0,,22.625,,,0.375,,,,,0.2503423977227804,21.0,0.28389729001030317,3.5,0.19247835497835497,26.0625,417.0,0.434052757793765,,,,,,,,,,,,,,,,,,,,,,,,,,274,7,,,,,,,
00-0034272,M.Valdes-Scantling,PIT,,,,,,,,,15.6,,4,,,,,,,,,,,,,WR,42.51,83,1.0,42.51,88,70.99,-28.479999999999997,-28.48,,14.0,5.0,46.0,1.0,,3.5,,11.5,,,0.35714285714285715,,,,,0.21445768049727276,12.0,0.29619438097472717,2.4,0.201015406162465,13.5,189.0,0.24338624338624337,,,,,,,,,,,,,,,,,,,,,,,,,,275,7,,,,,,,
00-0037525,J.Mason,MIN,,,,,,,341.0,3.0,58.8,,10,,,,34.1,,,,,,,,,RB,40.59,54,1.0,40.59,55,66.49,-25.89999999999999,-28.49,76.0,5.0,5.0,17.0,0.0,7.6,0.5,0.5,1.7,4.4868421052631575,3.4,1.0,0.4057836250436869,0.09857142857142856,0.3573015873015873,3.0,,,,,,,,,,,,,,,,,,,,,,,,,,,,,,,,,,276,7,,,,,,,
00-0038619,A.Iosivas,CIN,,,,,,,,,66.30000000000001,,10,,,,,,,,,,,,,WR,42.43,93,1.0432000000000001,40.67,89,70.99,-28.559999999999995,-28.56,,38.0,23.0,304.0,2.0,,3.8,,30.4,,,0.6052631578947368,,,,,0.14953303816283198,66.0,0.25633216440098805,2.869565217391304,0.16413950502108396,11.710526315789474,445.0,0.6831460674157304,,,,,,,,,,,,,,,,,,,,,,,,,,277,7,,,,,,,
00-0038951,S.Tucker,TB,,,,,,,294.0,6.0,80.2,,10,,,,29.4,,,,,,,,,RB,40.28,55,1.0,40.28,56,66.49,-26.209999999999994,-28.83,72.0,8.0,5.0,38.0,1.0,7.2,0.8,0.5,3.8,4.083333333333333,7.6,0.625,0.29735521586701263,0.16063492063492063,0.2789762440140948,11.0,,,,,,,,,,,,,,,,,,,,,,,,,,,,,,,,,,278,7,,,,,,,
00-0035208,O.Zaccheaus,CHI,,,,,,,,,52.0,,9,,,,,,,,,,,,,WR,42.07,90,1.0324,40.75,90,70.99,-28.919999999999995,-28.92,,37.0,23.0,170.0,2.0,,4.111111111111111,,18.88888888888889,,,0.6216216216216216,,,,,0.10858883525985036,86.0,0.27225112374411015,3.739130434782609,0.22868017059193532,7.135135135135135,264.0,0.6439393939393939,,,,,,,,,,,,,,,,,,,,,,,,,,279,7,,,,,,,
00-0030564,D.Hopkins,BAL,,,,,,,,,28.200000000000003,,10,,,,,,,,,,,,,WR,41.73,97,1.0972000000000002,38.03,91,70.99,-29.259999999999998,-29.26,,24.0,13.0,152.0,0.0,,2.4,,15.2,,,0.5416666666666666,,,,,0.15259225194064147,36.0,0.26438960702493397,2.769230769230769,0.2111188811188811,11.833333333333334,284.0,0.5352112676056338,,,,,,,,,,,,,,,,,,,,,,,,,,280,7,,,,,,,
00-0037742,T.Burks,WAS,,,,,,,,,25.8,,7,,,,,,,,,,,,,WR,41.6,91,1.0216,40.72,92,70.99,-29.389999999999993,-29.39,,18.0,8.0,118.0,1.0,,2.5714285714285716,,16.857142857142858,,,0.4444444444444444,,,,,0.16066923734672164,25.0,0.2807359905437699,3.125,0.17135007849293563,14.0,252.0,0.46825396825396826,,,,,,,,,,,,,,,,,,,,,,,,,,281,7,,,,,,,
00-0032211,T.Lockett,LV,,,,,,,,,52.400000000000006,,10,,,,,,,,,,,,,WR,41.51,75,0.9028,45.98,93,70.99,-29.479999999999997,-29.48,,32.0,23.0,234.0,1.0,,3.2,,23.4,,,0.71875,,,,,0.15462146291994655,61.0,0.2726524815864201,2.652173913043478,0.24745469399881165,8.064516129032258,250.0,0.936,,,,,,,,,,,,,,,,,,,,,,,,,,282,7,,,,,,,
00-0035537,Ty.Johnson,BUF,,,,,,,106.0,2.0,68.9,,10,,,,10.6,,,,,,,,,RB,39.5,58,1.0588,37.31,57,66.49,-26.989999999999995,-29.69,26.0,24.0,20.0,203.0,1.0,2.6,2.4,2.0,20.3,4.076923076923077,10.15,0.8333333333333334,0.10495813149723401,0.37488095238095237,0.1610858182737978,3.0,,,,,,,,,,,,,,,,,,,,,,,,,,,,,,,,,,283,7,,,,,,,
00-0038621,D.Douglas,NE,,,,,,,,,58.4,,10,,,,,,,,,,,,,WR,41.24,94,1.0324,39.95,94,70.99,-29.749999999999993,-29.75,,23.0,19.0,317.0,1.0,,2.3,,31.7,,,0.8260869565217391,,,,,0.09892578814540352,135.0,0.18916603792914596,7.105263157894737,0.13722007839654898,12.08695652173913,278.0,1.1402877697841727,,,,,,,,,,,,,,,,,,,,,,,,,,284,7,,,,,,,
00-0038618,X.Hutchinson,HOU,,,,,,,,,49.1,,10,,,,,,,,,,,,,WR,41.02,95,1.054,38.92,95,70.99,-29.96999999999999,-29.97,,34.0,18.0,234.0,1.0,,3.4,,23.4,,,0.5294117647058824,,,,,0.12207849737816216,86.0,0.23210417973763672,4.777777777777778,0.16346282372598162,11.705882352941176,398.0,0.5879396984924623,,,,,,,,,,,,,,,,,,,,,,,,,,285,7,,,,,,,
00-0029604,K.Cousins,ATL,239.0,143.0,1512.0,10.0,4.0,7.0,15.0,1.0,103.98,9.0,8,29.875,189.0,0.875,1.875,12.9975,6.326359832635983,0.5983263598326359,0.04184100418410042,0.016736401673640166,248.0,0.41927419354838713,0.9375,QB,28.83,37,0.9400000000000001,30.67,38,62.2,-33.370000000000005,-30.03,,,,,,,,,,,,,,,,,,,,,,,,,,,,,,,,,,,,,,,,,,,,,,,,,,286,7,,,,,,,
00-0030565,G.Smith,LV,300.0,179.0,1675.0,13.0,7.0,19.0,40.0,0.0,116.0,37.0,9,33.333333333333336,186.11111111111111,2.111111111111111,4.444444444444445,12.88888888888889,5.583333333333333,0.5966666666666667,0.043333333333333335,0.023333333333333334,337.0,0.34421364985163205,0.4444444444444444,QB,28.76,36,0.892,32.24,39,62.2,-33.44,-30.1,,,,,,,,,,,,,,,,,,,,,,,,,,,,,,,,,,,,,,,,,,,,,,,,,,287,7,,,,,,,
00-0038454,K.Mitchell,BAL,,,,,,,331.0,1.0,58.900000000000006,,10,,,,33.1,,,,,,,,,RB,39.11,60,1.0756000000000001,36.36,58,66.49,-27.379999999999995,-30.12,54.0,11.0,8.0,58.0,1.0,5.4,1.1,0.8,5.8,6.12962962962963,7.25,0.7272727272727273,0.20782014610103855,0.25666666666666665,0.22184669236879295,0.0,,,,,,,,,,,,,,,,,,,,,,,,,,,,,,,,,,288,7,,,,,,,
ROOKIE_De'Zhaun_Stribling,De'Zhaun Stribling,SF,,,,,,,,,,,0,,,,,,,,,,,,,WR,40.4,999,,,96,70.99,-30.589999999999996,-30.59,,,,,,,,,,,,,,,,,,,,,,,,,,,,,,,,,,,,,,,,,,,,,,,,,,289,7,2.0,33.0,62.0,WR2,medium,True,Round 2 pick 33 49ers; lands in elite offensive system with Purdy; Brandon Aiyuk WR1 competition; Kaelon Black RB also drafted; SF scheme makes all WRs valuable; potential WR2 immediate; track YAC and route running metrics in preseason
ROOKIE_Kaelon_Black,Kaelon Black,SF,,,,,,,,,,,0,,,,,,,,,,,,,RB,38.55,999,,,59,66.49,-27.939999999999998,-30.73,,,,,,,,,,,,,,,,,,,,,,,,,,,,,,,,,,,,,,,,,,,,,,,,,,290,7,3.0,90.0,65.0,RB2,medium,True,Round 3 pick 90 49ers; Kyle Shanahan explicitly cited his traits in presser; SF RB factory scheme creates real value even for backup; Christian McCaffrey health history opens door; Shanahan quote is significant signal; buy in fantasy
00-0039451,I.Williams,NYJ,,,,,,,,,41.3,,8,,,,,,,,,,,,,WR,40.23,81,0.9352,43.02,97,70.99,-30.759999999999998,-30.76,,29.0,21.0,169.0,0.0,,3.625,,21.125,,,0.7241379310344828,,,,,0.04581481771299857,114.0,0.2181533648039901,5.428571428571429,0.2247831915246776,3.206896551724138,93.0,1.8172043010752688,,,,,,,,,,,,,,,,,,,,,,,,,,291,7,,,,,,,
ARI,ARI DST,ARI,,,,,6.0,,,,,18.0,10,,,,,,,,,,,,,DST,21.18,28,1.06,19.98,27,62.25,-41.07,-30.8,,,,,,,,,,,,,,,,,,,,,,,,,,,,,,,,,,,,,,,,6.0,,12.0,1.8,1.2,0.05732484076433121,0.014742014742014743,32.4,0.18806961489611718,,292,7,,,,,,,
00-0040398,B.Cook,NYJ,149.0,77.0,679.0,1.0,7.0,10.0,42.0,0.0,28.36,18.0,4,37.25,169.75,2.5,10.5,7.09,4.557046979865772,0.5167785234899329,0.006711409395973154,0.04697986577181208,167.0,0.16982035928143713,1.05,QB,27.89,38,0.928,30.05,40,62.2,-34.31,-30.88,,,,,,,,,,,,,,,,,,,,,,,,,,,,,,,,,,,,,,,,,,,,,,,,,,293,7,,,,,,,
00-0038104,T.Thornton,KC,,,,,,,,,22.6,,6,,,,,,,,,,,,,WR,39.89,98,1.0648,37.46,98,70.99,-31.099999999999994,-31.1,,12.0,6.0,166.0,0.0,,2.0,,27.666666666666668,,,0.5,,,,,0.24512660887053028,24.0,0.2627996360197253,4.0,0.0987909992372235,33.083333333333336,397.0,0.4181360201511335,,,,,,,,,,,,,,,,,,,,,,,,,,294,7,,,,,,,
SF,SF DST,SF,,,,,6.0,,,,,11.0,10,,,,,,,,,,,,,DST,20.77,27,0.964,21.55,28,62.25,-41.480000000000004,-31.11,,,,,,,,,,,,,,,,,,,,,,,,,,,,,,,,,,,,,,,,4.0,,10.0,1.1,1.0,0.0291005291005291,0.012531328320802004,23.0,0.12679576870384796,,295,7,,,,,,,
00-0036550,R.Bateman,BAL,,,,,,,,,24.400000000000002,,7,,,,,,,,,,,,,WR,39.49,101,1.0972000000000002,35.99,99,70.99,-31.499999999999993,-31.5,,18.0,8.0,104.0,1.0,,2.5714285714285716,,14.857142857142858,,,0.4444444444444444,,,,,0.1489308802044447,16.0,0.2614134573004547,2.0,0.20858189429618004,12.470588235294118,212.0,0.49056603773584906,,,,,,,,,,,,,,,,,,,,,,,,,,296,7,,,,,,,
00-0034791,N.Chubb,HOU,,,,,,,257.0,1.0,39.800000000000004,,10,,,,25.7,,,,,,,,,RB,37.58,61,1.042,36.07,60,66.49,-28.909999999999997,-31.8,64.0,10.0,6.0,21.0,0.0,6.4,1.0,0.6,2.1,4.015625,3.5,0.6,0.2742127825355948,0.2011904761904762,0.2638370286183073,3.0,,,,,,,,,,,,,,,,,,,,,,,,,,,,,,,,,,297,7,,,,,,,
00-0036427,T.Johnson,NYJ,,,,,,,,,27.400000000000002,,5,,,,,,,,,,,,,WR,39.11,87,0.9352,41.82,100,70.99,-31.879999999999995,-31.88,,11.0,8.0,134.0,1.0,,2.2,,26.8,,,0.7272727272727273,,,,,0.11054000177639785,35.0,0.20026861276668012,4.375,0.1722910216718266,12.181818181818182,134.0,1.0,,,,,,,,,,,,,,,,,,,,,,,,,,298,7,,,,,,,
00-0035644,N.Fant,CIN,,,,,,,,,52.6,,8,,,,,,,,,,,,,TE,48.63,42,1.0384,46.83,39,79.18,-30.550000000000004,-32.08,,22.0,17.0,176.0,3.0,,2.75,,22.0,,,0.7727272727272727,,,,,,112.0,0.1284226071827081,,0.0700666738330581,,,,,3.0,2.0,8.0,,,,,,,,,,,,,,,,,,,,,,299,7,,,,,,,
WAS,WAS DST,WAS,,,,,5.0,,,,,21.0,10,,,,,,,,,,,,,DST,19.28,29,0.988,19.51,29,62.25,-42.97,-32.23,,,,,,,,,,,,,,,,,,,,,,,,,,,,,,,,,,,,,,,,2.0,1.0,7.0,2.1,0.7,0.0625,0.008454106280193236,30.8,0.31973557948709785,,300,7,,,,,,,
00-0038115,D.Bellinger,NYG,,,,,,,,,32.300000000000004,,7,,,,,,,,,,,,,TE,48.44,40,0.9904000000000001,48.91,40,79.18,-30.74000000000001,-32.28,,17.0,10.0,163.0,1.0,,2.4285714285714284,,23.285714285714285,,,0.5882352941176471,,,,,,71.0,0.17531159735185556,,0.07646425863971504,,,,,4.0,1.0,9.588235294117647,,,,,,,,,,,,,,,,,,,,,,301,7,,,,,,,
00-0040131,K.Williams,NE,,,,,,,,,44.900000000000006,,8,,,,,,,,,,,,,WR,38.65,99,1.0324,37.44,101,70.99,-32.339999999999996,-32.34,,17.0,8.0,189.0,3.0,,2.125,,23.625,,,0.47058823529411764,,,,,0.1408346261202925,78.0,0.20558286941450188,9.75,0.11819487701840642,20.235294117647058,344.0,0.5494186046511628,,,,,,,,,,,,,,,,,,,,,,,,,,302,7,,,,,,,
00-0036290,C.Kmet,CHI,,,,,,,,,47.5,,10,,,,,,,,,,,,,TE,48.29,41,1.0288,46.94,41,79.18,-30.890000000000008,-32.43,,27.0,20.0,215.0,1.0,,2.7,,21.5,,,0.7407407407407407,,,,,,95.0,0.1975582958453026,,0.08974787361425293,,,,,3.0,1.0,7.962962962962963,,,,,,,,,,,,,,,,,,,,,,303,7,,,,,,,
00-0036196,G.Davis,BUF,,,,,,,,,15.8,,5,,,,,,,,,,,,,WR,38.53,102,1.0756000000000001,35.82,102,70.99,-32.459999999999994,-32.46,,11.0,7.0,88.0,0.0,,2.2,,17.6,,,0.6363636363636364,,,,,0.15729258948369446,19.0,0.22390354742001622,2.7142857142857144,0.1535923141186299,9.545454545454545,105.0,0.8380952380952381,,,,,,,,,,,,,,,,,,,,,,,,,,304,7,,,,,,,
00-0035359,D.Sills,ATL,,,,,,,,,45.1,,10,,,,,,,,,,,,,WR,38.49,92,0.9460000000000001,40.69,103,70.99,-32.49999999999999,-32.5,,33.0,16.0,171.0,2.0,,3.3,,17.1,,,0.48484848484848486,,,,,0.1549329423957016,46.0,0.2765577785126749,2.875,0.24354929770951445,11.030303030303031,364.0,0.4697802197802198,,,,,,,,,,,,,,,,,,,,,,,,,,305,7,,,,,,,
00-0039798,I.Davis,NYJ,,,,,,,202.0,1.0,53.7,,10,,,,20.2,,,,,,,,,RB,36.93,56,0.9496,38.89,61,66.49,-29.559999999999995,-32.52,35.0,19.0,14.0,135.0,0.0,3.5,1.9,1.4,13.5,5.771428571428571,9.642857142857142,0.7368421052631579,0.1678045238514346,0.3426190476190476,0.20967965757439438,0.0,,,,,,,,,,,,,,,,,,,,,,,,,,,,,,,,,,306,7,,,,,,,
DAL,DAL DST,DAL,,,,,4.0,,,,,20.0,10,,,,,,,,,,,,,DST,18.82,30,1.006,18.71,30,62.25,-43.43,-32.57,,,,,,,,,,,,,,,,,,,,,,,,,,,,,,,,,,,,,,,,2.0,1.0,6.0,2.0,0.6,0.05917159763313609,0.007575757575757576,29.3,0.16804361992979422,,307,7,,,,,,,
ROOKIE_KC_Concepcion,KC Concepcion,CLE,,,,,,,,,,,0,,,,,,,,,,,,,WR,38.35,999,,,104,70.99,-32.63999999999999,-32.64,,,,,,,,,,,,,,,,,,,,,,,,,,,,,,,,,,,,,,,,,,,,,,,,,,308,7,1.0,20.0,52.0,WR1,medium,True,Round 1 CLE; Browns rebuilding QB situation limits ceiling; WR1 opportunity by default; targets will be there but low-quality QB is serious drag; Denzel Boston R2 is competition; high targets low efficiency likely
00-0040237,T.Johnson,TB,,,,,,,,,65.5,,9,,,,,,,,,,,,,WR,38.08,96,1.0,38.08,105,70.99,-32.91,-32.91,,33.0,21.0,193.0,4.0,,3.6666666666666665,,21.444444444444443,,,0.6363636363636364,,,,,0.14827648308624466,70.0,0.2657277758088316,3.3333333333333335,0.1619641935003704,10.272727272727273,339.0,0.5693215339233039,,,,,,,,,,,,,,,,,,,,,,,,,,309,7,,,,,,,
00-0033307,K.Bourne,SF,,,,,,,,,32.0,,8,,,,,,,,,,,,,WR,37.96,104,1.0648,35.65,106,70.99,-33.029999999999994,-33.03,,19.0,14.0,180.0,0.0,,2.375,,22.5,,,0.7368421052631579,,,,,0.13189318588337112,22.0,0.21437227274964155,1.5714285714285714,0.1687692311773194,13.210526315789474,251.0,0.7171314741035857,,,,,,,,,,,,,,,,,,,,,,,,,,310,7,,,,,,,
00-0040164,J.Lane,WAS,,,,,,,,,23.3,,7,,,,,,,,,,,,,WR,37.83,100,1.0216,37.03,107,70.99,-33.16,-33.16,,17.0,9.0,143.0,0.0,,2.4285714285714284,,20.428571428571427,,,0.5294117647058824,,,,,0.154564403570502,20.0,0.24973303431014776,2.2222222222222223,0.16460776618339643,15.235294117647058,259.0,0.5521235521235521,,,,,,,,,,,,,,,,,,,,,,,,,,311,7,,,,,,,
00-0040581,D.Thornton,LV,,,,,,,,,9.100000000000001,,5,,,,,,,,,,,,,WR,37.81,86,0.9028,41.88,108,70.99,-33.17999999999999,-33.18,,13.0,5.0,41.0,0.0,,2.6,,8.2,,,0.38461538461538464,,,,,0.2555684561688426,15.0,0.34025468020436245,3.0,0.20585264408793819,10.76923076923077,140.0,0.29285714285714287,,,,,,,,,,,,,,,,,,,,,,,,,,312,7,,,,,,,
00-0034613,T.Hudson,CIN,,,,,,,,,42.8,,9,,,,,,,,,,,,,TE,47.24,44,1.0384,45.49,42,79.18,-31.940000000000005,-33.54,,19.0,15.0,158.0,2.0,,2.111111111111111,,17.555555555555557,,,0.7894736842105263,,,,,,75.0,0.11415436122274143,,0.05747760441576958,,,,,4.0,2.0,8.31578947368421,,,,,,,,,,,,,,,,,,,,,,313,7,,,,,,,
00-0040162,D.Sampson,CLE,,,,,,,100.0,0.0,49.400000000000006,,8,,,,12.5,,,,,,,,,RB,35.54,57,0.9496,37.43,62,66.49,-30.949999999999996,-34.04,33.0,21.0,17.0,164.0,1.0,4.125,2.625,2.125,20.5,3.0303030303030303,9.647058823529411,0.8095238095238095,0.19617664851784633,0.43901515151515147,0.25242583651311273,0.0,,,,,,,,,,,,,,,,,,,,,,,,,,,,,,,,,,314,7,,,,,,,
00-0039066,M.Mayer,LV,,,,,,,,,39.4,,7,,,,,,,,,,,,,TE,46.62,38,0.9136,51.03,43,79.18,-32.56000000000001,-34.19,,31.0,21.0,184.0,0.0,,4.428571428571429,,26.285714285714285,,,0.6774193548387096,,,,,,123.0,0.340599139199007,,0.15385919402726125,,,,,3.0,1.0,5.935483870967742,,,,,,,,,,,,,,,,,,,,,,315,7,,,,,,,
00-0036988,J.Palmer,BUF,,,,,,,,,17.1,,5,,,,,,,,,,,,,WR,36.54,109,1.0756000000000001,33.97,109,70.99,-34.449999999999996,-34.45,,14.0,7.0,101.0,0.0,,2.8,,20.2,,,0.5,,,,,0.11814621290217256,11.0,0.22598009437283348,1.5714285714285714,0.17194653299916457,9.928571428571429,139.0,0.7266187050359713,,,,,,,,,,,,,,,,,,,,,,,,,,316,7,,,,,,,
ROOKIE_Germie_Bernard,Germie Bernard,PIT,,,,,,,,,,,0,,,,,,,,,,,,,WR,36.5,999,,,110,70.99,-34.489999999999995,-34.49,,,,,,,,,,,,,,,,,,,,,,,,,,,,,,,,,,,,,,,,,,,,,,,,,,317,7,2.0,47.0,55.0,WR2,medium,True,Round 2 Steelers; Russell Wilson era; WR corps needs talent infusion; can develop into WR1 role mid-season; Alabama WR track record positive; moderate situation
00-0037263,T.Allgeier,ATL,,,,,,,311.0,5.0,79.4,,11,,,,28.272727272727273,,,,,,,,,RB,35.03,59,0.9580000000000001,36.57,63,66.49,-31.459999999999994,-34.61,83.0,10.0,10.0,83.0,0.0,7.545454545454546,0.9090909090909091,0.9090909090909091,7.545454545454546,3.746987951807229,8.3,1.0,0.28227941413425284,0.16587301587301587,0.2553624405897133,7.0,,,,,,,,,,,,,,,,,,,,,,,,,,,,,,,,,,318,7,,,,,,,
00-0038046,C.Kolar,BAL,,,,,,,,,30.0,,8,,,,,,,,,,,,,TE,45.93,47,1.0864,42.28,44,79.18,-33.25000000000001,-34.91,,10.0,7.0,110.0,2.0,,1.25,,13.75,,,0.7,,,,,,45.0,0.1044058660755217,,0.05062661850892736,,,,,3.0,2.0,11.0,,,,,,,,,,,,,,,,,,,,,,319,7,,,,,,,
00-0032385,S.Shepard,TB,,,,,,,,,34.7,,7,,,,,,,,,,,,,WR,35.76,103,1.0,35.76,111,70.99,-35.23,-35.23,,27.0,20.0,129.0,0.0,,3.857142857142857,,18.428571428571427,,,0.7407407407407407,,,,,0.1231429828031165,47.0,0.2580197073789944,2.35,0.1770213806346337,7.423076923076923,193.0,0.6683937823834197,,,,,,,,,,,,,,,,,,,,,,,,,,320,7,,,,,,,
ROOKIE_Omar_Cooper_Jr,Omar Cooper Jr,NYJ,,,,,,,,,,,0,,,,,,,,,,,,,WR,35.66,999,,,112,70.99,-35.33,-35.33,,,,,,,,,,,,,,,,,,,,,,,,,,,,,,,,,,,,,,,,,,,,,,,,,,321,7,1.0,20.0,53.0,WR2,medium,True,Round 1 NYJ; Kenyon Sadiq TE also drafted same team; Rodgers distributes widely; WR2 role likely; low team win total; Ohio State WR pedigree strong; ceiling capped by team context
00-0038555,T.Bigsby,PHI,,,,,,,269.0,1.0,35.0,,9,,,,29.88888888888889,,,,,,,,,RB,34.33,64,1.0504,32.68,64,66.49,-32.16,-35.38,42.0,3.0,2.0,1.0,0.0,4.666666666666667,0.3333333333333333,0.2222222222222222,0.1111111111111111,6.404761904761905,0.5,0.6666666666666666,0.16119947603416396,0.17592592592592593,0.1522556552146093,4.0,,,,,,,,,,,,,,,,,,,,,,,,,,,,,,,,,,322,7,,,,,,,
00-0040704,D.Gabriel,CLE,108.0,59.0,507.0,4.0,2.0,11.0,82.0,0.0,42.48,11.0,6,18.0,84.5,1.8333333333333333,13.666666666666666,7.079999999999999,4.694444444444445,0.5462962962962963,0.037037037037037035,0.018518518518518517,119.0,0.3569747899159664,1.366666666666667,QB,22.84,40,0.928,24.61,41,62.2,-39.36,-35.42,,,,,,,,,,,,,,,,,,,,,,,,,,,,,,,,,,,,,,,,,,,,,,,,,,323,7,,,,,,,
00-0040727,T.Harris,LAC,,,,,,,,,50.400000000000006,,10,,,,,,,,,,,,,WR,35.44,105,1.0108,35.06,113,70.99,-35.55,-35.55,,26.0,21.0,224.0,1.0,,2.6,,22.4,,,0.8076923076923077,,,,,0.08140115090939606,96.0,0.20317704063891323,4.571428571428571,0.14042088828853533,7.346153846153846,191.0,1.1727748691099475,,,,,,,,,,,,,,,,,,,,,,,,,,324,7,,,,,,,
00-0033858,J.Smith,PIT,,,,,,,,,50.900000000000006,,11,,,,,,,,,,,,,TE,45.13,45,1.0,45.13,45,79.18,-34.050000000000004,-35.75,,33.0,20.0,131.0,1.0,,3.0,,11.909090909090908,,,0.6060606060606061,,,,,,87.0,0.20304957594195405,,0.09547359224249682,,,,,6.0,2.0,3.9696969696969697,,,,,,,,,,,,,,,,,,,,,,325,7,,,,,,,
00-0036212,T.Tagovailoa,MIA,219.0,133.0,1447.0,10.0,8.0,8.0,14.0,0.0,91.28,17.0,8,27.375,180.875,1.0,1.75,11.41,6.607305936073059,0.6073059360730594,0.045662100456621,0.0365296803652968,236.0,0.38677966101694916,0.17500000000000002,QB,21.73,39,0.88,24.69,42,62.2,-40.47,-36.42,,,,,,,,,,,,,,,,,,,,,,,,,,,,,,,,,,,,,,,,,,,,,,,,,,326,7,,,,,,,
00-0039410,R.Flournoy,DAL,,,,,,,,,68.8,,8,,,,,,,,,,,,,WR,34.51,106,0.9892000000000001,34.89,114,70.99,-36.48,-36.48,,29.0,22.0,228.0,4.0,,3.625,,28.5,,,0.7586206896551724,,,,,0.09540395528883398,90.0,0.20321858480494068,4.090909090909091,0.12920707010380925,9.827586206896552,285.0,0.8,,,,,,,,,,,,,,,,,,,,,,,,,,327,7,,,,,,,
00-0038440,Z.Scott,MIN,,,,,,,56.0,0.0,14.3,,5,,,,11.2,,,,,,,,,RB,33.25,63,1.0,33.25,65,66.49,-33.239999999999995,-36.56,14.0,6.0,6.0,27.0,0.0,2.8,1.2,1.2,5.4,4.0,4.5,1.0,0.15589747095010253,0.43047619047619046,0.1792063492063492,1.0,,,,,,,,,,,,,,,,,,,,,,,,,,,,,,,,,,328,7,,,,,,,
00-0037666,J.Tolbert,DAL,,,,,,,,,22.4,,4,,,,,,,,,,,,,WR,34.13,107,0.9892000000000001,34.5,115,70.99,-36.85999999999999,-36.86,,13.0,7.0,94.0,1.0,,3.25,,23.5,,,0.5384615384615384,,,,,0.15225025658210747,16.0,0.24805583436938,2.2857142857142856,0.13863254392666158,13.307692307692308,173.0,0.5433526011560693,,,,,,,,,,,,,,,,,,,,,,,,,,329,7,,,,,,,
ROOKIE_Denzel_Boston,Denzel Boston,CLE,,,,,,,,,,,0,,,,,,,,,,,,,WR,34.04,999,,,116,70.99,-36.949999999999996,-36.95,,,,,,,,,,,,,,,,,,,,,,,,,,,,,,,,,,,,,,,,,,,,,,,,,,330,7,2.0,39.0,48.0,WR2,medium,True,Round 2 Browns; KC Concepcion R1 is WR1 ahead of him; secondary role likely; strong athletic profile; low team ceiling limits upside; monitor depth chart through TC
00-0036165,I.Hodgins,NYG,,,,,,,,,27.5,,5,,,,,,,,,,,,,WR,33.96,108,0.9892000000000001,34.33,117,70.99,-37.029999999999994,-37.03,,17.0,10.0,115.0,1.0,,3.4,,23.0,,,0.5882352941176471,,,,,0.11857394881049488,17.0,0.24736822799425648,1.7,0.17047926901473812,10.0,170.0,0.6764705882352942,,,,,,,,,,,,,,,,,,,,,,,,,,331,7,,,,,,,
00-0040667,M.Golden,GB,,,,,,,,,28.5,,8,,,,,,,,,,,,,WR,33.81,112,1.054,32.08,118,70.99,-37.17999999999999,-37.18,,22.0,14.0,141.0,0.0,,2.75,,17.625,,,0.6363636363636364,,,,,0.110101472382339,41.0,0.21648579615577235,2.9285714285714284,0.1604013654903748,12.090909090909092,266.0,0.5300751879699248,,,,,,,,,,,,,,,,,,,,,,,,,,332,7,,,,,,,
00-0032464,K.Raymond,DET,,,,,,,,,41.0,,7,,,,,,,,,,,,,WR,33.55,114,1.0756000000000001,31.19,119,70.99,-37.44,-37.44,,18.0,15.0,190.0,1.0,,2.5714285714285716,,27.142857142857142,,,0.8333333333333334,,,,,0.0587716851114878,101.0,0.1491374724502371,6.733333333333333,0.11909603554340396,5.222222222222222,94.0,2.021276595744681,,,,,,,,,,,,,,,,,,,,,,,,,,333,7,,,,,,,
00-0037746,B.Robinson,SF,,,,,,,283.0,2.0,44.7,,9,,,,31.444444444444443,,,,,,,,,RB,32.44,66,1.0504,30.88,66,66.49,-34.05,-37.46,63.0,6.0,3.0,14.0,0.0,7.0,0.6666666666666666,0.3333333333333333,1.5555555555555556,4.492063492063492,4.666666666666667,0.5,0.2608326626247773,0.07888407888407888,0.22602287448431058,2.0,,,,,,,,,,,,,,,,,,,,,,,,,,,,,,,,,,334,7,,,,,,,
LV,LV DST,LV,,,,,5.0,,,,,15.0,10,,,,,,,,,,,,,DST,12.31,31,1.054,11.68,31,62.25,-49.94,-37.46,,,,,,,,,,,,,,,,,,,,,,,,,,,,,,,,,,,,,,,,2.0,,7.0,1.5,0.7,0.048859934853420196,0.008433734939759036,27.1,0.16410271769808393,,335,7,,,,,,,
00-0040669,I.TeSlaa,DET,,,,,,,,,52.7,,9,,,,,,,,,,,,,WR,33.5,115,1.0756000000000001,31.15,120,70.99,-37.489999999999995,-37.49,,21.0,12.0,167.0,4.0,,2.3333333333333335,,18.555555555555557,,,0.5714285714285714,,,,,0.13058303284976663,50.0,0.189869511188176,4.166666666666667,0.10268006990143214,12.095238095238095,254.0,0.65748031496063,,,,,,,,,,,,,,,,,,,,,,,,,,336,7,,,,,,,
00-0040138,J.Noel,HOU,,,,,,,,,52.2,,9,,,,,,,,,,,,,WR,33.39,113,1.054,31.68,121,70.99,-37.599999999999994,-37.6,,27.0,20.0,257.0,1.0,,3.0,,28.555555555555557,,,0.7407407407407407,,,,,0.10377594682114856,57.0,0.19754086746527083,2.85,0.12168553602245358,11.518518518518519,311.0,0.8263665594855305,,,,,,,,,,,,,,,,,,,,,,,,,,337,7,,,,,,,
00-0039144,L.Musgrave,GB,,,,,,,,,39.3,,9,,,,,,,,,,,,,TE,43.35,50,1.048,41.36,46,79.18,-35.830000000000005,-37.62,,25.0,19.0,203.0,0.0,,2.7777777777777777,,22.555555555555557,,,0.76,,,,,,58.0,0.20267185148118574,,0.10171279337946004,,,,,1.0,0.0,8.12,,,,,,,,,,,,,,,,,,,,,,338,7,,,,,,,
00-0039912,B.Sinnott,WAS,,,,,,,,,24.4,,6,,,,,,,,,,,,,TE,43.03,48,1.0192,42.22,47,79.18,-36.150000000000006,-37.96,,10.0,8.0,104.0,1.0,,1.6666666666666667,,17.333333333333332,,,0.8,,,,,,60.0,0.18653707548729995,,0.07996463077984817,,,,,1.0,1.0,10.4,,,,,,,,,,,,,,,,,,,,,,339,7,,,,,,,
00-0039874,J.Wright,MIA,,,,,,,265.0,2.0,44.2,,8,,,,33.125,,,,,,,,,RB,31.49,62,0.916,34.38,67,66.49,-35.0,-38.5,57.0,7.0,3.0,27.0,0.0,7.125,0.875,0.375,3.375,4.649122807017544,9.0,0.42857142857142855,0.23399252889435218,0.17549603174603176,0.22756995392506682,2.0,,,,,,,,,,,,,,,,,,,,,,,,,,,,,,,,,,340,7,,,,,,,
00-0038090,S.Moore,SF,,,,,,,,,12.7,,6,,,,,,,,,,,,,WR,32.44,117,1.0648,30.47,122,70.99,-38.55,-38.55,,5.0,4.0,77.0,0.0,,0.8333333333333334,,12.833333333333334,,,0.8,,,,,0.054551648333663515,29.0,0.08111064329338001,7.25,0.06339886964886965,18.4,92.0,0.8369565217391305,,,,,,,,,,,,,,,,,,,,,,,,,,341,7,,,,,,,
00-0038794,J.McLaughlin,DEN,,,,,,,146.0,1.0,24.6,,6,,,,24.333333333333332,,,,,,,,,RB,31.03,67,1.0252000000000001,30.27,68,66.49,-35.459999999999994,-39.01,30.0,3.0,3.0,10.0,0.0,5.0,0.5,0.5,1.6666666666666667,4.866666666666666,3.3333333333333335,1.0,0.27827329017731495,0.07083333333333335,0.21727814543906498,1.0,,,,,,,,,,,,,,,,,,,,,,,,,,,,,,,,,,342,7,,,,,,,
00-0038976,M.Mims,DEN,,,,,,,,,40.800000000000004,,8,,,,,,,,,,,,,WR,31.33,118,1.0324,30.35,123,70.99,-39.66,-39.66,,24.0,19.0,163.0,0.0,,3.0,,20.375,,,0.7916666666666666,,,,,0.06807515172621662,110.0,0.16166837360315423,5.7894736842105265,0.11221158958001062,7.625,183.0,0.8907103825136612,,,,,,,,,,,,,,,,,,,,,,,,,,343,7,,,,,,,
00-0039875,R.Davis,BUF,,,,,,,94.0,0.0,18.900000000000002,,6,,,,15.666666666666666,,,,,,,,,RB,30.39,70,1.0588,28.7,69,66.49,-36.099999999999994,-39.71,24.0,7.0,5.0,45.0,0.0,4.0,1.1666666666666667,0.8333333333333334,7.5,3.9166666666666665,9.0,0.7142857142857143,0.13172958340109503,0.32936507936507936,0.15320907850319615,2.0,,,,,,,,,,,,,,,,,,,,,,,,,,,,,,,,,,344,7,,,,,,,
00-0036980,E.Moore,BUF,,,,,,,,,9.700000000000001,,4,,,,,,,,,,,,,WR,31.19,122,1.0756000000000001,29.0,124,70.99,-39.8,-39.8,,10.0,5.0,48.0,0.0,,2.5,,12.0,,,0.5,,,,,0.1579620885664261,10.0,0.2446971033008461,2.0,0.14809839283523493,9.1,91.0,0.5274725274725275,,,,,,,,,,,,,,,,,,,,,,,,,,345,7,,,,,,,
00-0039356,J.Sanders,CAR,,,,,,,,,33.8,,8,,,,,,,,,,,,,TE,41.19,46,0.9136,45.08,48,79.18,-37.99000000000001,-39.89,,20.0,18.0,98.0,1.0,,2.5,,12.25,,,0.9,,,,,,52.0,0.1716961609014072,,0.09426163732144761,,,,,5.0,2.0,4.9,,,,,,,,,,,,,,,,,,,,,,346,7,,,,,,,
00-0040194,J.Hawes,BUF,,,,,,,,,36.3,,8,,,,,,,,,,,,,TE,41.15,51,1.0672000000000001,38.56,49,79.18,-38.03000000000001,-39.93,,14.0,11.0,133.0,2.0,,1.75,,16.625,,,0.7857142857142857,,,,,,69.0,0.15260464183116584,,0.06896249734564952,,,,,2.0,1.0,9.5,,,,,,,,,,,,,,,,,,,,,,347,7,,,,,,,
00-0039041,E.Higgins,ARI,,,,,,,,,36.400000000000006,,9,,,,,,,,,,,,,TE,41.15,43,0.904,45.52,50,79.18,-38.03000000000001,-39.93,,24.0,19.0,174.0,0.0,,2.6666666666666665,,19.333333333333332,,,0.7916666666666666,,,,,,128.0,0.14173991605999656,,0.07607279575359004,,,,,3.0,2.0,7.25,,,,,,,,,,,,,,,,,,,,,,348,7,,,,,,,
00-0040719,B.Tuten,JAX,,,,,,,176.0,3.0,47.599999999999994,,8,,,,22.0,,,,,,,,,RB,30.09,65,0.9580000000000001,31.41,70,66.49,-36.39999999999999,-40.04,51.0,6.0,4.0,20.0,1.0,6.375,0.75,0.5,2.5,3.450980392156863,5.0,0.6666666666666666,0.2596360860207568,0.1619047619047619,0.2469276166430898,5.0,,,,,,,,,,,,,,,,,,,,,,,,,,,,,,,,,,349,7,,,,,,,
00-0038953,D.Drummond,ATL,,,,,,,,,11.2,,4,,,,,,,,,,,,,WR,30.65,111,0.9460000000000001,32.4,125,70.99,-40.339999999999996,-40.34,,12.0,7.0,42.0,0.0,,3.0,,10.5,,,0.5833333333333334,,,,,0.1221012008933088,14.0,0.25369637915280513,2.0,0.24089635854341737,7.7272727272727275,85.0,0.49411764705882355,,,,,,,,,,,,,,,,,,,,,,,,,,350,7,,,,,,,
00-0037563,M.Davis,DAL,,,,,,,250.0,2.0,40.6,,9,,,,27.77777777777778,,,,,,,,,RB,29.42,68,0.9916,29.67,71,66.49,-37.06999999999999,-40.78,52.0,5.0,2.0,16.0,0.0,5.777777777777778,0.5555555555555556,0.2222222222222222,1.7777777777777777,4.8076923076923075,8.0,0.4,0.21961700180299212,0.1111111111111111,0.20254204929355493,2.0,,,,,,,,,,,,,,,,,,,,,,,,,,,,,,,,,,351,7,,,,,,,
00-0032104,A.Abdullah,IND,,,,,,,46.0,0.0,24.2,,9,,,,5.111111111111111,,,,,,,,,RB,29.3,69,0.9916,29.55,72,66.49,-37.19,-40.91,10.0,14.0,13.0,66.0,0.0,1.1111111111111112,1.5555555555555556,1.4444444444444444,7.333333333333333,4.6,5.076923076923077,0.9285714285714286,0.054018150857231315,0.3535273368606702,0.10128986828071496,0.0,,,,,,,,,,,,,,,,,,,,,,,,,,,,,,,,,,352,7,,,,,,,
00-0039359,C.Stover,HOU,,,,,,,,,11.8,,4,,,,,,,,,,,,,TE,40.18,52,1.048,38.34,51,79.18,-39.00000000000001,-40.95,,10.0,7.0,45.0,0.0,,2.5,,11.25,,,0.7,,,,,,32.0,0.13951197899151696,,0.08438712023270847,,,,,3.0,2.0,4.5,,,,,,,,,,,,,,,,,,,,,,353,7,,,,,,,
00-0039796,R.Ali,BAL,,,,,,,19.0,0.0,23.7,,6,,,,3.1666666666666665,,,,,,,,,RB,29.22,72,1.0756000000000001,27.17,73,66.49,-37.269999999999996,-41.0,5.0,11.0,9.0,68.0,1.0,0.8333333333333334,1.8333333333333333,1.5,11.333333333333334,3.8,7.555555555555555,0.8181818181818182,0.046875,0.4888888888888889,0.09307851656309007,0.0,,,,,,,,,,,,,,,,,,,,,,,,,,,,,,,,,,354,7,,,,,,,
00-0035500,G.Dortch,ARI,,,,,,,,,48.400000000000006,,6,,,,,,,,,,,,,WR,29.56,110,0.892,33.14,126,70.99,-41.42999999999999,-41.43,,19.0,16.0,138.0,2.0,,3.1666666666666665,,23.0,,,0.8421052631578947,,,,,0.03141602033601746,121.0,0.125439443053612,7.5625,0.13468720821661997,3.4210526315789473,65.0,2.123076923076923,,,,,,,,,,,,,,,,,,,,,,,,,,355,7,,,,,,,
00-0040078,B.Smith,KC,,,,,,,67.0,0.0,35.7,,9,,,,7.444444444444445,,,,,,,,,RB,28.71,71,1.0504,27.33,74,66.49,-37.779999999999994,-41.56,24.0,18.0,14.0,90.0,1.0,2.6666666666666665,2.0,1.5555555555555556,10.0,2.7916666666666665,6.428571428571429,0.7777777777777778,0.10169310059660937,0.3463403880070547,0.16287556653307989,1.0,,,,,,,,,,,,,,,,,,,,,,,,,,,,,,,,,,356,7,,,,,,,
00-0036626,D.Brown,JAX,,,,,,,,,13.3,,5,,,,,,,,,,,,,WR,29.3,116,0.9460000000000001,30.97,127,70.99,-41.69,-41.69,,13.0,5.0,75.0,0.0,,2.6,,15.0,,,0.38461538461538464,,,,,0.17374341630738516,6.0,0.2369250335815139,1.2,0.12485224920007529,17.615384615384617,229.0,0.32751091703056767,,,,,,,,,,,,,,,,,,,,,,,,,,357,7,,,,,,,
ROOKIE_Ja'Kobi_Lane,Ja'Kobi Lane,BAL,,,,,,,,,,,0,,,,,,,,,,,,,WR,29.24,999,,,128,70.99,-41.75,-41.75,,,,,,,,,,,,,,,,,,,,,,,,,,,,,,,,,,,,,,,,,,,,,,,,,,358,7,3.0,80.0,51.0,WR3,low,True,Round 3 Ravens; Lamar Jackson run-first limits WR value; WR3 role; BAL elite team but WRs historically undervalued; pass-game role limited
00-0037801,K.Turpin,DAL,,,,,,,,,50.6,,10,,,,,,,,,,,,,WR,29.01,120,0.9892000000000001,29.33,129,70.99,-41.97999999999999,-41.98,,24.0,15.0,237.0,1.0,,2.4,,23.7,,,0.625,,,,,0.04520868778998741,170.0,0.13415391353319167,11.333333333333334,0.09599261948622563,6.5,156.0,1.5192307692307692,,,,,,,,,,,,,,,,,,,,,,,,,,359,7,,,,,,,
00-0033857,J.Smith-Schuster,KC,,,,,,,,,22.7,,9,,,,,,,,,,,,,WR,28.93,124,1.0648,27.17,130,70.99,-42.059999999999995,-42.06,,19.0,12.0,107.0,0.0,,2.111111111111111,,11.88888888888889,,,0.631578947368421,,,,,0.059297438536991515,41.0,0.15732324119229746,3.4166666666666665,0.14494945092199096,5.631578947368421,107.0,1.0,,,,,,,,,,,,,,,,,,,,,,,,,,360,7,,,,,,,
00-0033885,D.Njoku,CLE,,,,,,,,,35.0,,5,,,,,,,,,,,,,TE,39.11,49,0.9424,41.5,52,79.18,-40.07000000000001,-42.07,,12.0,10.0,70.0,3.0,,2.4,,14.0,,,0.8333333333333334,,,,,,46.0,0.14560796446720342,,0.08043127418191356,,,,,3.0,2.0,5.833333333333333,,,,,,,,,,,,,,,,,,,,,,361,7,,,,,,,
00-0035645,G.Olszewski,NYG,,,,,,,,,17.62,,4,,,,,,,,,,,,,WR,28.62,123,0.9892000000000001,28.93,131,70.99,-42.36999999999999,-42.37,,4.0,2.0,43.0,1.0,,1.0,,10.75,,,0.5,,,,,0.06059390509979916,17.0,0.09050301805261804,8.5,0.054411764705882354,13.5,54.0,0.7962962962962963,,,,,,,,,,,,,,,,,,,,,,,,,,362,7,,,,,,,
00-0032775,D.Robinson,SF,,,,,,,,,34.5,,10,,,,,,,,,,,,,WR,28.13,125,1.0648,26.42,132,70.99,-42.86,-42.86,,20.0,13.0,149.0,1.0,,2.0,,14.9,,,0.65,,,,,0.1235575600762167,6.0,0.18484563507989035,0.46153846153846156,0.14236355148119853,14.210526315789474,270.0,0.5518518518518518,,,,,,,,,,,,,,,,,,,,,,,,,,363,7,,,,,,,
00-0040739,E.Arroyo,SEA,,,,,,,,,22.1,,7,,,,,,,,,,,,,TE,37.84,54,1.0768,35.14,53,79.18,-41.34,-43.41,,14.0,8.0,81.0,1.0,,2.0,,11.571428571428571,,,0.5714285714285714,,,,,,32.0,0.20104465293483856,,0.07814133749451804,,,,,2.0,2.0,5.785714285714286,,,,,,,,,,,,,,,,,,,,,,364,7,,,,,,,
00-0033375,T.Patrick,JAX,,,,,,,,,37.2,,7,,,,,,,,,,,,,WR,27.54,121,0.9460000000000001,29.11,133,70.99,-43.449999999999996,-43.45,,18.0,11.0,142.0,2.0,,2.5714285714285716,,20.285714285714285,,,0.6111111111111112,,,,,0.10376946923156993,25.0,0.2066904042316902,2.272727272727273,0.13820477686023905,11.833333333333334,213.0,0.6666666666666666,,,,,,,,,,,,,,,,,,,,,,,,,,365,7,,,,,,,
00-0036182,N.Westbrook-Ikhine,MIA,,,,,,,,,13.3,,5,,,,,,,,,,,,,WR,26.72,119,0.892,29.95,134,70.99,-44.269999999999996,-44.27,,13.0,7.0,63.0,0.0,,2.6,,12.6,,,0.5384615384615384,,,,,0.09415040770070904,17.0,0.1966710511562621,2.4285714285714284,0.17595959595959595,6.0,78.0,0.8076923076923077,,,,,,,,,,,,,,,,,,,,,,,,,,366,7,,,,,,,
00-0040024,D.Cooper,PHI,,,,,,,,,11.9,,4,,,,,,,,,,,,,WR,26.39,127,1.0648,24.78,135,70.99,-44.599999999999994,-44.6,,6.0,6.0,59.0,0.0,,1.5,,14.75,,,1.0,,,,,0.05784484980264467,18.0,0.12990527045993738,3.0,0.1311904761904762,6.833333333333333,41.0,1.4390243902439024,,,,,,,,,,,,,,,,,,,,,,,,,,367,7,,,,,,,
ROOKIE_Antonio_Williams,Antonio Williams,WAS,,,,,,,,,,,0,,,,,,,,,,,,,WR,25.57,999,,,136,70.99,-45.419999999999995,-45.42,,,,,,,,,,,,,,,,,,,,,,,,,,,,,,,,,,,,,,,,,,,,,,,,,,368,7,3.0,71.0,52.0,WR3,low,True,Round 3 Commanders; Jayden Daniels good QB; WR3 role to start; Daniels loves checkdowns so WR3 target share may surprise; Clemson WR track record middling
00-0035406,L.Humphrey,DEN,,,,,,,,,25.1,,6,,,,,,,,,,,,,WR,25.47,129,1.0324,24.67,137,70.99,-45.519999999999996,-45.52,,17.0,9.0,101.0,1.0,,2.8333333333333335,,16.833333333333332,,,0.5294117647058824,,,,,0.09688632937831232,27.0,0.1850769487406403,3.0,0.12024284815822484,9.352941176470589,159.0,0.6352201257861635,,,,,,,,,,,,,,,,,,,,,,,,,,369,7,,,,,,,
00-0040590,K.Mumpfield,LA,,,,,,,,,29.5,,7,,,,,,,,,,,,,WR,24.87,134,1.108,22.45,138,70.99,-46.11999999999999,-46.12,,20.0,9.0,85.0,2.0,,2.857142857142857,,12.142857142857142,,,0.45,,,,,0.09449516542495189,18.0,0.17587793694145099,2.0,0.12553086891322185,13.7,274.0,0.3102189781021898,,,,,,,,,,,,,,,,,,,,,,,,,,370,7,,,,,,,
00-0038738,H.Luepke,DAL,,,,,,,53.0,0.0,23.1,,7,,,,7.571428571428571,,,,,,,,,RB,24.28,74,0.9916,24.49,75,66.49,-42.209999999999994,-46.43,13.0,10.0,9.0,88.0,0.0,1.8571428571428572,1.4285714285714286,1.2857142857142858,12.571428571428571,4.076923076923077,9.777777777777779,0.9,0.06066341066341067,0.3095238095238095,0.10075481664717288,0.0,,,,,,,,,,,,,,,,,,,,,,,,,,,,,,,,,,371,7,,,,,,,
ROOKIE_Zachariah_Branch,Zachariah Branch,ATL,,,,,,,,,,,0,,,,,,,,,,,,,WR,24.03,999,,,139,70.99,-46.959999999999994,-46.96,,,,,,,,,,,,,,,,,,,,,,,,,,,,,,,,,,,,,,,,,,,,,,,,,,372,7,3.0,79.0,47.0,WR2,medium,True,Round 3 Falcons; Penix year 2 QB; WR corps needs talent; Branch has elite athleticism; return game value adds floor; offensive ceiling limited by ATL context; sleeper upside
00-0035291,T.Williams,CLE,,,,,,,29.0,0.0,14.1,,4,,,,7.25,,,,,,,,,RB,23.79,73,0.9496,25.05,76,66.49,-42.699999999999996,-46.97,9.0,7.0,7.0,42.0,0.0,2.25,1.75,1.75,10.5,3.2222222222222223,6.0,1.0,0.15213120213120213,0.23674242424242425,0.18316332790017,0.0,,,,,,,,,,,,,,,,,,,,,,,,,,,,,,,,,,373,8,,,,,,,
ROOKIE_Kenyon_Sadiq,Kenyon Sadiq,NYJ,,,,,,,,,,,0,,,,,,,,,,,,,TE,34.28,999,,,54,79.18,-44.900000000000006,-47.15,,,,,,,,,,,,,,,,,,,,,,,,,,,,,,,,,,,,,,,,,,,,,,,,,,374,7,1.0,16.0,55.0,TE1,medium,True,Pick 16 TE; rare R1 TE capital; NYJ low-win projection limits scoring; Aaron Rodgers loves TEs historically; slot receiver profile; Omar Cooper Jr also drafted WR; Rodgers in final year creates urgency; TE1 role likely but low-ceiling offense
00-0036755,J.Patterson,LAC,,,,,,,130.0,1.0,19.0,,5,,,,26.0,,,,,,,,,RB,23.55,75,1.0084,23.35,77,66.49,-42.94,-47.23,33.0,0.0,0.0,0.0,0.0,6.6,0.0,0.0,0.0,3.9393939393939394,,,0.228962148962149,0.0,0.215275437701067,2.0,,,,,,,,,,,,,,,,,,,,,,,,,,,,,,,,,,375,8,,,,,,,
00-0037741,J.Dotson,PHI,,,,,,,,,25.1,,8,,,,,,,,,,,,,WR,23.52,136,1.0648,22.09,140,70.99,-47.47,-47.47,,16.0,8.0,111.0,1.0,,2.0,,13.875,,,0.5,,,,,0.11796491794686978,16.0,0.1894419105642097,2.0,0.10762312566660392,14.1875,227.0,0.4889867841409692,,,,,,,,,,,,,,,,,,,,,,,,,,376,8,,,,,,,
00-0037085,T.Badie,DEN,,,,,,,22.0,0.0,18.3,,9,,,,2.4444444444444446,,,,,,,,,RB,23.26,76,1.0252000000000001,22.69,78,66.49,-43.22999999999999,-47.55,5.0,17.0,11.0,51.0,0.0,0.5555555555555556,1.8888888888888888,1.2222222222222223,5.666666666666667,4.4,4.636363636363637,0.6470588235294118,0.022608695652173914,0.29259259259259257,0.09320998548468146,0.0,,,,,,,,,,,,,,,,,,,,,,,,,,,,,,,,,,377,8,,,,,,,
00-0040187,M.Evans,CAR,,,,,,,,,21.1,,7,,,,,,,,,,,,,TE,33.79,53,0.9136,36.99,55,79.18,-45.39000000000001,-47.66,,15.0,11.0,100.0,0.0,,2.142857142857143,,14.285714285714286,,,0.7333333333333333,,,,,,67.0,0.14923608610396447,,0.08034621048045211,,,,,2.0,1.0,6.666666666666667,,,,,,,,,,,,,,,,,,,,,,378,8,,,,,,,
00-0039521,X.Weaver,ARI,,,,,,,,,13.700000000000001,,5,,,,,,,,,,,,,WR,23.17,126,0.892,25.97,141,70.99,-47.81999999999999,-47.82,,12.0,7.0,67.0,0.0,,2.4,,13.4,,,0.5833333333333334,,,,,0.10856731997895452,20.0,0.16586386405559064,2.857142857142857,0.1427170868347339,13.75,165.0,0.40606060606060607,,,,,,,,,,,,,,,,,,,,,,,,,,379,8,,,,,,,
ROOKIE_Matthew_Hibner,Matthew Hibner,BAL,,,,,,,,,,,0,,,,,,,,,,,,,TE,33.49,999,,,56,79.18,-45.690000000000005,-47.97,,,,,,,,,,,,,,,,,,,,,,,,,,,,,,,,,,,,,,,,,,,,,,,,,,380,7,4.0,133.0,38.0,TE3,low,True,Round 4 Ravens; Mark Andrews still TE1; blocking TE role; no fantasy value
00-0040259,G.Larvadain,CLE,,,,,,,,,10.200000000000001,,6,,,,,,,,,,,,,WR,22.94,130,0.9352,24.53,142,70.99,-48.05,-48.05,,11.0,5.0,49.0,0.0,,1.8333333333333333,,8.166666666666666,,,0.45454545454545453,,,,,0.08470582779453606,22.0,0.1575617218963282,4.4,0.15755170755170755,10.1,101.0,0.48514851485148514,,,,,,,,,,,,,,,,,,,,,,,,,,381,8,,,,,,,
00-0035249,J.Oliver,MIN,,,,,,,,,28.9,,7,,,,,,,,,,,,,TE,33.41,55,1.0,33.41,57,79.18,-45.77000000000001,-48.06,,11.0,9.0,79.0,2.0,,1.5714285714285714,,11.285714285714286,,,0.8181818181818182,,,,,,44.0,0.14939232959575413,,0.0734802421526024,,,,,3.0,1.0,7.181818181818182,,,,,,,,,,,,,,,,,,,,,,382,8,,,,,,,
ROOKIE_Emmett_Johnson,Emmett Johnson,KC,,,,,,,,,,,0,,,,,,,,,,,,,RB,22.69,999,,,79,66.49,-43.8,-48.18,,,,,,,,,,,,,,,,,,,,,,,,,,,,,,,,,,,,,,,,,,,,,,,,,,383,7,5.0,150.0,46.0,RB2,low,True,Late round Chiefs; Mahomes bounce-back team; RB2 role; Kareem Hunt type usage possible; KC committee backfield historically; handcuff value; late-round flier
00-0040009,S.Williams,GB,,,,,,,,,18.5,,6,,,,,,,,,,,,,WR,22.57,138,1.054,21.41,143,70.99,-48.419999999999995,-48.42,,6.0,6.0,55.0,1.0,,1.0,,9.166666666666666,,,1.0,,,,,0.01509847915646795,29.0,0.056565993906586065,4.833333333333333,0.05321637426900585,4.333333333333333,26.0,2.1153846153846154,,,,,,,,,,,,,,,,,,,,,,,,,,384,8,,,,,,,
00-0036862,B.Skowronek,PIT,,,,,,,,,7.699999999999999,,4,,,,,,,,,,,,,WR,22.39,135,1.0,22.39,144,70.99,-48.599999999999994,-48.6,,4.0,3.0,47.0,0.0,,1.0,,11.75,,,0.75,,,,,0.0535340197199423,10.0,0.08934331527023527,3.3333333333333335,0.07034743722050224,10.25,41.0,1.146341463414634,,,,,,,,,,,,,,,,,,,,,,,,,,385,8,,,,,,,
00-0034418,C.Wilson,MIA,,,,,,,,,9.4,,5,,,,,,,,,,,,,WR,22.09,128,0.892,24.76,145,70.99,-48.89999999999999,-48.9,,7.0,5.0,44.0,0.0,,1.4,,8.8,,,0.7142857142857143,,,,,0.0547474120324834,25.0,0.12515996250089176,5.0,0.12457875457875459,8.714285714285714,61.0,0.7213114754098361,,,,,,,,,,,,,,,,,,,,,,,,,,386,8,,,,,,,
00-0040582,A.Smith,NYJ,,,,,,,,,7.9,,7,,,,,,,,,,,,,WR,21.96,133,0.9352,23.48,146,70.99,-49.029999999999994,-49.03,,8.0,3.0,28.0,0.0,,1.1428571428571428,,4.0,,,0.375,,,,,0.09494758247147694,18.0,0.12050488403797636,6.0,0.06306501547987615,19.25,154.0,0.18181818181818182,,,,,,,,,,,,,,,,,,,,,,,,,,387,8,,,,,,,
ROOKIE_Mike_Washington_Jr,Mike Washington Jr,LV,,,,,,,,,,,0,,,,,,,,,,,,,RB,21.85,999,,,80,66.49,-44.63999999999999,-49.1,,,,,,,,,,,,,,,,,,,,,,,,,,,,,,,,,,,,,,,,,,,,,,,,,,388,7,4.0,122.0,35.0,RB2,low,True,Round 4 Raiders; Mendoza rookie QB; terrible offense; avoid in redraft
00-0040218,Ji.Horn,CAR,,,,,,,,,14.4,,7,,,,,,,,,,,,,WR,21.78,131,0.9028,24.13,147,70.99,-49.209999999999994,-49.21,,9.0,6.0,36.0,0.0,,1.2857142857142858,,5.142857142857143,,,0.6666666666666666,,,,,-0.010976399288152385,51.0,0.0767900766587807,8.5,0.09261294261294262,3.111111111111111,28.0,1.2857142857142858,,,,,,,,,,,,,,,,,,,,,,,,,,389,8,,,,,,,
ROOKIE_Jonah_Coleman,Jonah Coleman,DEN,,,,,,,,,,,0,,,,,,,,,,,,,RB,21.72,999,,,81,66.49,-44.769999999999996,-49.25,,,,,,,,,,,,,,,,,,,,,,,,,,,,,,,,,,,,,,,,,,,,,,,,,,390,7,5.0,150.0,44.0,RB2,low,True,Late round Broncos; Bo Nix year 2 offense; RB2 initially; handcuff value for Javonte Williams; late-round dart throw; dynasty upside if Williams injured
00-0039623,M.Tipton,NO,,,,,,,,,20.400000000000002,,6,,,,,,,,,,,,,WR,21.73,137,0.9892000000000001,21.97,148,70.99,-49.25999999999999,-49.26,,17.0,11.0,76.0,0.0,,2.8333333333333335,,12.666666666666666,,,0.6470588235294118,,,,,0.07818898576290034,37.0,0.162348825626895,3.3636363636363638,0.12264606852842147,8.764705882352942,149.0,0.5100671140939598,,,,,,,,,,,,,,,,,,,,,,,,,,391,8,,,,,,,
00-0036133,J.Proche,TEN,,,,,,,,,11.0,,5,,,,,,,,,,,,,WR,21.73,132,0.9244,23.51,149,70.99,-49.25999999999999,-49.26,,11.0,5.0,60.0,0.0,,2.2,,12.0,,,0.45454545454545453,,,,,0.1276033163848707,2.0,0.18754621453540782,0.4,0.12541316526610644,15.454545454545455,170.0,0.35294117647058826,,,,,,,,,,,,,,,,,,,,,,,,,,392,8,,,,,,,
ROOKIE_Caleb_Douglas,Caleb Douglas,MIA,,,,,,,,,,,0,,,,,,,,,,,,,WR,21.63,999,,,150,70.99,-49.36,-49.36,,,,,,,,,,,,,,,,,,,,,,,,,,,,,,,,,,,,,,,,,,,,,,,,,,393,7,3.0,75.0,42.0,WR3,low,True,Round 3 Dolphins; Tua health risk; terrible team win total 4.5; WR3 at best; avoid in redraft; dynasty only
00-0040206,R.Leonard,IND,35.0,18.0,145.0,0.0,2.0,2.0,7.0,1.0,10.5,1.0,4,8.75,36.25,0.5,1.75,2.625,4.142857142857143,0.5142857142857142,0.0,0.05714285714285714,36.0,0.2916666666666667,1.675,QB,7.24,42,0.9880000000000001,7.33,43,62.2,-54.96,-49.46,,,,,,,,,,,,,,,,,,,,,,,,,,,,,,,,,,,,,,,,,,,,,,,,,,394,8,,,,,,,
00-0038102,K.Pickett,LV,46.0,27.0,185.0,1.0,1.0,4.0,13.0,0.0,11.700000000000001,6.0,5,9.2,37.0,0.8,2.6,2.3400000000000003,4.021739130434782,0.5869565217391305,0.021739130434782608,0.021739130434782608,52.0,0.22500000000000003,0.26,QB,7.2,41,0.892,8.07,44,62.2,-55.0,-49.5,,,,,,,,,,,,,,,,,,,,,,,,,,,,,,,,,,,,,,,,,,,,,,,,,,395,8,,,,,,,
00-0030035,A.Thielen,PIT,,,,,,,,,22.6,,9,,,,,,,,,,,,,WR,21.36,139,1.0,21.36,151,70.99,-49.629999999999995,-49.63,,21.0,12.0,106.0,0.0,,2.3333333333333335,,11.777777777777779,,,0.5714285714285714,,,,,0.05711412680995861,32.0,0.1422947477704265,2.6666666666666665,0.12815649740314342,6.380952380952381,134.0,0.7910447761194029,,,,,,,,,,,,,,,,,,,,,,,,,,396,8,,,,,,,
00-0036637,N.Gray,KC,,,,,,,,,20.1,,7,,,,,,,,,,,,,TE,31.75,57,1.0576,30.02,58,79.18,-47.43000000000001,-49.8,,17.0,10.0,101.0,0.0,,2.4285714285714284,,14.428571428571429,,,0.5882352941176471,,,,,,57.0,0.15693021882061345,,0.07222349827880413,,,,,1.0,1.0,5.9411764705882355,,,,,,,,,,,,,,,,,,,,,,397,8,,,,,,,
ROOKIE_Skyler_Bell,Skyler Bell,BUF,,,,,,,,,,,0,,,,,,,,,,,,,WR,21.07,999,,,152,70.99,-49.919999999999995,-49.92,,,,,,,,,,,,,,,,,,,,,,,,,,,,,,,,,,,,,,,,,,,,,,,,,,398,7,4.0,125.0,40.0,WR4,low,True,Round 4 Bills; Josh Allen offense is great but Bell too far down depth chart; avoid in redraft
00-0038685,C.Brooks,GB,,,,,,,43.0,0.0,18.400000000000002,,9,,,,4.777777777777778,,,,,,,,,RB,20.93,77,1.042,20.09,82,66.49,-45.559999999999995,-50.12,12.0,11.0,8.0,61.0,0.0,1.3333333333333333,1.2222222222222223,0.8888888888888888,6.777777777777778,3.5833333333333335,7.625,0.7272727272727273,0.048543426467403075,0.3098765432098765,0.10141670270980616,0.0,,,,,,,,,,,,,,,,,,,,,,,,,,,,,,,,,,399,8,,,,,,,
00-0039751,J.Whittington,LA,,,,,,,,,13.9,,7,,,,,,,,,,,,,WR,20.6,141,1.108,18.59,153,70.99,-50.38999999999999,-50.39,,12.0,8.0,59.0,0.0,,1.7142857142857142,,8.428571428571429,,,0.6666666666666666,,,,,0.04383104089964133,41.0,0.10845215935696083,5.125,0.0874129768866611,7.666666666666667,92.0,0.6413043478260869,,,,,,,,,,,,,,,,,,,,,,,,,,400,8,,,,,,,
00-0037805,J.Ruckert,NYJ,,,,,,,,,25.700000000000003,,9,,,,,,,,,,,,,TE,30.66,56,0.9424,32.53,59,79.18,-48.52000000000001,-50.95,,21.0,15.0,107.0,0.0,,2.3333333333333335,,11.88888888888889,,,0.7142857142857143,,,,,,65.0,0.14466463808401656,,0.08525738089305451,,,,,2.0,1.0,5.095238095238095,,,,,,,,,,,,,,,,,,,,,,401,8,,,,,,,
ROOKIE_Kaytron_Allen,Kaytron Allen,WAS,,,,,,,,,,,0,,,,,,,,,,,,,RB,20.11,999,,,83,66.49,-46.379999999999995,-51.02,,,,,,,,,,,,,,,,,,,,,,,,,,,,,,,,,,,,,,,,,,,,,,,,,,402,7,5.0,150.0,43.0,RB2,low,True,Late round Commanders; Daniels second year; RB committee; handcuff value; Penn State RB track record solid; deep-league or dynasty add
00-0040494,M.Brosmer,MIN,71.0,38.0,242.0,1.0,4.0,2.0,16.0,0.0,11.28,12.0,4,17.75,60.5,0.5,4.0,2.82,3.408450704225352,0.5352112676056338,0.014084507042253521,0.056338028169014086,83.0,0.1359036144578313,0.4,QB,5.21,43,1.0,5.21,45,62.2,-56.99,-51.29,,,,,,,,,,,,,,,,,,,,,,,,,,,,,,,,,,,,,,,,,,,,,,,,,,403,8,,,,,,,
ROOKIE_Kaden_Wetjen,Kaden Wetjen,PIT,,,,,,,,,,,0,,,,,,,,,,,,,WR,19.66,999,,,154,70.99,-51.33,-51.33,,,,,,,,,,,,,,,,,,,,,,,,,,,,,,,,,,,,,,,,,,,,,,,,,,404,7,4.0,121.0,40.0,WR4,low,True,Round 4 Steelers; depth only; avoid in redraft
00-0036422,A.Trautman,DEN,,,,,,,,,26.700000000000003,,7,,,,,,,,,,,,,TE,30.22,59,1.0288,29.37,60,79.18,-48.96000000000001,-51.41,,15.0,13.0,137.0,0.0,,2.142857142857143,,19.571428571428573,,,0.8666666666666667,,,,,,68.0,0.11737182918623568,,0.05703435655938396,,,,,0.0,0.0,9.133333333333333,,,,,,,,,,,,,,,,,,,,,,405,8,,,,,,,
00-0036841,A.Trammell,JAX,,,,,,,,,7.6000000000000005,,5,,,,,,,,,,,,,WR,19.5,140,0.9460000000000001,20.61,155,70.99,-51.489999999999995,-51.49,,10.0,3.0,46.0,0.0,,2.0,,9.2,,,0.3,,,,,0.119076684811722,2.0,0.20158095209547816,0.6666666666666666,0.1211513011001502,13.0,130.0,0.35384615384615387,,,,,,,,,,,,,,,,,,,,,,,,,,406,8,,,,,,,
00-0036754,B.Wright,DET,,,,,,,,,16.1,,5,,,,,,,,,,,,,TE,29.0,65,1.0672000000000001,27.17,61,79.18,-50.18000000000001,-52.69,,16.0,9.0,71.0,0.0,,3.2,,14.2,,,0.5625,,,,,,56.0,0.15367033011579329,,0.09317564745196324,,,,,0.0,0.0,4.4375,,,,,,,,,,,,,,,,,,,,,,407,8,,,,,,,
00-0039062,J.Mingo,DAL,,,,,,,,,3.5,,4,,,,,,,,,,,,,WR,18.23,142,0.9892000000000001,18.43,156,70.99,-52.75999999999999,-52.76,,4.0,1.0,25.0,0.0,,1.0,,6.25,,,0.25,,,,,0.06618817820835987,4.0,0.08699392712680429,4.0,0.038861989459815546,21.75,87.0,0.28735632183908044,,,,,,,,,,,,,,,,,,,,,,,,,,408,8,,,,,,,
00-0039757,T.Jennings,NE,,,,,,,73.0,1.0,15.200000000000001,,5,,,,14.6,,,,,,,,,RB,18.22,80,1.0252000000000001,17.77,84,66.49,-48.269999999999996,-53.1,23.0,1.0,1.0,9.0,0.0,4.6,0.2,0.2,1.8,3.1739130434782608,9.0,1.0,0.19348987854251012,0.02857142857142857,0.17277436422597714,2.0,,,,,,,,,,,,,,,,,,,,,,,,,,,,,,,,,,409,8,,,,,,,
00-0037306,J.FitzPatrick,GB,,,,,,,,,14.8,,8,,,,,,,,,,,,,TE,28.52,64,1.048,27.21,62,79.18,-50.66000000000001,-53.19,,12.0,9.0,58.0,0.0,,1.5,,7.25,,,0.75,,,,,,50.0,0.08424984548182914,,0.054559676434676435,,,,,3.0,2.0,4.833333333333333,,,,,,,,,,,,,,,,,,,,,,410,8,,,,,,,
00-0036628,J.Bates,WAS,,,,,,,,,16.1,,7,,,,,,,,,,,,,TE,28.42,62,1.0192,27.88,63,79.18,-50.760000000000005,-53.3,,13.0,8.0,81.0,0.0,,1.8571428571428572,,11.571428571428571,,,0.6153846153846154,,,,,,46.0,0.1453539438773326,,0.07589434792149678,,,,,1.0,1.0,6.230769230769231,,,,,,,,,,,,,,,,,,,,,,411,8,,,,,,,
00-0033217,M.Alie-Cox,IND,,,,,,,,,18.1,,7,,,,,,,,,,,,,TE,28.41,60,0.9904000000000001,28.69,64,79.18,-50.77000000000001,-53.31,,12.0,7.0,51.0,1.0,,1.7142857142857142,,7.285714285714286,,,0.5833333333333334,,,,,,27.0,0.1082538274373458,,0.05197034013774837,,,,,4.0,2.0,4.25,,,,,,,,,,,,,,,,,,,,,,412,8,,,,,,,
00-0040184,K.Lambert-Smith,LAC,,,,,,,,,10.6,,4,,,,,,,,,,,,,WR,17.6,143,1.0108,17.41,157,70.99,-53.38999999999999,-53.39,,4.0,2.0,26.0,1.0,,1.0,,6.5,,,0.5,,,,,0.07665580111000224,6.0,0.10696462617934116,3.0,0.05615530303030303,20.0,80.0,0.325,,,,,,,,,,,,,,,,,,,,,,,,,,413,8,,,,,,,
00-0031687,R.Mostert,LV,,,,,,,24.0,0.0,19.3,,9,,,,2.6666666666666665,,,,,,,,,RB,17.41,78,0.9244,18.83,85,66.49,-49.08,-53.99,6.0,11.0,11.0,59.0,0.0,0.6666666666666666,1.2222222222222223,1.2222222222222223,6.555555555555555,4.0,5.363636363636363,1.0,0.05089506172839506,0.20173160173160173,0.09065938486688638,0.0,,,,,,,,,,,,,,,,,,,,,,,,,,,,,,,,,,414,8,,,,,,,
00-0038397,E.Hull,NO,,,,,,,37.0,0.0,5.300000000000001,,5,,,,7.4,,,,,,,,,RB,17.2,82,0.9916,17.35,86,66.49,-49.28999999999999,-54.22,17.0,1.0,1.0,6.0,0.0,3.4,0.2,0.2,1.2,2.176470588235294,6.0,1.0,0.2434700882641386,0.1,0.20085697309226722,0.0,,,,,,,,,,,,,,,,,,,,,,,,,,,,,,,,,,415,8,,,,,,,
00-0040198,O.Gordon,MIA,,,,,,,131.0,2.0,36.6,,9,,,,14.555555555555555,,,,,,,,,RB,17.18,79,0.916,18.76,87,66.49,-49.309999999999995,-54.24,38.0,4.0,3.0,25.0,1.0,4.222222222222222,0.4444444444444444,0.3333333333333333,2.7777777777777777,3.4473684210526314,8.333333333333334,0.75,0.15760555486361938,0.05419272085938752,0.14026044563378837,3.0,,,,,,,,,,,,,,,,,,,,,,,,,,,,,,,,,,416,8,,,,,,,
00-0039530,B.Spann-Ford,DAL,,,,,,,,,16.5,,6,,,,,,,,,,,,,TE,27.41,63,0.9904000000000001,27.68,65,79.18,-51.77000000000001,-54.36,,7.0,5.0,55.0,1.0,,1.1666666666666667,,9.166666666666666,,,0.7142857142857143,,,,,,23.0,0.0626622649476191,,0.032225529100529095,,,,,2.0,2.0,7.857142857142857,,,,,,,,,,,,,,,,,,,,,,417,8,,,,,,,
00-0040238,L.Allen,JAX,,,,,,,72.0,0.0,15.600000000000001,,9,,,,8.0,,,,,,,,,RB,16.87,81,0.9580000000000001,17.61,88,66.49,-49.61999999999999,-54.58,19.0,6.0,6.0,24.0,0.0,2.111111111111111,0.6666666666666666,0.6666666666666666,2.6666666666666665,3.789473684210526,4.0,1.0,0.0833887298880905,0.15211640211640212,0.0959703395864237,1.0,,,,,,,,,,,,,,,,,,,,,,,,,,,,,,,,,,418,8,,,,,,,
00-0034365,I.Thomas,LV,,,,,,,,,18.0,,5,,,,,,,,,,,,,TE,26.99,58,0.9136,29.54,66,79.18,-52.19000000000001,-54.8,,9.0,9.0,90.0,0.0,,1.8,,18.0,,,1.0,,,,,,54.0,0.10102344497760843,,0.052680652680652675,,,,,0.0,0.0,10.0,,,,,,,,,,,,,,,,,,,,,,419,8,,,,,,,
00-0033246,J.Mundt,JAX,,,,,,,,,11.7,,5,,,,,,,,,,,,,TE,26.91,61,0.9520000000000001,28.27,67,79.18,-52.27000000000001,-54.88,,12.0,5.0,67.0,0.0,,2.4,,13.4,,,0.4166666666666667,,,,,,52.0,0.15443362057698098,,0.08692055692055692,,,,,1.0,0.0,5.583333333333333,,,,,,,,,,,,,,,,,,,,,,420,8,,,,,,,
00-0033854,D.Ogunbowale,HOU,,,,,,,13.0,1.0,19.6,,7,,,,1.8571428571428572,,,,,,,,,RB,16.32,83,1.042,15.66,89,66.49,-50.169999999999995,-55.19,8.0,9.0,7.0,53.0,0.0,1.1428571428571428,1.2857142857142858,1.0,7.571428571428571,1.625,7.571428571428571,0.7777777777777778,0.042976682139243716,0.20975056689342403,0.07716981762424412,3.0,,,,,,,,,,,,,,,,,,,,,,,,,,,,,,,,,,421,8,,,,,,,
00-0034521,A.Lazard,NYJ,,,,,,,,,10.6,,6,,,,,,,,,,,,,WR,15.61,144,0.9352,16.69,158,70.99,-55.379999999999995,-55.38,,12.0,6.0,46.0,0.0,,2.0,,7.666666666666667,,,0.5,,,,,0.05675632605783956,25.0,0.13933180279245902,4.166666666666667,0.11513567042978808,7.833333333333333,94.0,0.48936170212765956,,,,,,,,,,,,,,,,,,,,,,,,,,422,8,,,,,,,
00-0036887,L.Farrell,SF,,,,,,,,,14.8,,5,,,,,,,,,,,,,TE,26.41,67,1.0576,24.97,68,79.18,-52.77000000000001,-55.41,,6.0,5.0,38.0,1.0,,1.2,,7.6,,,0.8333333333333334,,,,,,19.0,0.07962565079824803,,0.044481943495101386,,,,,2.0,2.0,6.333333333333333,,,,,,,,,,,,,,,,,,,,,,423,8,,,,,,,
00-0036590,Q.Morris,JAX,,,,,,,,,10.0,,4,,,,,,,,,,,,,TE,25.46,66,0.9520000000000001,26.74,69,79.18,-53.720000000000006,-56.41,,8.0,5.0,50.0,0.0,,2.0,,12.5,,,0.625,,,,,,18.0,0.15129157311988412,,0.07909090909090909,,,,,1.0,0.0,6.25,,,,,,,,,,,,,,,,,,,,,,424,8,,,,,,,
00-0033455,A.Firkser,DET,,,,,,,,,11.1,,4,,,,,,,,,,,,,TE,24.61,70,1.0672000000000001,23.06,70,79.18,-54.57000000000001,-57.3,,7.0,6.0,51.0,0.0,,1.75,,12.75,,,0.8571428571428571,,,,,,11.0,0.09449719318082433,,0.04517523427423316,,,,,2.0,0.0,7.285714285714286,,,,,,,,,,,,,,,,,,,,,,425,8,,,,,,,
00-0034159,W.Dissly,LAC,,,,,,,,,10.8,,4,,,,,,,,,,,,,TE,23.75,69,1.0096,23.52,71,79.18,-55.43000000000001,-58.2,,7.0,6.0,48.0,0.0,,1.75,,12.0,,,0.8571428571428571,,,,,,31.0,0.10207088258690059,,0.05841394139079974,,,,,1.0,0.0,6.857142857142857,,,,,,,,,,,,,,,,,,,,,,426,8,,,,,,,
00-0038547,L.Schoonmaker,DAL,,,,,,,,,17.6,,7,,,,,,,,,,,,,TE,23.35,68,0.9904000000000001,23.58,72,79.18,-55.830000000000005,-58.62,,12.0,8.0,96.0,0.0,,1.7142857142857142,,13.714285714285714,,,0.6666666666666666,,,,,,62.0,0.08798233122511397,,0.04599295858694354,,,,,1.0,0.0,8.0,,,,,,,,,,,,,,,,,,,,,,427,8,,,,,,,
00-0039746,W.Shipley,PHI,,,,,,,21.0,0.0,12.200000000000001,,7,,,,3.0,,,,,,,,,RB,12.13,85,1.0504,11.55,90,66.49,-54.35999999999999,-59.8,9.0,6.0,6.0,41.0,0.0,1.2857142857142858,0.8571428571428571,0.8571428571428571,5.857142857142857,2.3333333333333335,6.833333333333333,1.0,0.04861031022950064,0.2357142857142857,0.07671508789581158,0.0,,,,,,,,,,,,,,,,,,,,,,,,,,,,,,,,,,428,8,,,,,,,
00-0035631,D.Sample,CIN,,,,,,,,,13.8,,5,,,,,,,,,,,,,TE,21.79,72,1.0384,20.98,73,79.18,-57.39000000000001,-60.26,,8.0,7.0,65.0,0.0,,1.6,,13.0,,,0.875,,,,,,67.0,0.06532120712399227,,0.04523759894964828,,,,,0.0,0.0,8.125,,,,,,,,,,,,,,,,,,,,,,429,8,,,,,,,
00-0039920,M.Corley,CLE,,,,,,,,,26.799999999999997,,10,,,,,,,,,,,,,WR,10.65,145,0.9352,11.39,159,70.99,-60.339999999999996,-60.34,,12.0,9.0,80.0,0.0,,1.2,,8.0,,,0.75,,,,,-0.011289378631796826,49.0,0.06736760598781857,5.444444444444445,0.11575757575757575,-0.6666666666666666,-8.0,-10.0,,,,,,,,,,,,,,,,,,,,,,,,,,430,8,,,,,,,
ROOKIE_Oscar_Delp,Oscar Delp,NO,,,,,,,,,,,0,,,,,,,,,,,,,TE,21.11,999,,,74,79.18,-58.07000000000001,-60.97,,,,,,,,,,,,,,,,,,,,,,,,,,,,,,,,,,,,,,,,,,,,,,,,,,431,7,3.0,73.0,50.0,TE2,low,True,Round 3 Saints; Jordyn Tyson WR1 already drafted here; TE2 or TE3 role initially; Georgia TE analytics solid; potential to grow into TE1 if healthy; low immediate fantasy value
00-0037267,J.Ford,CLE,,,,,,,0.0,0.0,11.600000000000001,,7,,,,0.0,,,,,,,,,RB,11.06,84,0.9496,11.65,91,66.49,-55.42999999999999,-60.97,4.0,11.0,8.0,36.0,0.0,0.5714285714285714,1.5714285714285714,1.1428571428571428,5.142857142857143,0.0,4.5,0.7272727272727273,0.02411157203353211,0.2569264069264069,0.07503470316541197,0.0,,,,,,,,,,,,,,,,,,,,,,,,,,,,,,,,,,432,8,,,,,,,
00-0037005,T.Tremble,CAR,,,,,,,,,16.5,,8,,,,,,,,,,,,,TE,20.02,71,0.9136,21.91,75,79.18,-59.16000000000001,-62.12,,13.0,8.0,85.0,0.0,,1.625,,10.625,,,0.6153846153846154,,,,,,71.0,0.14415453195403108,,0.06908618261408547,,,,,1.0,0.0,6.538461538461538,,,,,,,,,,,,,,,,,,,,,,433,8,,,,,,,
00-0036429,C.Woerner,ATL,,,,,,,,,12.3,,5,,,,,,,,,,,,,TE,19.71,74,0.9520000000000001,20.7,76,79.18,-59.470000000000006,-62.44,,8.0,7.0,53.0,0.0,,1.6,,10.6,,,0.875,,,,,,35.0,0.09574330617886896,,0.05861079488986466,,,,,1.0,0.0,6.625,,,,,,,,,,,,,,,,,,,,,,434,8,,,,,,,
00-0037120,T.Goodson,IND,,,,,,,15.0,0.0,3.3,,4,,,,3.75,,,,,,,,,RB,9.07,86,0.9916,9.15,92,66.49,-57.419999999999995,-63.16,6.0,2.0,1.0,8.0,0.0,1.5,0.5,0.25,2.0,2.5,8.0,0.5,0.0782994417862839,0.1,0.09050343249427917,0.0,,,,,,,,,,,,,,,,,,,,,,,,,,,,,,,,,,435,8,,,,,,,
00-0038720,J.Hill,MIA,,,,,,,,,10.6,,5,,,,,,,,,,,,,TE,18.88,73,0.904,20.88,77,79.18,-60.30000000000001,-63.32,,8.0,5.0,56.0,0.0,,1.6,,11.2,,,0.625,,,,,,48.0,0.11691118160134313,,0.0671957671957672,,,,,0.0,0.0,7.0,,,,,,,,,,,,,,,,,,,,,,436,8,,,,,,,
00-0040208,T.Brooks,CIN,,,,,,,28.0,0.0,10.7,,5,,,,5.6,,,,,,,,,RB,8.29,87,1.0336,8.02,93,66.49,-58.199999999999996,-64.02,11.0,2.0,1.0,9.0,1.0,2.2,0.4,0.2,1.8,2.5454545454545454,9.0,0.5,0.09973432364736712,0.08,0.08806008806008805,0.0,,,,,,,,,,,,,,,,,,,,,,,,,,,,,,,,,,437,8,,,,,,,
00-0037292,A.Ogletree,IND,,,,,,,,,12.700000000000001,,4,,,,,,,,,,,,,TE,17.62,75,0.9904000000000001,17.79,78,79.18,-61.56,-64.64,,6.0,4.0,27.0,1.0,,1.5,,6.75,,,0.6666666666666666,,,,,,9.0,0.10352518537963118,,0.04894649257552483,,,,,2.0,1.0,4.5,,,,,,,,,,,,,,,,,,,,,,438,8,,,,,,,
00-0040142,K.Johnson,PIT,,,,,,,33.0,0.0,5.2,,6,,,,5.5,,,,,,,,,RB,7.39,88,1.0,7.39,94,66.49,-59.099999999999994,-65.01,14.0,1.0,1.0,9.0,0.0,2.3333333333333335,0.16666666666666666,0.16666666666666666,1.5,2.357142857142857,9.0,1.0,0.11965193484801329,0.020833333333333332,0.08907436848613319,0.0,,,,,,,,,,,,,,,,,,,,,,,,,,,,,,,,,,439,8,,,,,,,
00-0038589,J.Whyle,GB,,,,,,,,,13.200000000000001,,5,,,,,,,,,,,,,TE,17.24,76,1.048,16.45,79,79.18,-61.94000000000001,-65.04,,5.0,4.0,32.0,1.0,,1.0,,6.4,,,0.8,,,,,,16.0,0.07122888066910547,,0.042973692973692974,,,,,1.0,1.0,6.4,,,,,,,,,,,,,,,,,,,,,,440,8,,,,,,,
00-0035628,D.Johnson,NE,,,,,,,12.0,0.0,1.2000000000000002,,4,,,,3.0,,,,,,,,,RB,6.29,89,1.0252000000000001,6.14,95,66.49,-60.199999999999996,-66.22,9.0,0.0,0.0,0.0,0.0,2.25,0.0,0.0,0.0,1.3333333333333333,,,0.09087050470751659,0.0,0.07698412698412699,1.0,,,,,,,,,,,,,,,,,,,,,,,,,,,,,,,,,,441,8,,,,,,,
00-0034981,F.Moreau,NO,,,,,,,,,17.0,,6,,,,,,,,,,,,,TE,12.77,77,0.9904000000000001,12.89,80,79.18,-66.41000000000001,-69.73,,9.0,6.0,50.0,1.0,,1.5,,8.333333333333334,,,0.6666666666666666,,,,,,38.0,0.07854079506794154,,0.04784331370427363,,,,,1.0,0.0,5.555555555555555,,,,,,,,,,,,,,,,,,,,,,442,8,,,,,,,
00-0034798,D.Smythe,CHI,,,,,,,,,6.5,,4,,,,,,,,,,,,,TE,9.09,78,1.0288,8.84,81,79.18,-70.09,-73.59,,6.0,4.0,25.0,0.0,,1.5,,6.25,,,0.6666666666666666,,,,,,15.0,0.08870811386386677,,0.05045787545787546,,,,,0.0,0.0,4.166666666666667,,,,,,,,,,,,,,,,,,,,,,443,8,,,,,,,
00-0037086,G.Calcaterra,PHI,,,,,,,,,4.5,,4,,,,,,,,,,,,,TE,7.29,79,1.0576,6.89,82,79.18,-71.89,-75.48,,4.0,3.0,15.0,0.0,,1.0,,3.75,,,0.75,,,,,,4.0,0.09857383437717426,,0.043066534914361,,,,,1.0,0.0,3.75,,,,,,,,,,,,,,,,,,,,,,444,8,,,,,,,
00-0033357,T.Hill,NO,,,,,,,,,30.82,,10,,,,,,,,,,,,,TE,6.17,80,0.9904000000000001,6.23,83,79.18,-73.01,-76.66,,13.0,8.0,59.0,0.0,,1.3,,5.9,,,0.6153846153846154,,,,,,57.0,0.06731770476508284,,0.03792086705333102,,,,,0.0,0.0,4.538461538461538,,,,,,,,,,,,,,,,,,,,,,445,8,,,,,,,
00-0036741,J.Stoll,NO,,,,,,,,,4.800000000000001,,6,,,,,,,,,,,,,TE,3.69,81,0.9904000000000001,3.73,84,79.18,-75.49000000000001,-79.26,,7.0,3.0,18.0,0.0,,1.1666666666666667,,3.0,,,0.42857142857142855,,,,,,7.0,0.0489911891941166,,0.03338752241251802,,,,,0.0,0.0,2.5714285714285716,,,,,,,,,,,,,,,,,,,,,,446,8,,,,,,,
00-0034161,D.Carlson,LV,,,,,,,,,,,6,,,,,,,,,,,,,K,,0,0.9352,,33,58.62,,,,,,,,,,,,,,,,,,,,,,,,,,,,,,,9.0,7.0,6.0,4.0,0.0,0.0,0.7777777777777778,0.6666666666666666,,1.5,14.0,,,,,,,,,,,447,8,,,,,,,
NYJ,NYJ DST,NYJ,,,,,,,,,,18.0,10,,,,,,,,,,,,,DST,,0,1.036,,32,62.25,,,,,,,,,,,,,,,,,,,,,,,,,,,,,,,,,,,,,,,,,,2.0,,,1.8,,0.05389221556886228,,29.8,0.22022265984618422,,448,8,,,,,,,
