player_id,player_name,team,pass_attempts,completions,passing_yards,passing_tds,interceptions,sacks,rushing_attempts,rushing_yards,rushing_tds,fantasy_points_half_ppr,games_played,pass_attempts_per_game,rushing_attempts_per_game,rushing_yards_per_game,ypa,completion_pct,td_pct,int_pct,dropbacks,fantasy_pts_per_dropback,rush_fantasy_contribution,position,signal_score,signal_rank,vegas_multiplier,signal_score_pre_vegas,positional_rank,replacement_signal,vbd_raw,vbd,carries,targets,receptions,receiving_yards,receiving_tds,carries_per_game,receptions_per_game,ypc,carry_share,target_share_backfield,opportunity_share,goal_line_carries,yards_after_catch,target_share,air_yards,wopr,racr,targets_per_game,yac_per_reception,adot,total_air_yards,receiving_yards_per_game,yprr_proxy,redzone_targets,endzone_targets,fg_attempts,fg_makes,fg_made_40_49,fg_att_40_49,fg_made_50p,fg_att_50p,fg_made_60p,fg_att_60p,xp_attempts,xp_makes,fg_pct,fg_pct_40_49,fg_pct_50p,fg_attempts_per_game,fumbles_recovered,turnovers,sacks_per_game,turnovers_per_game,sack_rate,turnover_rate,points_allowed_per_game,opp_epa_per_dropback_allowed,overall_rank,tier,draft_round,draft_pick,situation_score,depth_chart_role,opportunity_ceiling,is_rookie,notes,adp,adp_rank,adp_best,adp_worst,adp_sd,scrape_date,value_delta
00-0034857,Josh Allen,BUF,282.0,197.0,2271.0,14.0,6.0,28.0,66.0,325.0,11.0,231.34,10,28.2,6.6,32.5,8.053191489361701,0.6985815602836879,0.0496453900709219,0.0212765957446808,310.0,0.7462580645161291,9.85,QB,104.19,1,1.286,81.02,1,61.12,43.07,38.76,,,,,,,,,,,,,,,,,,,,,,,,,,,,,,,,,,,,,,,,,,,,,,,,1,1,,,,,,,,25.4,22.0,22.0,32.0,1.38,2026-06-26,21.0
00-0033280,Christian McCaffrey,SF,,,,,,,,843.0,9.0,206.9,10,,,,,,,,,,,RB,101.39,2,1.0868,93.29,1,71.82,29.570000000000007,32.53,195.0,62.0,50.0,446.0,4.0,19.5,5.0,4.323076923076923,0.7652506036377005,0.9290043290043288,0.7965794129641205,16.0,,,,,,,,,,,,,,,,,,,,,,,,,,,,,,,,,,,,2,1,,,,,,,,8.85,8.0,2.0,31.0,4.75,2026-06-26,6.0
00-0039851,Drake Maye,NE,295.0,209.0,2681.0,20.0,6.0,29.0,62.0,271.0,2.0,212.34,10,29.5,6.2,27.1,9.08813559322034,0.7084745762711865,0.0677966101694915,0.0203389830508474,324.0,0.6553703703703704,3.91,QB,92.63,3,1.134,81.68,2,61.12,31.51,28.36,,,,,,,,,,,,,,,,,,,,,,,,,,,,,,,,,,,,,,,,,,,,,,,,3,1,,,,,,,,34.54,33.0,25.0,70.0,10.59,2026-06-26,30.0
00-0038543,Jaxon Smith-Njigba,SEA,,,,,,,,,,145.8,10,,,,,,,,,,,WR,101.44,4,1.1458,88.53,1,74.13,27.31,27.31,,99.0,71.0,1013.0,7.0,,,,,,,,347.0,0.3704339856190947,0.4735773725001104,0.8871551391787194,1.0099700897308077,9.9,4.887323943661972,10.131313131313131,1003.0,,,,,,,,,,,,,,,,,,,,,,,,,,,4,1,,,,,,,,4.13,5.0,3.0,7.0,0.93,2026-06-26,1.0
00-0039075,Puka Nacua,LA,,,,,,,,,,145.2,9,,,,,,,,,,,WR,101.36,5,1.18,85.9,2,74.13,27.230000000000004,27.23,,90.0,65.0,1023.0,7.0,,,,,,,,413.0,0.2936797389730798,0.3218857574295027,0.6658396386602717,1.1442953020134228,10.0,6.3538461538461535,9.933333333333334,894.0,,,,,,,,,,,,,,,,,,,,,,,,,,,5,1,,,,,,,,3.13,3.0,1.0,6.0,1.22,2026-06-26,-2.0
00-0037248,James Cook,BUF,,,,,,,,1069.0,7.0,175.1,10,,,,,,,,,,,RB,96.03,6,1.1001,87.29,2,71.82,24.210000000000008,26.63,200.0,26.0,21.0,202.0,2.0,20.0,2.1,5.345,0.816004118462109,0.4136904761904761,0.7456266184795597,11.0,,,,,,,,,,,,,,,,,,,,,,,,,,,,,,,,,,,,6,1,,,,,,,,,,,,,,
00-0039139,Jahmyr Gibbs,DET,,,,,,,,753.0,9.0,192.4,10,,,,,,,,,,,RB,95.7,7,1.1001,86.99,3,71.82,23.88000000000001,26.27,137.0,64.0,51.0,471.0,3.0,13.7,5.1,5.496350364963504,0.6214149948020916,0.7434126984126984,0.6649217721276545,5.0,,,,,,,,,,,,,,,,,,,,,,,,,,,,,,,,,,,,7,1,,,,,,,,4.1,4.0,1.0,7.0,1.69,2026-06-26,-3.0
00-0038597,Chase Brown,CIN,,,,,,,,745.0,5.0,160.2,10,,,,,,,,,,,RB,95.51,8,1.0601999999999998,90.09,4,71.82,23.69000000000001,26.06,145.0,58.0,45.0,317.0,4.0,14.5,4.5,5.137931034482759,0.6763441234205851,0.8174206349206349,0.7125848421169182,6.0,,,,,,,,,,,,,,,,,,,,,,,,,,,,,,,,,,,,8,1,,,,,,,,21.56,21.0,10.0,37.0,4.88,2026-06-26,13.0
00-0037840,Kyren Williams,LA,,,,,,,,774.0,8.0,135.9,10,,,,,,,,,,,RB,95.08,9,1.14,83.4,5,71.82,23.260000000000005,25.59,152.0,22.0,15.0,105.0,0.0,15.2,1.5,5.092105263157895,0.5800476295213137,0.8518518518518519,0.6009631566839805,12.0,,,,,,,,,,,,,,,,,,,,,,,,,,,,,,,,,,,,9,1,,,,,,,,43.06,42.0,29.0,56.0,6.62,2026-06-26,33.0
00-0034844,Saquon Barkley,PHI,,,,,,,,815.0,4.0,125.1,10,,,,,,,,,,,RB,94.83,10,1.0868,87.26,6,71.82,23.010000000000005,25.31,185.0,28.0,18.0,136.0,1.0,18.5,1.8,4.405405405405405,0.8202778697932173,0.6683333333333332,0.808285938174162,9.0,,,,,,,,,,,,,,,,,,,,,,,,,,,,,,,,,,,,10,1,,,,,,,,27.96,26.0,14.0,46.0,7.33,2026-06-26,16.0
00-0036963,Amon-Ra St. Brown,DET,,,,,,,,,,111.0,10,,,,,,,,,,,WR,97.36,11,1.1287,86.26,3,74.13,23.230000000000004,23.23,,106.0,62.0,810.0,5.0,,,,,,,,356.0,0.3066089178099599,0.3896067724130626,0.7326381174040837,0.9142212189616252,10.6,5.741935483870968,8.358490566037736,886.0,,,,,,,,,,,,,,,,,,,,,,,,,,,11,1,,,,,,,,6.25,6.0,3.0,9.0,1.49,2026-06-26,-5.0
00-0036389,Jalen Hurts,PHI,282.0,177.0,2052.0,17.0,5.0,14.0,55.0,226.0,3.0,176.68,10,28.2,5.5,22.6,7.276595744680851,0.6276595744680851,0.0602836879432624,0.0177304964539007,296.0,0.596891891891892,4.0600000000000005,QB,85.94,12,1.2480000000000002,68.86,3,61.12,24.82,22.34,,,,,,,,,,,,,,,,,,,,,,,,,,,,,,,,,,,,,,,,,,,,,,,,12,1,,,,,,,,57.96,58.0,27.0,104.0,12.15,2026-06-26,46.0
00-0039064,Zay Flowers,BAL,,,,,,,,,,84.0,10,,,,,,,,,,,WR,95.43,13,1.1629,82.06,4,74.13,21.30000000000001,21.3,,66.0,48.0,650.0,2.0,,,,,,,,196.0,0.2924101261057782,0.3487983849009342,0.6827740585893214,0.9516837481698388,6.6,4.083333333333333,10.348484848484848,683.0,,,,,,,,,,,,,,,,,,,,,,,,,,,13,1,,,,,,,,34.54,33.0,15.0,49.0,8.42,2026-06-26,20.0
00-0032764,Derrick Henry,BAL,,,,,,,,1030.0,12.0,183.6,10,,,,,,,,,,,RB,91.0,14,1.1267,80.77,7,71.82,19.180000000000007,21.1,199.0,12.0,10.0,106.0,0.0,19.9,1.0,5.175879396984925,0.7514266487707564,0.35,0.6967468631951391,19.0,,,,,,,,,,,,,,,,,,,,,,,,,,,,,,,,,,,,14,1,,,,,,,,38.94,37.0,13.0,50.0,7.82,2026-06-26,23.0
00-0036223,Jonathan Taylor,IND,,,,,,,,956.0,11.0,187.4,10,,,,,,,,,,,RB,89.77,15,0.9937,90.34,8,71.82,17.950000000000003,19.75,194.0,31.0,24.0,218.0,1.0,19.4,2.4,4.927835051546392,0.9200638875139784,0.6368253968253967,0.8724954980389763,9.0,,,,,,,,,,,,,,,,,,,,,,,,,,,,,,,,,,,,15,1,,,,,,,,11.15,10.0,7.0,23.0,3.34,2026-06-26,-5.0
00-0035676,A.J. Brown,PHI,,,,,,,,,,108.9,9,,,,,,,,,,,WR,92.82,16,1.1116,83.5,5,74.13,18.69,18.69,,76.0,53.0,729.0,6.0,,,,,,,,199.0,0.2957423143233746,0.3564933927258845,0.6931588463931813,0.7864077669902912,8.444444444444445,3.7547169811320753,12.197368421052632,927.0,,,,,,,,,,,,,,,,,,,,,,,,,,,16,1,,,,,,,,16.83,15.0,9.0,40.0,5.87,2026-06-26,-1.0
00-0036900,Ja'Marr Chase,CIN,,,,,,,,,,103.6,9,,,,,,,,,,,WR,91.71,17,1.0774,85.12,6,74.13,17.58,17.58,,118.0,75.0,848.0,3.0,,,,,,,,400.0,0.3481634653677664,0.3578295788097356,0.7727259032184646,0.906951871657754,13.11111111111111,5.333333333333333,7.923728813559322,935.0,,,,,,,,,,,,,,,,,,,,,,,,,,,17,1,,,,,,,,1.69,1.0,1.0,4.0,1.1,2026-06-26,-16.0
00-0036912,DeVonta Smith,PHI,,,,,,,,,,81.5,10,,,,,,,,,,,WR,91.17,18,1.1116,82.02,7,74.13,17.040000000000006,17.04,,74.0,45.0,635.0,3.0,,,,,,,,173.0,0.2814788326198411,0.3869612106628052,0.6930910963937252,0.6684210526315789,7.4,3.844444444444445,12.83783783783784,950.0,,,,,,,,,,,,,,,,,,,,,,,,,,,18,2,,,,,,,,28.31,27.0,15.0,55.0,9.0,2026-06-26,9.0
00-0038542,Bijan Robinson,ATL,,,,,,,,961.0,5.0,187.3,11,,,,,,,,,,,RB,86.83,19,0.9405,92.32,9,71.82,15.010000000000003,16.51,189.0,69.0,52.0,472.0,3.0,17.181818181818183,4.727272727272728,5.084656084656085,0.7040453721905334,0.8341269841269842,0.7341882386161384,9.0,,,,,,,,,,,,,,,,,,,,,,,,,,,,,,,,,,,,19,2,,,,,,,,2.98,2.0,1.0,7.0,1.49,2026-06-26,-17.0
00-0036355,Justin Herbert,LAC,296.0,194.0,2234.0,16.0,9.0,37.0,59.0,343.0,2.0,179.66,10,29.6,5.9,34.3,7.547297297297297,0.6554054054054054,0.054054054054054,0.0304054054054054,333.0,0.5395195195195195,4.630000000000001,QB,78.88,20,1.0579999999999998,74.56,4,61.12,17.759999999999998,15.98,,,,,,,,,,,,,,,,,,,,,,,,,,,,,,,,,,,,,,,,,,,,,,,,20,2,,,,,,,,72.6,68.0,54.0,134.0,16.39,2026-06-26,48.0
HOU,HOU DST,HOU,,,,,13.0,34.0,,,,,11,,,,,,,,,,,DST,83.28,21,0.9475,87.89,1,62.14,21.14,15.86,,,,,,,,,,,,,,,,,,,,,,,,,,,,,,,,,,,,,,,,6.0,19.0,3.090909090909091,1.7272727272727273,0.0876288659793814,0.0221187427240977,18.545454545454547,-0.1939816855343066,21,2,,,,,,,,,,,,,,
00-0037240,Jameson Williams,DET,,,,,,,,,,106.5,10,,,,,,,,,,,WR,89.29,22,1.1287,79.11,8,74.13,15.16000000000001,15.16,,66.0,42.0,754.0,5.0,,,,,,,,269.0,0.1930613095652101,0.3321415387982031,0.5220910415065573,0.9617346938775512,6.6,6.404761904761905,11.87878787878788,784.0,,,,,,,,,,,,,,,,,,,,,,,,,,,22,2,,,,,,,,53.06,51.0,42.0,71.0,6.66,2026-06-26,29.0
00-0033288,George Kittle,SF,,,,,,,,,,93.1,9,,,,,,,,,,,TE,95.59,23,1.031,92.72,1,81.24,14.350000000000009,15.07,,58.0,48.0,574.0,6.0,,,,,,,,233.0,0.231584966311353,,,,6.444444444444445,,,,63.77777777777778,9.89655172413793,12.0,4.0,,,,,,,,,,,,,,,,,,,,,,,23,2,,,,,,,,116.65,115.0,32.0,209.0,28.44,2026-06-26,92.0
00-0036554,Nico Collins,HOU,,,,,,,,,,107.2,10,,,,,,,,,,,WR,89.11,24,1.0945,81.42,9,74.13,14.980000000000004,14.98,,84.0,49.0,805.0,3.0,,,,,,,,224.0,0.2378689020792601,0.3486539377082499,0.6008611095146652,0.7111307420494699,8.4,4.571428571428571,13.476190476190476,1132.0,,,,,,,,,,,,,,,,,,,,,,,,,,,24,2,,,,,,,,14.71,12.0,11.0,26.0,3.35,2026-06-26,-12.0
PHI,PHI DST,PHI,,,,,8.0,33.0,,,,,10,,,,,,,,,,,DST,81.96,25,0.938,87.38,2,62.14,19.819999999999997,14.86,,,,,,,,,,,,,,,,,,,,,,,,,,,,,,,,,,,,,,,,6.0,14.0,3.3,1.4,0.0932203389830508,0.0173267326732673,15.8,-0.2047196274629526,25,2,,,,,,,,,,,,,,
00-0035700,Josh Jacobs,GB,,,,,,,,570.0,7.0,111.6,10,,,,,,,,,,,RB,85.0,26,1.0735,79.18,10,71.82,13.180000000000009,14.5,136.0,25.0,21.0,106.0,1.0,13.6,2.1,4.191176470588236,0.6732936177730229,0.5524603174603174,0.6399723168007372,11.0,,,,,,,,,,,,,,,,,,,,,,,,,,,,,,,,,,,,26,2,,,,,,,,44.73,46.0,24.0,58.0,8.34,2026-06-26,20.0
00-0036997,Javonte Williams,DAL,,,,,,,,725.0,6.0,117.9,10,,,,,,,,,,,RB,82.97,27,0.9937,83.5,11,71.82,11.150000000000006,12.27,160.0,23.0,13.0,54.0,1.0,16.0,1.3,4.53125,0.6996239006565094,0.6666666666666666,0.6914145532135487,13.0,,,,,,,,,,,,,,,,,,,,,,,,,,,,,,,,,,,,27,2,,,,,,,,46.46,48.0,21.0,61.0,7.9,2026-06-26,21.0
CLE,CLE DST,CLE,,,,,8.0,37.0,,,,,10,,,,,,,,,,,DST,78.5,28,1.052,74.62,3,62.14,16.36,12.27,,,,,,,,,,,,,,,,,,,,,,,,,,,,,,,,,,,,,,,,4.0,12.0,3.7,1.2,0.1167192429022082,0.0148331273176761,21.5,-0.2744593366461854,28,2,,,,,,,,,,,,,,
00-0039067,Rashee Rice,KC,,,,,,,,,,97.1,8,,,,,,,,,,,WR,86.28,29,1.1116,77.62,10,74.13,12.150000000000006,12.15,,78.0,53.0,571.0,5.0,,,,,,,,414.0,0.2903309732573863,0.1369977045308714,0.5313948530576895,1.6893491124260356,9.75,7.811320754716981,4.333333333333333,338.0,,,,,,,,,,,,,,,,,,,,,,,,,,,29,2,,,,,,,,25.44,23.0,11.0,51.0,10.61,2026-06-26,-6.0
00-0036275,D'Andre Swift,CHI,,,,,,,,752.0,7.0,129.10000000000002,10,,,,,,,,,,,RB,82.49,30,1.0469,78.79,12,71.82,10.670000000000002,11.74,143.0,25.0,18.0,139.0,0.0,14.3,1.8,5.258741258741258,0.5527007737961085,0.6067460317460317,0.5564093091193131,11.0,,,,,,,,,,,,,,,,,,,,,,,,,,,,,,,,,,,,30,2,,,,,,,,63.13,62.0,47.0,78.0,8.15,2026-06-26,32.0
00-0026498,Matthew Stafford,LA,348.0,224.0,2764.0,30.0,6.0,11.0,13.0,1.0,0.0,216.66,10,34.8,1.3,0.1,7.942528735632184,0.6436781609195402,0.0862068965517241,0.0172413793103448,359.0,0.6035097493036211,0.01,QB,73.44,31,1.4,52.46,5,61.12,12.32,11.09,,,,,,,,,,,,,,,,,,,,,,,,,,,,,,,,,,,,,,,,,,,,,,,,31,2,,,,,,,,104.31,103.0,63.0,125.0,12.46,2026-06-26,72.0
00-0031492,Jason Myers,SEA,,,,,,,,,,,10,,,,,,,,,,,K,90.12,32,1.0972,82.14,1,66.11,24.010000000000005,10.8,,,,,,,,,,,,,,,,,,,,,,,,,,30.0,28.0,9.0,9.0,5.0,6.0,0.0,1.0,28.0,28.0,0.9333333333333332,1.0,0.8333333333333334,3.0,,,,,,,,,32,2,,,,,,,,200.49,199.0,192.0,213.0,3.43,2026-06-26,167.0
00-0039918,Caleb Williams,CHI,376.0,212.0,2551.0,16.0,4.0,13.0,48.0,274.0,1.0,197.64,11,34.18181818181818,4.363636363636363,24.90909090909091,6.784574468085107,0.5638297872340425,0.0425531914893617,0.0106382978723404,389.0,0.5080719794344474,3.036363636363637,QB,72.71,33,1.134,64.12,6,61.12,11.589999999999996,10.43,,,,,,,,,,,,,,,,,,,,,,,,,,,,,,,,,,,,,,,,,,,,,,,,33,3,,,,,,,,70.0,64.0,30.0,108.0,16.72,2026-06-26,31.0
00-0040666,Omarion Hampton,LAC,,,,,,,,231.0,2.0,46.7,4,,,,,,,,,,,RB,81.14,34,1.0203,79.53,13,71.82,9.320000000000007,10.25,58.0,13.0,12.0,56.0,1.0,14.5,3.0,3.9827586206896552,0.6525925925925926,0.725,0.660915635932034,4.0,,,,,,,,,,,,,,,,,,,,,,,,,,,,,,,,,,,,34,3,,,,,,,,27.0,24.0,13.0,53.0,8.4,2026-06-26,-10.0
00-0040126,Colston Loveland,CHI,,,,,,,,,,86.60000000000001,11,,,,,,,,,,,TE,90.84,35,1.01675,89.34,2,81.24,9.600000000000009,10.08,,60.0,43.0,568.0,5.0,,,,,,,,203.0,0.1747566115238529,,,,5.454545454545454,,,,51.63636363636363,9.466666666666669,12.0,6.0,,,,,,,,,,,,,,,,,,,,,,,35,3,,,,,,,,39.0,38.0,22.0,97.0,15.53,2026-06-26,3.0
00-0038134,Kenneth Walker III,SEA,,,,,,,,566.0,2.0,87.10000000000001,10,,,,,,,,,,,RB,80.58,36,1.1134,72.37,14,71.82,8.760000000000005,9.64,127.0,23.0,19.0,185.0,0.0,12.7,1.9,4.456692913385827,0.5128470886787316,0.6195238095238096,0.5243938256071483,5.0,,,,,,,,,,,,,,,,,,,,,,,,,,,,,,,,,,,,36,3,,,,,,,,33.33,30.0,13.0,53.0,8.93,2026-06-26,-6.0
00-0034796,Lamar Jackson,BAL,189.0,113.0,1442.0,8.0,5.0,18.0,42.0,174.0,1.0,101.08,8,23.625,5.25,21.75,7.62962962962963,0.5978835978835979,0.0423280423280423,0.0264550264550264,207.0,0.4883091787439613,2.9250000000000003,QB,71.31,37,1.362,52.36,7,61.12,10.190000000000005,9.17,,,,,,,,,,,,,,,,,,,,,,,,,,,,,,,,,,,,,,,,,,,,,,,,37,3,,,,,,,,34.35,32.0,25.0,101.0,13.99,2026-06-26,-5.0
LAC,LAC DST,LAC,,,,,13.0,25.0,,,,,10,,,,,,,,,,,DST,74.29,38,0.9855,75.38,4,62.14,12.150000000000006,9.11,,,,,,,,,,,,,,,,,,,,,,,,,,,,,,,,,,,,,,,,2.0,15.0,2.5,1.5,0.0778816199376947,0.0204638472032742,19.6,-0.0916430011396151,38,3,,,,,,,,,,,,,,
00-0031381,Davante Adams,LA,,,,,,,,,,105.3,8,,,,,,,,,,,WR,82.73,39,1.18,70.11,11,74.13,8.600000000000009,8.6,,59.0,34.0,393.0,11.0,,,,,,,,48.0,0.2313363628965846,0.3435372302001944,0.5874806054850129,0.5064432989690721,7.375,1.411764705882353,13.152542372881356,776.0,,,,,,,,,,,,,,,,,,,,,,,,,,,39,3,,,,,,,,48.13,49.0,40.0,68.0,5.35,2026-06-26,10.0
00-0039732,Bo Nix,DEN,383.0,241.0,2513.0,16.0,7.0,12.0,42.0,183.0,4.0,196.82,10,38.3,4.2,18.3,6.561357702349869,0.6292428198433421,0.04177545691906,0.0182767624020887,395.0,0.4982784810126582,4.23,QB,70.58,40,1.134,62.24,8,61.12,9.46,8.51,,,,,,,,,,,,,,,,,,,,,,,,,,,,,,,,,,,,,,,,,,,,,,,,40,3,,,,,,,,103.13,102.0,74.0,129.0,8.34,2026-06-26,62.0
SEA,SEA DST,SEA,,,,,10.0,24.0,,,,,10,,,,,,,,,,,DST,73.12,41,0.919,79.57,5,62.14,10.980000000000004,8.24,,,,,,,,,,,,,,,,,,,,,,,,,,,,,,,,,,,,,,,,8.0,18.0,2.4,1.8,0.064516129032258,0.0215827338129496,17.2,-0.2115589573031382,41,3,,,,,,,,,,,,,,
00-0036973,Travis Etienne,JAX,,,,,,,,605.0,5.0,142.20000000000002,10,,,,,,,,,,,RB,79.25,42,0.9405,84.26,15,71.82,7.430000000000007,8.17,157.0,32.0,22.0,217.0,5.0,15.7,2.2,3.853503184713376,0.7072412742841132,0.7085714285714285,0.7035846010577468,11.0,,,,,,,,,,,,,,,,,,,,,,,,,,,,,,,,,,,,42,3,,,,,,,,304.9,349.0,268.0,332.0,13.88,,307.0
00-0030506,Travis Kelce,KC,,,,,,,,,,71.9,10,,,,,,,,,,,TE,88.85,43,1.031,86.18,3,81.24,7.609999999999999,7.99,,65.0,45.0,518.0,3.0,,,,,,,,251.0,0.2100399162726984,,,,6.5,,,,51.8,7.969230769230769,6.0,5.0,,,,,,,,,,,,,,,,,,,,,,,43,3,,,,,,,,102.92,101.0,73.0,181.0,21.15,2026-06-26,58.0
00-0038124,Christian Watson,GB,,,,,,,,,,97.4,10,,,,,,,,,,,WR,81.95,44,1.0945,74.87,12,74.13,7.820000000000007,7.82,,55.0,35.0,611.0,6.0,,,,,,,,118.0,0.2030746401690929,0.3475040833137693,0.547864818573278,0.6253838280450358,5.5,3.3714285714285714,17.763636363636362,977.0,,,,,,,,,,,,,,,,,,,,,,,,,,,44,3,,,,,,,,57.25,54.0,40.0,91.0,11.25,2026-06-26,10.0
00-0037247,George Pickens,DAL,,,,,,,,,,109.5,10,,,,,,,,,,,WR,81.53,45,0.9919,82.2,13,74.13,7.400000000000006,7.4,,86.0,60.0,895.0,3.0,,,,,,,,306.0,0.2442443887656653,0.3243184174096937,0.5933894753352836,0.9381551362683438,8.6,5.1,11.093023255813954,954.0,,,,,,,,,,,,,,,,,,,,,,,,,,,45,3,,,,,,,,17.71,16.0,12.0,29.0,3.42,2026-06-26,-29.0
00-0033293,Aaron Jones,MIN,,,,,,,,502.0,2.0,75.7,10,,,,,,,,,,,RB,78.52,46,1.007,77.97,16,71.82,6.700000000000003,7.37,119.0,37.0,25.0,155.0,0.0,11.9,2.5,4.218487394957983,0.5882676394812617,0.7861904761904761,0.6289573070607554,3.0,,,,,,,,,,,,,,,,,,,,,,,,,,,,,,,,,,,,46,3,,,,,,,,328.25,389.0,272.0,445.0,32.69,,343.0
00-0039338,Brock Bowers,LV,,,,,,,,,,87.7,8,,,,,,,,,,,TE,88.2,47,0.95975,91.9,4,81.24,6.960000000000008,7.31,,59.0,45.0,455.0,7.0,,,,,,,,171.0,0.2364682028497818,,,,7.375,,,,56.875,7.711864406779661,14.0,8.0,,,,,,,,,,,,,,,,,,,,,,,47,3,,,,,,,,21.21,20.0,15.0,27.0,2.34,2026-06-26,-27.0
MIN,MIN DST,MIN,,,,,6.0,32.0,,,,,11,,,,,,,,,,,DST,71.85,48,0.995,72.21,6,62.14,9.709999999999994,7.28,,,,,,,,,,,,,,,,,,,,,,,,,,,,,,,,,,,,,,,,8.0,14.0,2.909090909090909,1.2727272727272727,0.0966767371601208,0.0156950672645739,21.181818181818183,-0.0347909501024689,48,3,,,,,,,,,,,,,,
00-0033090,Hunter Henry,NE,,,,,,,,,,67.5,10,,,,,,,,,,,TE,88.16,49,1.01675,86.71,5,81.24,6.920000000000002,7.27,,51.0,35.0,435.0,4.0,,,,,,,,207.0,0.1711907130850159,,,,5.1,,,,43.5,8.529411764705882,14.0,5.0,,,,,,,,,,,,,,,,,,,,,,,49,4,,,,,,,,161.56,155.0,124.0,226.0,20.34,2026-06-26,106.0
00-0040583,Woody Marks,HOU,,,,,,,,518.0,1.0,81.0,10,,,,,,,,,,,RB,78.31,50,1.0735,72.95,17,71.82,6.490000000000009,7.14,150.0,24.0,16.0,112.0,2.0,15.0,1.6,3.453333333333333,0.6346990854842193,0.651984126984127,0.6291045077292684,8.0,,,,,,,,,,,,,,,,,,,,,,,,,,,,,,,,,,,,50,4,,,,,,,,135.85,132.0,84.0,228.0,24.84,2026-06-26,82.0
00-0036358,CeeDee Lamb,DAL,,,,,,,,,,103.3,10,,,,,,,,,,,WR,81.27,51,0.9919,81.93,14,74.13,7.140000000000001,7.14,,92.0,58.0,851.0,3.0,,,,,,,,263.0,0.2614448072692753,0.3433593107762668,0.6325187284472997,0.7764598540145985,9.2,4.5344827586206895,11.91304347826087,1096.0,,,,,,,,,,,,,,,,,,,,,,,,,,,51,4,,,,,,,,8.63,7.0,6.0,17.0,2.22,2026-06-26,-44.0
00-0040734,TreVeyon Henderson,NE,,,,,,,,710.0,6.0,123.2,10,,,,,,,,,,,RB,78.27,52,1.0469,74.76,18,71.82,6.450000000000003,7.1,126.0,24.0,19.0,122.0,1.0,12.6,1.9,5.634920634920635,0.552087333350196,0.4845238095238094,0.5439348347555178,5.0,,,,,,,,,,,,,,,,,,,,,,,,,,,,,,,,,,,,52,4,,,,,,,,59.31,59.0,24.0,85.0,11.84,2026-06-26,7.0
00-0037239,Chris Olave,NO,,,,,,,,,,129.8,10,,,,,,,,,,,WR,81.16,53,0.9919,81.82,15,74.13,7.030000000000001,7.03,,92.0,61.0,821.0,8.0,,,,,,,,196.0,0.2736528880275865,0.4347949089086673,0.7148357682774469,0.6364341085271318,9.2,3.2131147540983607,14.021739130434783,1290.0,,,,,,,,,,,,,,,,,,,,,,,,,,,53,4,,,,,,,,18.42,17.0,11.0,36.0,6.41,2026-06-26,-36.0
00-0037744,Trey McBride,ARI,,,,,,,,,,136.7,10,,,,,,,,,,,TE,87.89,54,0.955,92.03,6,81.24,6.650000000000006,6.98,,108.0,82.0,827.0,9.0,,,,,,,,396.0,0.2839156791334302,,,,10.8,,,,82.7,7.657407407407407,24.0,5.0,,,,,,,,,,,,,,,,,,,,,,,54,4,,,,,,,,18.58,18.0,16.0,57.0,7.17,2026-06-26,-36.0
00-0036322,Justin Jefferson,MIN,,,,,,,,,,55.8,11,,,,,,,,,,,WR,81.08,55,1.009,80.36,16,74.13,6.950000000000003,6.95,,88.0,47.0,498.0,1.0,,,,,,,,250.0,0.3031226497536787,0.3789626687537651,0.7199578427581538,0.5851938895417156,8.0,5.319148936170213,9.670454545454543,851.0,,,,,,,,,,,,,,,,,,,,,,,,,,,55,4,,,,,,,,9.0,9.0,4.0,19.0,2.12,2026-06-26,-46.0
00-0040189,Oronde Gadsden II,LAC,,,,,,,,,,67.7,10,,,,,,,,,,,TE,87.78,56,1.00725,87.15,7,81.24,6.540000000000006,6.87,,48.0,32.0,497.0,3.0,,,,,,,,162.0,0.1666141816211942,,,,4.8,,,,49.7,10.354166666666666,10.0,4.0,,,,,,,,,,,,,,,,,,,,,,,56,4,,,,,,,,153.08,150.0,95.0,254.0,42.83,2026-06-26,94.0
00-0035659,Terry McLaurin,WAS,,,,,,,,,,55.60000000000001,6,,,,,,,,,,,WR,80.82,57,1.0432,77.47,17,74.13,6.689999999999998,6.69,,39.0,24.0,376.0,3.0,,,,,,,,46.0,0.2546296296296296,0.386099939852922,0.6522144023414899,0.6836363636363636,6.5,1.9166666666666667,14.102564102564102,550.0,,,,,,,,,,,,,,,,,,,,,,,,,,,57,4,,,,,,,,42.54,41.0,26.0,69.0,7.86,2026-06-26,-16.0
00-0036970,Kyle Pitts,ATL,,,,,,,,,,88.7,11,,,,,,,,,,,TE,87.54,58,0.97875,89.44,8,81.24,6.300000000000011,6.62,,81.0,59.0,647.0,4.0,,,,,,,,259.0,0.2425205435826775,,,,7.363636363636363,,,,58.81818181818182,7.987654320987654,8.0,5.0,,,,,,,,,,,,,,,,,,,,,,,58,4,,,,,,,,,,,,,,
00-0038117,Wan'Dale Robinson,NYG,,,,,,,,,,78.60000000000001,10,,,,,,,,,,,WR,80.73,59,0.9919,81.39,18,74.13,6.6000000000000085,6.6,,99.0,63.0,663.0,2.0,,,,,,,,222.0,0.3510472272262333,0.3523371524437313,0.7732068475499618,0.8046116504854369,9.9,3.523809523809524,8.323232323232324,824.0,,,,,,,,,,,,,,,,,,,,,,,,,,,59,4,,,,,,,,85.1,87.0,49.0,126.0,13.76,2026-06-26,28.0
00-0034383,Dalton Schultz,HOU,,,,,,,,,,69.80000000000001,11,,,,,,,,,,,TE,87.39,60,1.02625,85.15,9,81.24,6.150000000000006,6.46,,75.0,57.0,518.0,3.0,,,,,,,,254.0,0.196775544766526,,,,6.818181818181818,,,,47.09090909090909,6.906666666666666,9.0,6.0,,,,,,,,,,,,,,,,,,,,,,,60,4,,,,,,,,175.0,169.0,106.0,228.0,27.08,2026-06-26,109.0
00-0039040,De'Von Achane,MIA,,,,,,,,960.0,5.0,161.3,10,,,,,,,,,,,RB,77.41,61,0.874,88.57,19,71.82,5.590000000000003,6.15,162.0,47.0,38.0,293.0,1.0,16.2,3.8,5.925925925925926,0.6709609775072608,0.8108297258297258,0.691709635789537,3.0,,,,,,,,,,,,,,,,,,,,,,,,,,,,,,,,,,,,61,4,,,,,,,,16.79,14.0,5.0,31.0,5.77,2026-06-26,-47.0
00-0040691,Jaxson Dart,NYG,222.0,138.0,1534.0,9.0,3.0,23.0,49.0,288.0,7.0,162.16,8,27.75,6.125,36.0,6.90990990990991,0.6216216216216216,0.0405405405405405,0.0135135135135135,245.0,0.6618775510204081,8.85,QB,67.88,62,0.982,69.12,9,61.12,6.759999999999998,6.08,,,,,,,,,,,,,,,,,,,,,,,,,,,,,,,,,,,,,,,,,,,,,,,,62,4,,,,,,,,83.54,82.0,59.0,134.0,16.76,2026-06-26,20.0
00-0036244,Colby Parkinson,LA,,,,,,,,,,72.10000000000001,10,,,,,,,,,,,TE,86.99,63,1.05,82.85,10,81.24,5.75,6.04,,44.0,35.0,361.0,6.0,,,,,,,,244.0,0.1302668988227761,,,,4.4,,,,36.1,8.204545454545455,18.0,8.0,,,,,,,,,,,,,,,,,,,,,,,63,4,,,,,,,,253.08,262.0,173.0,300.0,23.88,2026-06-26,199.0
00-0039919,Rome Odunze,CHI,,,,,,,,,,39.3,7,,,,,,,,,,,WR,79.91,64,1.0603,75.37,19,74.13,5.780000000000001,5.78,,50.0,22.0,333.0,1.0,,,,,,,,100.0,0.2276447245564892,0.3332051364683335,0.5747106823625673,0.4599447513812155,7.142857142857143,4.545454545454546,14.48,724.0,,,,,,,,,,,,,,,,,,,,,,,,,,,64,4,,,,,,,,61.15,61.0,44.0,88.0,10.88,2026-06-26,-3.0
00-0036875,Rhamondre Stevenson,NE,,,,,,,,315.0,3.0,74.4,7,,,,,,,,,,,RB,76.89,65,1.0469,73.45,20,71.82,5.070000000000007,5.58,72.0,20.0,17.0,169.0,1.0,10.285714285714286,2.4285714285714284,4.375,0.4562356857728527,0.7159863945578231,0.4892225155846733,5.0,,,,,,,,,,,,,,,,,,,,,,,,,,,,,,,,,,,,65,4,,,,,,,,85.56,88.0,66.0,118.0,10.58,2026-06-26,23.0
00-0036158,J.K. Dobbins,DEN,,,,,,,,330.0,0.0,34.400000000000006,4,,,,,,,,,,,RB,76.75,66,1.0469,73.31,21,71.82,4.930000000000007,5.42,62.0,5.0,5.0,14.0,0.0,15.5,1.25,5.32258064516129,0.7703667105841019,0.2777777777777777,0.6375025437525438,3.0,,,,,,,,,,,,,,,,,,,,,,,,,,,,,,,,,,,,66,5,,,,,,,,108.9,107.0,84.0,156.0,15.87,2026-06-26,41.0
00-0032726,Ka'imi Fairbairn,HOU,,,,,,,,,,,9,,,,,,,,,,,K,77.89,67,1.063,73.27,2,66.11,11.78,5.3,,,,,,,,,,,,,,,,,,,,,,,,,,29.0,27.0,9.0,9.0,3.0,4.0,0.0,0.0,17.0,17.0,0.9310344827586208,1.0,0.75,3.2222222222222223,,,,,,,,,67,5,,,,,,,,192.12,187.0,190.0,198.0,1.0,2026-06-26,120.0
00-0040128,Tyler Warren,IND,,,,,,,,,,54.3,10,,,,,,,,,,,TE,85.57,68,0.99775,85.76,11,81.24,4.329999999999998,4.55,,64.0,42.0,421.0,2.0,,,,,,,,263.0,0.2070926288672395,,,,6.4,,,,42.1,6.578125,13.0,8.0,,,,,,,,,,,,,,,,,,,,,,,68,5,,,,,,,,55.67,53.0,32.0,73.0,9.18,2026-06-26,-15.0
NO,NO DST,NO,,,,,6.0,28.0,,,,,10,,,,,,,,,,,DST,68.16,69,1.0045,67.85,7,62.14,6.019999999999996,4.51,,,,,,,,,,,,,,,,,,,,,,,,,,,,,,,,,,,,,,,,6.0,12.0,2.8,1.2,0.0903225806451612,0.0148331273176761,20.4,-0.1378955431584184,69,5,,,,,,,,,,,,,,
00-0034351,Dallas Goedert,PHI,,,,,,,,,,70.8,10,,,,,,,,,,,TE,85.28,70,1.031,82.72,12,81.24,4.040000000000006,4.24,,49.0,36.0,348.0,6.0,,,,,,,,163.0,0.1943600754115233,,,,4.9,,,,34.8,7.1020408163265305,10.0,5.0,,,,,,,,,,,,,,,,,,,,,,,70,5,,,,,,,,119.98,119.0,86.0,155.0,16.13,2026-06-26,49.0
00-0040122,Ashton Jeanty,LV,,,,,,,,464.0,2.0,103.0,10,,,,,,,,,,,RB,75.62,71,0.8873,85.22,22,71.82,3.8000000000000114,4.18,135.0,49.0,38.0,266.0,3.0,13.5,3.8,3.437037037037037,0.90513027332145,0.7851082251082251,0.8747595573412271,6.0,,,,,,,,,,,,,,,,,,,,,,,,,,,,,,,,,,,,71,5,,,,,,,,16.65,13.0,7.0,31.0,6.42,2026-06-26,-58.0
00-0040129,Emeka Egbuka,TB,,,,,,,,,,52.1,10,,,,,,,,,,,WR,78.24,72,1.009,77.54,20,74.13,4.109999999999999,4.11,,82.0,35.0,461.0,1.0,,,,,,,,175.0,0.2550230673614957,0.3770053960274395,0.6464383782614512,0.4728205128205128,8.2,5.0,11.890243902439025,975.0,,,,,,,,,,,,,,,,,,,,,,,,,,,72,5,,,,,,,,43.94,43.0,19.0,62.0,9.56,2026-06-26,-29.0
00-0035640,DK Metcalf,PIT,,,,,,,,,,68.60000000000001,10,,,,,,,,,,,WR,78.02,73,1.009,77.32,21,74.13,3.890000000000001,3.89,,68.0,40.0,494.0,2.0,,,,,,,,191.0,0.2207339758178775,0.3691700159443001,0.5895199748878264,0.6569148936170213,6.8,4.775,11.058823529411764,752.0,,,,,,,,,,,,,,,,,,,,,,,,,,,73,5,,,,,,,,74.77,72.0,45.0,96.0,13.46,2026-06-26,-1.0
MIA,MIA DST,MIA,,,,,8.0,27.0,,,,,10,,,,,,,,,,,DST,66.95,74,1.09,61.42,8,62.14,4.810000000000002,3.61,,,,,,,,,,,,,,,,,,,,,,,,,,,,,,,,,,,,,,,,5.0,13.0,2.7,1.3,0.0778097982708933,0.0166028097062579,21.2,0.0310302931505176,74,5,,,,,,,,,,,,,,
00-0036854,Evan McPherson,CIN,,,,,,,,,,,10,,,,,,,,,,,K,73.99,75,1.0516,70.36,3,66.11,7.8799999999999955,3.55,,,,,,,,,,,,,,,,,,,,,,,,,,20.0,19.0,8.0,8.0,4.0,5.0,1.0,0.0,31.0,30.0,0.95,1.0,0.8,2.0,,,,,,,,,75,5,,,,,,,,211.56,213.0,200.0,252.0,9.56,2026-06-26,138.0
00-0036410,Tee Higgins,CIN,,,,,,,,,,105.9,8,,,,,,,,,,,WR,77.67,76,1.0774,72.09,22,74.13,3.5400000000000063,3.54,,54.0,35.0,559.0,8.0,,,,,,,,107.0,0.1772839971013595,0.3083991455768961,0.4818053975558666,0.7533692722371967,6.75,3.057142857142857,13.74074074074074,742.0,,,,,,,,,,,,,,,,,,,,,,,,,,,76,5,,,,,,,,34.0,31.0,18.0,48.0,6.91,2026-06-26,-45.0
00-0036259,Jauan Jennings,SF,,,,,,,,,,93.2,10,,,,,,,,,,,WR,77.45,77,1.1116,69.67,23,74.13,3.3200000000000074,3.32,,62.0,41.0,472.0,8.0,,,,,,,,103.0,0.2166854950215749,0.2771361628005427,0.5190235564927425,0.7317829457364341,6.2,2.5121951219512195,10.403225806451612,645.0,,,,,,,,,,,,,,,,,,,,,,,,,,,77,5,,,,,,,,150.13,146.0,90.0,271.0,30.86,2026-06-26,69.0
CAR,CAR DST,CAR,,,,,10.0,23.0,,,,,10,,,,,,,,,,,DST,65.4,78,1.0805,60.53,9,62.14,3.260000000000005,2.45,,,,,,,,,,,,,,,,,,,,,,,,,,,,,,,,,,,,,,,,4.0,14.0,2.3,1.4,0.0716510903426791,0.017632241813602,21.8,0.0506020587254654,78,5,,,,,,,,,,,,,,
00-0039165,Zach Charbonnet,SEA,,,,,,,,500.0,8.0,109.1,10,,,,,,,,,,,RB,73.95,79,1.1134,66.42,23,71.82,2.1300000000000097,2.34,107.0,15.0,13.0,91.0,0.0,10.7,1.3,4.672897196261682,0.4175723769131477,0.3804761904761904,0.4146410327806513,12.0,,,,,,,,,,,,,,,,,,,,,,,,,,,,,,,,,,,,79,5,,,,,,,,138.15,135.0,67.0,219.0,23.57,2026-06-26,56.0
00-0039915,Ladd McConkey,LAC,,,,,,,,,,71.60000000000001,10,,,,,,,,,,,WR,76.46,80,1.0261,74.52,24,74.13,2.3299999999999983,2.33,,63.0,38.0,476.0,4.0,,,,,,,,199.0,0.2154507055979707,0.2783399701294096,0.5180140374875427,0.6848920863309352,6.3,5.2368421052631575,11.031746031746032,695.0,,,,,,,,,,,,,,,,,,,,,,,,,,,80,5,,,,,,,,35.04,35.0,15.0,51.0,7.4,2026-06-26,-45.0
00-0037261,Khalil Shakir,BUF,,,,,,,,,,55.1,10,,,,,,,,,,,WR,76.45,81,1.1287,67.73,25,74.13,2.3200000000000074,2.32,,61.0,47.0,451.0,2.0,,,,,,,,340.0,0.2234847893652241,0.0797543873473626,0.39105525519099,2.5480225988700567,6.1,7.23404255319149,2.901639344262295,177.0,,,,,,,,,,,,,,,,,,,,,,,,,,,81,6,,,,,,,,115.21,114.0,82.0,137.0,12.84,2026-06-26,33.0
JAX,JAX DST,JAX,,,,,11.0,23.0,,,,,10,,,,,,,,,,,DST,65.11,82,1.0425,62.46,10,62.14,2.969999999999999,2.23,,,,,,,,,,,,,,,,,,,,,,,,,,,,,,,,,,,,,,,,5.0,16.0,2.3,1.6,0.0567901234567901,0.0194174757281553,20.9,-0.1490101052459819,82,6,,,,,,,,,,,,,,
00-0035689,Dawson Knox,BUF,,,,,,,,,,46.0,10,,,,,,,,,,,TE,83.36,83,1.03575,80.48,13,81.24,2.1200000000000045,2.23,,35.0,27.0,320.0,2.0,,,,,,,,139.0,0.126471934070812,,,,3.5,,,,32.0,9.142857142857142,10.0,8.0,,,,,,,,,,,,,,,,,,,,,,,83,6,,,,,,,,325.54,385.0,256.0,405.0,41.73,2026-06-26,302.0
00-0033873,Patrick Mahomes,KC,289.0,177.0,2073.0,11.0,9.0,24.0,26.0,200.0,1.0,137.92,8,36.125,3.25,25.0,7.173010380622838,0.6124567474048442,0.0380622837370242,0.0311418685121107,313.0,0.4406389776357827,3.25,QB,63.55,84,1.2480000000000002,50.92,10,61.12,2.43,2.19,,,,,,,,,,,,,,,,,,,,,,,,,,,,,,,,,,,,,,,,,,,,,,,,84,6,,,,,,,,,,,,,,
00-0037228,Jaylen Warren,PIT,,,,,,,,708.0,6.0,127.5,11,,,,,,,,,,,RB,73.55,85,1.007,73.04,24,71.82,1.730000000000004,1.9,143.0,26.0,22.0,147.0,1.0,13.0,2.0,4.951048951048951,0.649384927676084,0.3234487734487734,0.5690245936409619,8.0,,,,,,,,,,,,,,,,,,,,,,,,,,,,,,,,,,,,85,6,,,,,,,,70.04,65.0,61.0,89.0,6.01,2026-06-26,-20.0
00-0034348,Courtland Sutton,DEN,,,,,,,,,,89.0,10,,,,,,,,,,,WR,75.98,86,1.0603,71.66,26,74.13,1.8500000000000083,1.85,,82.0,46.0,630.0,4.0,,,,,,,,93.0,0.2234097310467317,0.3437168612337097,0.5757163994336945,0.6017191977077364,8.2,2.0217391304347827,12.768292682926829,1047.0,,,,,,,,,,,,,,,,,,,,,,,,,,,86,6,,,,,,,,74.96,73.0,45.0,98.0,14.24,2026-06-26,-13.0
00-0038120,Breece Hall,NYJ,,,,,,,,655.0,4.0,117.66,10,,,,,,,,,,,RB,73.4,87,0.9272,79.16,25,71.82,1.5800000000000125,1.74,155.0,24.0,19.0,200.0,1.0,15.5,1.9,4.225806451612903,0.7893259109311741,0.5323809523809524,0.737397947413961,2.0,,,,,,,,,,,,,,,,,,,,,,,,,,,,,,,,,,,,87,6,,,,,,,,40.15,40.0,24.0,53.0,5.97,2026-06-26,-47.0
00-0039404,Will Reichard,MIN,,,,,,,,,,,11,,,,,,,,,,,K,69.96,88,1.006,69.54,4,66.11,3.8499999999999934,1.73,,,,,,,,,,,,,,,,,,,,,,,,,,23.0,22.0,5.0,5.0,8.0,9.0,0.0,0.0,19.0,19.0,0.9565217391304348,1.0,0.8888888888888888,2.090909090909091,,,,,,,,,88,6,,,,,,,,260.31,273.0,200.0,333.0,31.36,2026-06-26,185.0
00-0039391,Kimani Vidal,LAC,,,,,,,,489.0,3.0,79.2,9,,,,,,,,,,,RB,73.31,89,1.0203,71.85,26,71.82,1.490000000000009,1.64,130.0,16.0,11.0,123.0,0.0,14.444444444444445,1.2222222222222223,3.7615384615384615,0.6032514810292589,0.7015873015873015,0.6003011058261909,6.0,,,,,,,,,,,,,,,,,,,,,,,,,,,,,,,,,,,,89,6,,,,,,,,193.83,191.0,143.0,248.0,29.61,2026-06-26,102.0
00-0038562,Jake Moody,WAS,,,,,,,,,,,6,,,,,,,,,,,K,69.64,90,1.0288,67.69,5,66.11,3.530000000000001,1.59,,,,,,,,,,,,,,,,,,,,,,,,,,13.0,13.0,2.0,2.0,1.0,1.0,0.0,0.0,10.0,9.0,1.0,1.0,1.0,2.1666666666666665,,,,,,,,,90,6,,,,,,,,,,,,,,
00-0036971,Trevor Lawrence,JAX,319.0,190.0,2428.0,18.0,7.0,26.0,52.0,253.0,7.0,220.42,10,31.9,5.2,25.3,7.61128526645768,0.5956112852664577,0.0564263322884012,0.0219435736677116,345.0,0.6388985507246377,6.73,QB,62.75,91,0.8299999999999998,75.6,11,61.12,1.6300000000000026,1.47,,,,,,,,,,,,,,,,,,,,,,,,,,,,,,,,,,,,,,,,,,,,,,,,91,6,,,,,,,,80.27,75.0,61.0,108.0,13.3,2026-06-26,-16.0
00-0040074,Tyler Loop,BAL,,,,,,,,,,,10,,,,,,,,,,,K,69.15,92,1.1086,62.38,6,66.11,3.0400000000000063,1.37,,,,,,,,,,,,,,,,,,,,,,,,,,22.0,20.0,3.0,3.0,0.0,2.0,0.0,0.0,27.0,26.0,0.9090909090909092,1.0,0.0,2.2,,,,,,,,,92,6,,,,,,,,208.21,209.0,196.0,253.0,7.81,2026-06-26,117.0
00-0037664,Alec Pierce,IND,,,,,,,,,,89.2,10,,,,,,,,,,,WR,74.72,93,0.9919,75.33,27,74.13,0.5900000000000034,0.59,,60.0,32.0,652.0,4.0,,,,,,,,115.0,0.1839860325066109,0.4132077681189571,0.5652244864431863,0.573943661971831,6.0,3.59375,18.933333333333334,1136.0,,,,,,,,,,,,,,,,,,,,,,,,,,,93,6,,,,,,,,73.98,71.0,38.0,100.0,13.25,2026-06-26,-22.0
ATL,ATL DST,ATL,,,,,10.0,39.0,,,,,11,,,,,,,,,,,DST,62.91,94,1.0425,60.35,11,62.14,0.769999999999996,0.58,,,,,,,,,,,,,,,,,,,,,,,,,,,,,,,,,,,,,,,,4.0,14.0,3.5454545454545454,1.2727272727272727,0.0958230958230958,0.0151187904967602,25.818181818181817,0.0275358628449907,94,6,,,,,,,,,,,,,,
00-0037692,Brandon Aubrey,DAL,,,,,,,,,,,10,,,,,,,,,,,K,66.87,95,0.9946,67.23,7,66.11,0.7600000000000051,0.34,,,,,,,,,,,,,,,,,,,,,,,,,,28.0,23.0,7.0,7.0,7.0,12.0,2.0,1.0,27.0,27.0,0.8214285714285714,1.0,0.5833333333333334,2.8,,,,,,,,,95,6,,,,,,,,187.21,182.0,185.0,193.0,1.32,2026-06-26,87.0
00-0040730,RJ Harvey,DEN,,,,,,,,358.0,7.0,124.1,10,,,,,,,,,,,RB,72.03,96,1.0469,68.8,27,71.82,0.2100000000000079,0.23,98.0,36.0,30.0,243.0,4.0,9.8,3.0,3.653061224489796,0.4801853143541123,0.5239430014430014,0.4943282124427842,9.0,,,,,,,,,,,,,,,,,,,,,,,,,,,,,,,,,,,,96,6,,,,,,,,80.88,78.0,41.0,130.0,17.78,2026-06-26,-18.0
00-0031588,Stefon Diggs,NE,,,,,,,,,,82.30000000000001,10,,,,,,,,,,,WR,74.13,97,1.0603,69.91,28,74.13,0.0,0.0,,62.0,50.0,583.0,4.0,,,,,,,,187.0,0.214526636032633,0.1721123433363506,0.4422685943843949,1.091760299625468,6.2,3.74,8.612903225806452,534.0,,,,,,,,,,,,,,,,,,,,,,,,,,,97,7,,,,,,,,161.33,154.0,83.0,334.0,47.08,2026-06-26,57.0
00-0040663,Harold Fannin Jr.,CLE,,,,,,,,,,82.6,10,,,,,,,,,,,TE,81.24,98,0.974,83.41,14,81.24,0.0,0.0,,69.0,44.0,477.0,5.0,,,,,,,,223.0,0.2539941989280865,,,,6.9,,,,47.7,6.913043478260869,7.0,3.0,,,,,,,,,,,,,,,,,,,,,,,98,7,,,,,,,,72.65,69.0,32.0,106.0,12.33,2026-06-26,-29.0
BUF,BUF DST,BUF,,,,,11.0,20.0,,,,,10,,,,,,,,,,,DST,62.14,99,0.9285,66.92,12,62.14,0.0,0.0,,,,,,,,,,,,,,,,,,,,,,,,,,,,,,,,,,,,,,,,5.0,16.0,2.0,1.6,0.0664451827242525,0.021680216802168,22.0,-0.1588979036167547,99,7,,,,,,,,,,,,,,
00-0037224,Cameron Dicker,LAC,,,,,,,,,,,10,,,,,,,,,,,K,66.11,100,1.0174,64.98,8,66.11,0.0,0.0,,,,,,,,,,,,,,,,,,,,,,,,,,26.0,23.0,10.0,11.0,4.0,5.0,0.0,0.0,24.0,23.0,0.8846153846153846,0.9090909090909092,0.8,2.6,,,,,,,,,100,7,,,,,,,,196.44,193.0,191.0,253.0,9.1,2026-06-26,93.0
00-0033077,Dak Prescott,DAL,360.0,233.0,2865.0,17.0,7.0,24.0,37.0,129.0,1.0,189.5,10,36.0,3.7,12.9,7.958333333333333,0.6472222222222223,0.0472222222222222,0.0194444444444444,384.0,0.4934895833333333,1.89,QB,61.12,101,0.982,62.24,12,61.12,0.0,0.0,,,,,,,,,,,,,,,,,,,,,,,,,,,,,,,,,,,,,,,,,,,,,,,,101,7,,,,,,,,84.06,83.0,59.0,105.0,13.02,2026-06-26,-18.0
00-0040236,Kyle Monangai,CHI,,,,,,,,688.0,5.0,110.9,11,,,,,,,,,,,RB,71.82,102,1.0469,68.6,28,71.82,0.0,0.0,141.0,23.0,13.0,101.0,0.0,12.818181818181818,1.181818181818182,4.879432624113475,0.4774533767681234,0.4332611832611832,0.4744490856218092,11.0,,,,,,,,,,,,,,,,,,,,,,,,,,,,,,,,,,,,102,7,,,,,,,,98.25,96.0,78.0,122.0,11.82,2026-06-26,-6.0
00-0039868,Troy Franklin,DEN,,,,,,,,,,79.8,10,,,,,,,,,,,WR,73.81,103,1.0603,69.61,29,74.13,-0.3199999999999932,-0.32,,67.0,41.0,459.0,5.0,,,,,,,,145.0,0.1935233444817334,0.3042997080291964,0.5032948123430376,0.4608433734939759,6.7,3.5365853658536586,14.865671641791044,996.0,,,,,,,,,,,,,,,,,,,,,,,,,,,103,7,,,,,,,,183.75,178.0,96.0,270.0,33.92,2026-06-26,75.0
00-0033555,Mack Hollins,NE,,,,,,,,,,48.400000000000006,9,,,,,,,,,,,WR,73.72,104,1.0603,69.53,30,74.13,-0.4099999999999966,-0.41,,53.0,37.0,480.0,0.0,,,,,,,,102.0,0.2053917846271669,0.2609307486271576,0.4907392009797607,0.6629834254143646,5.888888888888889,2.756756756756757,13.660377358490566,724.0,,,,,,,,,,,,,,,,,,,,,,,,,,,104,7,,,,,,,,257.63,265.0,184.0,365.0,38.46,2026-06-26,161.0
00-0039894,Xavier Worthy,KC,,,,,,,,,,42.1,10,,,,,,,,,,,WR,73.72,105,1.1116,66.32,31,74.13,-0.4099999999999966,-0.41,,51.0,29.0,387.0,0.0,,,,,,,,138.0,0.1625229954743434,0.2590009996372558,0.4250851929575942,0.6075353218210361,5.1,4.758620689655173,12.490196078431373,637.0,,,,,,,,,,,,,,,,,,,,,,,,,,,105,7,,,,,,,,126.19,125.0,100.0,154.0,13.7,2026-06-26,20.0
CHI,CHI DST,CHI,,,,,14.0,24.0,,,,,11,,,,,,,,,,,DST,61.27,106,0.9665,63.39,13,62.14,-0.8699999999999974,-0.65,,,,,,,,,,,,,,,,,,,,,,,,,,,,,,,,,,,,,,,,6.0,20.0,2.1818181818181817,1.818181818181818,0.0636604774535809,0.0229357798165137,23.181818181818183,-0.0015701614540075,106,7,,,,,,,,,,,,,,
00-0039409,Cam Little,JAX,,,,,,,,,,,10,,,,,,,,,,,K,64.29,107,0.949,67.75,9,66.11,-1.8199999999999927,-0.82,,,,,,,,,,,,,,,,,,,,,,,,,,19.0,18.0,5.0,5.0,5.0,6.0,1.0,0.0,32.0,32.0,0.9473684210526316,1.0,0.8333333333333334,1.9,,,,,,,,,107,7,,,,,,,,197.07,195.0,192.0,240.0,7.17,2026-06-26,88.0
00-0040200,Andy Borregales,NE,,,,,,,,,,,10,,,,,,,,,,,K,63.95,108,1.0402,61.48,10,66.11,-2.1599999999999966,-0.97,,,,,,,,,,,,,,,,,,,,,,,,,,21.0,18.0,6.0,9.0,1.0,1.0,0.0,0.0,34.0,34.0,0.8571428571428571,0.6666666666666666,1.0,2.1,,,,,,,,,108,7,,,,,,,,216.63,217.0,207.0,282.0,13.15,2026-06-26,109.0
00-0037816,Romeo Doubs,GB,,,,,,,,,,63.0,11,,,,,,,,,,,WR,73.04,109,1.0945,66.73,32,74.13,-1.0899999999999892,-1.09,,57.0,37.0,490.0,2.0,,,,,,,,104.0,0.1822861178619663,0.274136167498669,0.4653244940420177,0.6758620689655173,5.181818181818182,2.810810810810811,12.719298245614034,725.0,,,,,,,,,,,,,,,,,,,,,,,,,,,109,7,,,,,,,,130.9,127.0,83.0,174.0,17.66,2026-06-26,18.0
00-0034753,Mark Andrews,BAL,,,,,,,,,,51.8,10,,,,,,,,,,,TE,80.16,110,1.04525,76.69,15,81.24,-1.0799999999999983,-1.13,,40.0,25.0,234.0,3.0,,,,,,,,59.0,0.175161984754376,,,,4.0,,,,23.4,5.85,12.0,7.0,,,,,,,,,,,,,,,,,,,,,,,110,7,,,,,,,,136.13,133.0,94.0,173.0,19.18,2026-06-26,23.0
00-0035719,Deebo Samuel Sr.,WAS,,,,,,,,,,54.1,9,,,,,,,,,,,WR,72.96,111,1.0432,69.94,33,74.13,-1.1700000000000017,-1.17,,51.0,36.0,392.0,2.0,,,,,,,,264.0,0.2385978697760307,0.0987585004594677,0.4270277549856734,1.757847533632287,5.666666666666667,7.333333333333333,4.372549019607843,223.0,,,,,,,,,,,,,,,,,,,,,,,,,,,111,7,,,,,,,,165.66,161.0,116.0,302.0,35.24,2026-06-26,50.0
00-0030061,Zach Ertz,WAS,,,,,,,,,,37.2,7,,,,,,,,,,,TE,80.04,112,1.012,79.09,16,81.24,-1.1999999999999886,-1.26,,45.0,30.0,312.0,1.0,,,,,,,,72.0,0.215472332459461,,,,6.428571428571429,,,,44.57142857142857,6.933333333333334,4.0,3.0,,,,,,,,,,,,,,,,,,,,,,,112,7,,,,,,,,330.25,393.0,246.0,403.0,55.97,2026-06-26,281.0
00-0033862,Zane Gonzalez,ATL,,,,,,,,,,,8,,,,,,,,,,,K,63.32,113,0.949,66.72,11,66.11,-2.789999999999999,-1.26,,,,,,,,,,,,,,,,,,,,,,,,,,18.0,15.0,7.0,7.0,6.0,7.0,0.0,0.0,17.0,16.0,0.8333333333333334,1.0,0.8571428571428571,2.25,,,,,,,,,113,7,,,,,,,,319.9,375.0,212.0,409.0,51.15,2026-06-26,262.0
00-0033908,Cooper Kupp,SEA,,,,,,,,,,34.300000000000004,9,,,,,,,,,,,WR,72.84,114,1.1458,63.57,34,74.13,-1.289999999999992,-1.29,,35.0,22.0,303.0,1.0,,,,,,,,162.0,0.1398074690002919,0.1513182108312319,0.3156339510823002,1.01,3.888888888888889,7.363636363636363,8.571428571428571,300.0,,,,,,,,,,,,,,,,,,,,,,,,,,,114,7,,,,,,,,231.07,233.0,163.0,299.0,29.38,2026-06-26,119.0
00-0033906,Alvin Kamara,NO,,,,,,,,157.0,0.0,20.1,5,,,,,,,,,,,RB,70.43,115,0.9937,70.88,29,71.82,-1.3899999999999864,-1.53,48.0,13.0,11.0,64.0,0.0,9.6,2.2,3.270833333333333,0.7317948717948718,0.5744444444444444,0.6677976628634523,1.0,,,,,,,,,,,,,,,,,,,,,,,,,,,,,,,,,,,,115,7,,,,,,,,148.38,142.0,99.0,233.0,22.34,2026-06-26,27.0
00-0037238,Drake London,ATL,,,,,,,,,,67.4,6,,,,,,,,,,,WR,72.55,116,0.9235,78.56,35,74.13,-1.5799999999999983,-1.58,,51.0,30.0,414.0,4.0,,,,,,,,89.0,0.2758635714822327,0.3686336454141325,0.6718389090132418,0.711340206185567,8.5,2.966666666666667,11.411764705882351,582.0,,,,,,,,,,,,,,,,,,,,,,,,,,,116,7,,,,,,,,11.63,11.0,9.0,19.0,2.21,2026-06-26,-105.0
00-0031408,Mike Evans,TB,,,,,,,,,,31.4,4,,,,,,,,,,,WR,72.47,117,1.009,71.82,36,74.13,-1.6599999999999966,-1.66,,32.0,14.0,194.0,2.0,,,,,,,,14.0,0.2435227272727272,0.3622256452738291,0.6188420426007712,0.4199134199134199,8.0,1.0,14.4375,462.0,,,,,,,,,,,,,,,,,,,,,,,,,,,117,7,,,,,,,,51.23,50.0,31.0,96.0,11.88,2026-06-26,-67.0
ROOKIE_Jeremiyah_Love,Jeremiyah Love,ARI,,,,,,,,,,,0,,,,,,,,,,,RB,70.3,118,,,30,71.82,-1.519999999999996,-1.67,,,,,,,,,,,,,,,,,,,,,,,,,,,,,,,,,,,,,,,,,,,,,,,,118,7,1.0,3.0,72.0,RB1,high,True,Pick 3 overall; elite draft capital for RB rare in modern NFL; immediate starter; ARI bad offense but Love gets all the work; CMC comp athletically; workhorse role locked; bad team hurts value but touches will be massive,36.81,36.0,21.0,67.0,8.41,2026-06-26,-82.0
00-0031203,Cairo Santos,CHI,,,,,,,,,,,10,,,,,,,,,,,K,62.28,119,1.0402,59.87,12,66.11,-3.8299999999999983,-1.72,,,,,,,,,,,,,,,,,,,,,,,,,,23.0,19.0,7.0,8.0,2.0,3.0,0.0,0.0,28.0,28.0,0.8260869565217391,0.875,0.6666666666666666,2.3,,,,,,,,,119,7,,,,,,,,215.26,216.0,205.0,240.0,4.35,2026-06-26,97.0
00-0033106,Jared Goff,DET,362.0,234.0,2843.0,19.0,5.0,27.0,10.0,29.0,0.0,174.62,10,36.2,1.0,2.9,7.853591160220994,0.6464088397790055,0.0524861878453038,0.0138121546961325,389.0,0.4488946015424164,0.29,QB,59.21,120,1.286,46.04,13,61.12,-1.9099999999999968,-1.72,,,,,,,,,,,,,,,,,,,,,,,,,,,,,,,,,,,,,,,,,,,,,,,,120,7,,,,,,,,109.85,110.0,79.0,125.0,9.67,2026-06-26,-10.0
00-0033923,Kareem Hunt,KC,,,,,,,,410.0,5.0,81.7,10,,,,,,,,,,,RB,70.11,121,1.0868,64.51,31,71.82,-1.7099999999999935,-1.88,109.0,13.0,8.0,67.0,1.0,10.9,0.8,3.761467889908257,0.5412046158176189,0.4833333333333333,0.4922986814863245,10.0,,,,,,,,,,,,,,,,,,,,,,,,,,,,,,,,,,,,121,7,,,,,,,,318.0,370.0,248.0,423.0,27.78,2026-06-26,249.0
00-0039384,Tyrone Tracy Jr.,NYG,,,,,,,,563.0,2.0,92.1,10,,,,,,,,,,,RB,69.75,122,0.9937,70.19,32,71.82,-2.069999999999993,-2.28,132.0,26.0,20.0,178.0,1.0,13.2,2.0,4.265151515151516,0.5585573141455494,0.5416666666666667,0.5519136136767716,2.0,,,,,,,,,,,,,,,,,,,,,,,,,,,,,,,,,,,,122,7,,,,,,,,126.04,124.0,93.0,152.0,13.89,2026-06-26,2.0
00-0036816,Riley Patterson,MIA,,,,,,,,,,,10,,,,,,,,,,,K,60.25,123,0.892,67.54,13,66.11,-5.859999999999999,-2.64,,,,,,,,,,,,,,,,,,,,,,,,,,20.0,19.0,6.0,6.0,2.0,2.0,0.0,0.0,19.0,18.0,0.95,1.0,1.0,2.0,,,,,,,,,123,7,,,,,,,,336.5,406.0,292.0,381.0,44.5,,283.0
00-0038933,Dalton Kincaid,BUF,,,,,,,,,,35.6,6,,,,,,,,,,,TE,78.49,124,1.03575,75.78,17,81.24,-2.75,-2.89,,22.0,16.0,236.0,2.0,,,,,,,,117.0,0.1403241256864445,,,,3.6666666666666665,,,,39.333333333333336,10.727272727272728,3.0,3.0,,,,,,,,,,,,,,,,,,,,,,,124,7,,,,,,,,109.58,109.0,91.0,155.0,14.31,2026-06-26,-15.0
00-0039916,Ricky Pearsall,SF,,,,,,,,,,20.3,5,,,,,,,,,,,WR,71.19,125,1.1116,64.04,37,74.13,-2.9399999999999977,-2.94,,24.0,16.0,201.0,0.0,,,,,,,,49.0,0.1655718050065876,0.2410072444526555,0.4170627786267403,0.7077464788732394,4.8,3.0625,11.833333333333334,284.0,,,,,,,,,,,,,,,,,,,,,,,,,,,125,7,,,,,,,,100.02,97.0,71.0,154.0,17.51,2026-06-26,-28.0
00-0039847,Theo Johnson,NYG,,,,,,,,,,52.2,9,,,,,,,,,,,TE,77.8,126,0.99775,77.98,18,81.24,-3.4399999999999977,-3.61,,48.0,28.0,402.0,2.0,,,,,,,,130.0,0.1910195753586558,,,,5.333333333333333,,,,44.66666666666666,8.375,5.0,2.0,,,,,,,,,,,,,,,,,,,,,,,126,7,,,,,,,,259.15,269.0,158.0,325.0,33.73,2026-06-26,143.0
00-0036919,Kenneth Gainwell,PIT,,,,,,,,351.0,1.0,91.4,11,,,,,,,,,,,RB,68.44,127,1.007,67.96,33,71.82,-3.3799999999999955,-3.72,68.0,54.0,46.0,343.0,3.0,6.181818181818182,4.181818181818182,5.161764705882353,0.285350380588636,0.6651875901875902,0.3823893871847836,2.0,,,,,,,,,,,,,,,,,,,,,,,,,,,,,,,,,,,,127,7,,,,,,,,100.63,98.0,65.0,146.0,18.34,,-29.0
00-0033921,Chris Godwin Jr.,TB,,,,,,,,,,44.0,6,,,,,,,,,,,WR,70.23,128,1.009,69.6,38,74.13,-3.899999999999992,-3.9,,36.0,26.0,300.0,2.0,,,,,,,,181.0,0.1975204029841126,0.1468106374967986,0.399048050723928,1.5075376884422111,6.0,6.961538461538462,5.527777777777778,199.0,,,,,,,,,,,,,,,,,,,,,,,,,,,128,7,,,,,,,,80.42,76.0,44.0,128.0,14.78,2026-06-26,-52.0
00-0039172,Jake Bates,DET,,,,,,,,,,,10,,,,,,,,,,,K,57.27,129,1.0858,52.74,14,66.11,-8.839999999999996,-3.98,,,,,,,,,,,,,,,,,,,,,,,,,,20.0,16.0,6.0,7.0,3.0,4.0,0.0,0.0,31.0,29.0,0.8,0.8571428571428571,0.75,2.0,,,,,,,,,129,7,,,,,,,,229.75,230.0,192.0,252.0,14.87,2026-06-26,101.0
00-0038606,Parker Washington,JAX,,,,,,,,,,84.6,9,,,,,,,,,,,WR,70.14,130,0.9235,75.95,39,74.13,-3.989999999999995,-3.99,,61.0,40.0,605.0,3.0,,,,,,,,174.0,0.2108012104034305,0.2743059179044255,0.5082159581382437,0.779639175257732,6.777777777777778,4.35,12.721311475409836,776.0,,,,,,,,,,,,,,,,,,,,,,,,,,,130,7,,,,,,,,94.6,95.0,60.0,133.0,16.06,2026-06-26,-35.0
00-0038935,Brenton Strange,JAX,,,,,,,,,,40.400000000000006,6,,,,,,,,,,,TE,77.38,131,0.97875,79.06,19,81.24,-3.86,-4.05,,30.0,20.0,284.0,2.0,,,,,,,,118.0,0.1604155076735721,,,,5.0,,,,47.333333333333336,9.466666666666669,9.0,2.0,,,,,,,,,,,,,,,,,,,,,,,131,7,,,,,,,,149.29,143.0,106.0,203.0,24.31,2026-06-26,12.0
00-0040784,Quinshon Judkins,CLE,,,,,,,,444.0,5.0,87.3,9,,,,,,,,,,,RB,68.12,132,0.9272,73.47,34,71.82,-3.6999999999999886,-4.07,146.0,24.0,17.0,109.0,0.0,16.22222222222222,1.8888888888888888,3.041095890410959,0.7852264014282566,0.389057239057239,0.6948800836021152,8.0,,,,,,,,,,,,,,,,,,,,,,,,,,,,,,,,,,,,132,7,,,,,,,,60.48,60.0,46.0,80.0,8.44,2026-06-26,-72.0
00-0039373,Audric Estimé,NO,,,,,,,,135.0,1.0,25.5,4,,,,,,,,,,,RB,68.02,133,0.9937,68.45,35,71.82,-3.799999999999997,-4.18,25.0,8.0,7.0,60.0,0.0,6.25,1.75,5.4,0.4299301242236025,0.6875,0.4946358543417367,0.0,,,,,,,,,,,,,,,,,,,,,,,,,,,,,,,,,,,,133,7,,,,,,,,,,,,,,
00-0037252,Greg Dulcich,MIA,,,,,,,,,,33.7,8,,,,,,,,,,,TE,77.15,134,0.955,80.79,20,81.24,-4.089999999999989,-4.29,,29.0,23.0,304.0,1.0,,,,,,,,171.0,0.1551657014157014,,,,3.625,,,,38.0,10.482758620689657,7.0,3.0,,,,,,,,,,,,,,,,,,,,,,,134,7,,,,,,,,228.52,228.0,124.0,309.0,49.42,2026-06-26,94.0
00-0035358,Chase McLaughlin,TB,,,,,,,,,,,10,,,,,,,,,,,K,56.37,135,1.006,56.03,15,66.11,-9.740000000000002,-4.38,,,,,,,,,,,,,,,,,,,,,,,,,,17.0,16.0,2.0,2.0,7.0,7.0,0.0,0.0,17.0,17.0,0.9411764705882352,1.0,1.0,1.7,,,,,,,,,135,7,,,,,,,,221.43,222.0,207.0,250.0,12.29,2026-06-26,87.0
00-0036264,Jordan Love,GB,292.0,188.0,2122.0,14.0,4.0,12.0,27.0,111.0,0.0,145.98,10,29.2,2.7,11.1,7.267123287671233,0.6438356164383562,0.047945205479452,0.0136986301369863,304.0,0.4801973684210526,1.11,QB,56.19,136,1.21,46.44,14,61.12,-4.93,-4.44,,,,,,,,,,,,,,,,,,,,,,,,,,,,,,,,,,,,,,,,,,,,,,,,136,7,,,,,,,,119.4,117.0,105.0,139.0,7.38,2026-06-26,-19.0
DEN,DEN DST,DEN,,,,,8.0,34.0,,,,,10,,,,,,,,,,,DST,56.21,137,0.9665,58.16,14,62.14,-5.93,-4.45,,,,,,,,,,,,,,,,,,,,,,,,,,,,,,,,,,,,,,,,1.0,9.0,3.4,0.9,0.0858585858585858,0.0105757931844888,21.3,-0.0254544393577326,137,7,,,,,,,,,,,,,,
00-0039361,Bucky Irving,TB,,,,,,,,266.0,1.0,45.7,5,,,,,,,,,,,RB,67.76,138,1.007,67.29,36,71.82,-4.059999999999988,-4.47,76.0,14.0,10.0,71.0,1.0,15.2,2.0,3.5,0.6793706293706293,0.4833333333333333,0.6559209912894123,0.0,,,,,,,,,,,,,,,,,,,,,,,,,,,,,,,,,,,,138,7,,,,,,,,57.38,55.0,35.0,80.0,8.75,2026-06-26,-83.0
00-0036139,Rico Dowdle,CAR,,,,,,,,594.0,4.0,100.7,10,,,,,,,,,,,RB,67.75,139,0.8873,76.35,37,71.82,-4.069999999999993,-4.48,148.0,33.0,25.0,173.0,0.0,14.8,2.5,4.013513513513513,0.6561482334869432,0.5482142857142857,0.6408246035010741,4.0,,,,,,,,,,,,,,,,,,,,,,,,,,,,,,,,,,,,139,7,,,,,,,,84.65,85.0,67.0,120.0,11.01,2026-06-26,-54.0
00-0038041,Jake Ferguson,DAL,,,,,,,,,,51.1,10,,,,,,,,,,,TE,76.95,140,0.99775,77.12,21,81.24,-4.289999999999992,-4.5,,49.0,37.0,290.0,4.0,,,,,,,,145.0,0.1389967379993975,,,,4.9,,,,29.0,5.918367346938775,16.0,9.0,,,,,,,,,,,,,,,,,,,,,,,140,7,,,,,,,,104.79,104.0,73.0,138.0,12.86,2026-06-26,-36.0
00-0040124,Tetairoa McMillan,CAR,,,,,,,,,,84.9,10,,,,,,,,,,,WR,69.36,141,0.8551,81.11,40,74.13,-4.769999999999996,-4.77,,68.0,39.0,549.0,5.0,,,,,,,,148.0,0.2604731859541042,0.4905007199131974,0.7340602828703945,0.7047496790757382,6.8,3.7948717948717943,11.455882352941176,779.0,,,,,,,,,,,,,,,,,,,,,,,,,,,141,7,,,,,,,,27.44,25.0,14.0,49.0,8.34,2026-06-26,-116.0
00-0035535,Darius Slayton,NYG,,,,,,,,,,41.8,8,,,,,,,,,,,WR,69.32,142,0.9919,69.89,41,74.13,-4.810000000000002,-4.81,,36.0,21.0,338.0,1.0,,,,,,,,109.0,0.1612398080213115,0.2734695405993101,0.4332883904514845,0.6134301270417423,4.5,5.190476190476191,15.305555555555555,551.0,,,,,,,,,,,,,,,,,,,,,,,,,,,142,7,,,,,,,,267.07,281.0,170.0,381.0,41.31,2026-06-26,139.0
00-0040735,Luther Burden III,CHI,,,,,,,,,,54.7,9,,,,,,,,,,,WR,69.03,143,1.0603,65.1,42,74.13,-5.099999999999994,-5.1,,44.0,33.0,467.0,1.0,,,,,,,,225.0,0.1587730068285623,0.1420752467535383,0.3376121829703204,1.2453333333333334,4.888888888888889,6.818181818181818,8.522727272727273,375.0,,,,,,,,,,,,,,,,,,,,,,,,,,,143,7,,,,,,,,44.6,45.0,28.0,89.0,11.18,2026-06-26,-98.0
00-0034173,Eddy Pineiro,SF,,,,,,,,,,,8,,,,,,,,,,,K,54.72,144,1.0744,50.93,16,66.11,-11.39,-5.13,,,,,,,,,,,,,,,,,,,,,,,,,,13.0,12.0,5.0,5.0,2.0,3.0,0.0,1.0,30.0,27.0,0.9230769230769232,1.0,0.6666666666666666,1.625,,,,,,,,,144,7,,,,,,,,207.33,206.0,202.0,215.0,3.89,2026-06-26,62.0
00-0038544,Quentin Johnston,LAC,,,,,,,,,,59.8,8,,,,,,,,,,,WR,68.9,145,1.0261,67.15,43,74.13,-5.22999999999999,-5.23,,44.0,25.0,358.0,4.0,,,,,,,,90.0,0.1829193748241784,0.2399341981679023,0.4423330009537993,0.7075098814229249,5.5,3.6,11.5,506.0,,,,,,,,,,,,,,,,,,,,,,,,,,,145,7,,,,,,,,112.21,112.0,71.0,142.0,14.39,2026-06-26,-33.0
00-0038994,Jordan Addison,MIN,,,,,,,,,,70.8,11,,,,,,,,,,,WR,68.68,146,1.009,68.07,44,74.13,-5.449999999999989,-5.45,,62.0,32.0,447.0,2.0,,,,,,,,69.0,0.1894742468144029,0.3559750360772223,0.5333938954756601,0.5033783783783784,5.636363636363637,2.15625,14.32258064516129,888.0,,,,,,,,,,,,,,,,,,,,,,,,,,,146,7,,,,,,,,107.17,106.0,82.0,136.0,11.31,2026-06-26,-40.0
00-0039793,AJ Barner,SEA,,,,,,,,,,49.0,10,,,,,,,,,,,TE,75.98,147,1.0405,73.02,22,81.24,-5.259999999999991,-5.52,,46.0,33.0,300.0,2.0,,,,,,,,175.0,0.1539177344596046,,,,4.6,,,,30.0,6.521739130434782,8.0,3.0,,,,,,,,,,,,,,,,,,,,,,,147,7,,,,,,,,207.5,207.0,144.0,254.0,25.89,2026-06-26,60.0
BAL,BAL DST,BAL,,,,,10.0,20.0,,,,,10,,,,,,,,,,,DST,54.72,148,0.9095,60.16,15,62.14,-7.420000000000002,-5.57,,,,,,,,,,,,,,,,,,,,,,,,,,,,,,,,,,,,,,,,8.0,18.0,2.0,1.8,0.0520833333333333,0.0224719101123595,17.8,4.363960899849787e-05,148,7,,,,,,,,,,,,,,
00-0037256,Rachaad White,TB,,,,,,,,335.0,0.0,45.0,10,,,,,,,,,,,RB,66.58,149,1.007,66.12,38,71.82,-5.239999999999995,-5.76,71.0,27.0,23.0,115.0,0.0,7.1,2.3,4.71830985915493,0.3355300023630332,0.5976984126984127,0.3681600345347474,4.0,,,,,,,,,,,,,,,,,,,,,,,,,,,,,,,,,,,,149,7,,,,,,,,116.85,116.0,67.0,160.0,15.82,2026-06-26,-33.0
00-0034827,DJ Moore,CHI,,,,,,,,,,91.08,11,,,,,,,,,,,WR,68.25,150,1.0603,64.37,45,74.13,-5.879999999999996,-5.88,,56.0,30.0,456.0,5.0,,,,,,,,118.0,0.1655072131872334,0.2131784282526775,0.3974857195577245,0.6386554621848739,5.090909090909091,3.933333333333333,12.75,714.0,,,,,,,,,,,,,,,,,,,,,,,,,,,150,7,,,,,,,,55.17,52.0,27.0,115.0,14.66,2026-06-26,-98.0
00-0036613,Jaylen Waddle,MIA,,,,,,,,,,72.80000000000001,10,,,,,,,,,,,WR,68.06,151,0.838,81.22,46,74.13,-6.069999999999993,-6.07,,60.0,35.0,520.0,3.0,,,,,,,,149.0,0.2425110992352371,0.4854937416995205,0.7036122680425201,0.6067677946324388,6.0,4.257142857142857,14.283333333333331,857.0,,,,,,,,,,,,,,,,,,,,,,,,,,,151,7,,,,,,,,40.1,39.0,19.0,60.0,7.94,2026-06-26,-112.0
00-0036252,Michael Pittman,IND,,,,,,,,,,68.0,10,,,,,,,,,,,WR,67.96,152,0.9919,68.51,47,74.13,-6.170000000000002,-6.17,,69.0,50.0,480.0,3.0,,,,,,,,150.0,0.2115644354872664,0.2178721602560713,0.4698571654101495,0.8807339449541285,6.9,3.0,7.898550724637682,545.0,,,,,,,,,,,,,,,,,,,,,,,,,,,152,7,,,,,,,,,,,,,,
00-0037545,Rashid Shaheed,SEA,,,,,,,,,,53.3,11,,,,,,,,,,,WR,67.48,153,1.1458,58.89,48,74.13,-6.649999999999992,-6.65,,55.0,32.0,369.0,0.0,,,,,,,,88.0,0.1606950724909414,0.2159281172916755,0.392192290840585,0.5599393019726859,5.0,2.75,11.981818181818182,659.0,,,,,,,,,,,,,,,,,,,,,,,,,,,153,7,,,,,,,,153.73,151.0,121.0,180.0,13.33,2026-06-26,-2.0
00-0039498,Harrison Mevis,LA,,,,,,,,,,,8,,,,,,,,,,,K,49.68,154,1.12,44.36,17,66.11,-16.43,-7.39,,,,,,,,,,,,,,,,,,,,,,,,,,10.0,9.0,3.0,4.0,1.0,1.0,0.0,0.0,35.0,35.0,0.9,0.75,1.0,1.25,,,,,,,,,154,7,,,,,,,,241.74,242.0,205.0,282.0,23.3,2026-06-26,88.0
00-0032268,Marcus Mariota,WAS,179.0,108.0,1332.0,7.0,6.0,13.0,42.0,237.0,0.0,88.98,8,22.375,5.25,29.625,7.441340782122905,0.6033519553072626,0.0391061452513966,0.0335195530726257,192.0,0.4634375,2.9625000000000004,QB,52.74,155,1.096,48.12,15,61.12,-8.379999999999995,-7.54,,,,,,,,,,,,,,,,,,,,,,,,,,,,,,,,,,,,,,,,,,,,,,,,155,7,,,,,,,,348.29,430.0,324.0,397.0,23.27,2026-06-26,275.0
00-0035261,Tony Pollard,TEN,,,,,,,,672.0,3.0,94.2,10,,,,,,,,,,,RB,64.9,156,0.9139,71.01,39,71.82,-6.919999999999988,-7.61,136.0,24.0,19.0,110.0,0.0,13.6,1.9,4.941176470588236,0.6707495755878109,0.3525,0.600945700197172,2.0,,,,,,,,,,,,,,,,,,,,,,,,,,,,,,,,,,,,156,7,,,,,,,,86.08,89.0,70.0,127.0,11.0,2026-06-26,-67.0
00-0030279,Keenan Allen,LAC,,,,,,,,,,48.5,10,,,,,,,,,,,WR,66.46,157,1.0261,64.77,49,74.13,-7.670000000000002,-7.67,,58.0,41.0,425.0,1.0,,,,,,,,107.0,0.1960785584733691,0.1961183272066021,0.4314006667546751,0.85,5.8,2.609756097560976,8.620689655172415,500.0,,,,,,,,,,,,,,,,,,,,,,,,,,,157,7,,,,,,,,266.18,280.0,196.0,296.0,25.84,2026-06-26,123.0
LA,LA DST,LA,,,,,11.0,22.0,,,,,10,,,,,,,,,,,DST,51.71,158,0.9,57.45,16,62.14,-10.43,-7.82,,,,,,,,,,,,,,,,,,,,,,,,,,,,,,,,,,,,,,,,3.0,14.0,2.2,1.4,0.0588235294117647,0.017220172201722,21.6,-0.0678018575874078,158,7,,,,,,,,,,,,,,
00-0033303,Harrison Butker,KC,,,,,,,,,,,10,,,,,,,,,,,K,48.44,159,1.0744,45.09,18,66.11,-17.67,-7.95,,,,,,,,,,,,,,,,,,,,,,,,,,20.0,18.0,5.0,6.0,2.0,3.0,0.0,0.0,18.0,17.0,0.9,0.8333333333333334,0.6666666666666666,2.0,,,,,,,,,159,7,,,,,,,,238.45,238.0,200.0,333.0,28.62,2026-06-26,79.0
00-0031136,Chris Boswell,PIT,,,,,,,,,,,11,,,,,,,,,,,K,48.27,160,1.006,47.98,19,66.11,-17.839999999999996,-8.03,,,,,,,,,,,,,,,,,,,,,,,,,,19.0,16.0,5.0,6.0,5.0,6.0,0.0,0.0,28.0,28.0,0.8421052631578947,0.8333333333333334,0.8333333333333334,1.7272727272727273,,,,,,,,,160,7,,,,,,,,247.84,255.0,204.0,282.0,12.43,2026-06-26,95.0
00-0034960,Jakobi Meyers,JAX,,,,,,,,,,63.5,9,,,,,,,,,,,WR,65.79,161,0.9235,71.24,50,74.13,-8.33999999999999,-8.34,,61.0,41.0,462.0,3.0,,,,,,,,128.0,0.2272724565726706,0.2396973645357298,0.5086968400340167,0.8191489361702128,6.777777777777778,3.1219512195121952,9.245901639344265,564.0,,,,,,,,,,,,,,,,,,,,,,,,,,,161,7,,,,,,,,88.88,91.0,68.0,116.0,13.13,2026-06-26,-70.0
00-0038558,Darnell Washington,PIT,,,,,,,,,,32.2,10,,,,,,,,,,,TE,73.18,162,1.0025,73.0,23,81.24,-8.059999999999988,-8.46,,34.0,25.0,282.0,1.0,,,,,,,,178.0,0.1116121472708835,,,,3.4,,,,28.2,8.294117647058824,7.0,4.0,,,,,,,,,,,,,,,,,,,,,,,162,7,,,,,,,,297.74,337.0,254.0,390.0,35.57,2026-06-26,175.0
00-0039738,Blake Corum,LA,,,,,,,,531.0,5.0,84.80000000000001,10,,,,,,,,,,,RB,63.93,163,1.14,56.08,40,71.82,-7.8899999999999935,-8.68,103.0,6.0,4.0,17.0,0.0,10.3,0.4,5.155339805825243,0.390709946236262,0.1481481481481481,0.3724667950068407,11.0,,,,,,,,,,,,,,,,,,,,,,,,,,,,,,,,,,,,163,7,,,,,,,,109.29,108.0,86.0,141.0,12.95,2026-06-26,-55.0
00-0038559,Michael Wilson,ARI,,,,,,,,,,111.1,10,,,,,,,,,,,WR,65.27,164,0.838,77.89,51,74.13,-8.86,-8.86,,95.0,61.0,811.0,5.0,,,,,,,,223.0,0.2293646328959941,0.3475665559534879,0.5873435385114327,0.7366030881017257,9.5,3.6557377049180326,11.589473684210526,1101.0,,,,,,,,,,,,,,,,,,,,,,,,,,,164,7,,,,,,,,82.27,80.0,60.0,116.0,12.79,2026-06-26,-84.0
00-0034084,Mike Badgley,BUF,,,,,,,,,,,8,,,,,,,,,,,K,45.92,165,1.0858,42.29,20,66.11,-20.19,-9.09,,,,,,,,,,,,,,,,,,,,,,,,,,11.0,10.0,4.0,4.0,2.0,3.0,0.0,0.0,21.0,16.0,0.9090909090909092,1.0,0.6666666666666666,1.375,,,,,,,,,165,7,,,,,,,,,,,,,,
00-0039229,Charlie Smyth,NO,,,,,,,,,,,5,,,,,,,,,,,K,45.79,166,0.9946,46.04,21,66.11,-20.32,-9.14,,,,,,,,,,,,,,,,,,,,,,,,,,14.0,11.0,3.0,5.0,4.0,5.0,0.0,1.0,11.0,11.0,0.7857142857142857,0.6,0.8,2.8,,,,,,,,,166,7,,,,,,,,284.25,315.0,207.0,366.0,39.48,2026-06-26,149.0
00-0037838,Isaiah Likely,BAL,,,,,,,,,,29.7,9,,,,,,,,,,,TE,72.32,167,1.04525,69.19,24,81.24,-8.920000000000002,-9.37,,31.0,22.0,257.0,1.0,,,,,,,,110.0,0.1350199196938327,,,,3.4444444444444446,,,,28.55555555555556,8.290322580645162,6.0,2.0,,,,,,,,,,,,,,,,,,,,,,,167,7,,,,,,,,124.5,123.0,74.0,261.0,33.77,2026-06-26,-44.0
00-0029822,Brandon McManus,GB,,,,,,,,,,,9,,,,,,,,,,,K,44.78,168,1.063,42.13,22,66.11,-21.33,-9.6,,,,,,,,,,,,,,,,,,,,,,,,,,20.0,16.0,3.0,5.0,1.0,3.0,0.0,1.0,21.0,21.0,0.8,0.6,0.3333333333333333,2.2222222222222223,,,,,,,,,168,7,,,,,,,,273.67,294.0,210.0,396.0,86.53,2026-06-26,126.0
PIT,PIT DST,PIT,,,,,9.0,25.0,,,,,11,,,,,,,,,,,DST,48.94,169,0.995,49.19,17,62.14,-13.200000000000005,-9.9,,,,,,,,,,,,,,,,,,,,,,,,,,,,,,,,,,,,,,,,7.0,16.0,2.272727272727273,1.4545454545454546,0.0577367205542725,0.0171673819742489,23.272727272727277,0.0139436054981912,169,7,,,,,,,,,,,,,,
00-0035192,Joey Slye,TEN,,,,,,,,,,,10,,,,,,,,,,,K,44.01,170,0.9262,47.52,23,66.11,-22.1,-9.94,,,,,,,,,,,,,,,,,,,,,,,,,,17.0,15.0,4.0,4.0,4.0,6.0,0.0,0.0,21.0,21.0,0.8823529411764706,1.0,0.6666666666666666,1.7,,,,,,,,,170,7,,,,,,,,304.5,347.0,203.0,405.0,86.1,2026-06-26,177.0
00-0040134,Pat Bryant,DEN,,,,,,,,,,36.7,8,,,,,,,,,,,WR,64.1,171,1.0603,60.45,52,74.13,-10.03,-10.03,,38.0,23.0,307.0,1.0,,,,,,,,108.0,0.1258214610414438,0.1543117208733047,0.2967503961734791,0.8365122615803815,4.75,4.695652173913044,9.657894736842104,367.0,,,,,,,,,,,,,,,,,,,,,,,,,,,171,7,,,,,,,,202.64,202.0,168.0,272.0,24.77,2026-06-26,31.0
00-0036407,Jerry Jeudy,CLE,,,,,,,,,,44.5,10,,,,,,,,,,,WR,64.08,172,0.9064,70.7,53,74.13,-10.049999999999995,-10.05,,52.0,28.0,345.0,2.0,,,,,,,,116.0,0.1991515172641252,0.3443071296828718,0.5397422666741981,0.5948275862068966,5.2,4.142857142857143,11.153846153846152,580.0,,,,,,,,,,,,,,,,,,,,,,,,,,,172,7,,,,,,,,152.04,148.0,115.0,197.0,16.46,2026-06-26,-24.0
00-0025565,Nick Folk,NYJ,,,,,,,,,,,10,,,,,,,,,,,K,43.35,173,0.9376,46.23,24,66.11,-22.76,-10.24,,,,,,,,,,,,,,,,,,,,,,,,,,17.0,16.0,4.0,4.0,2.0,3.0,0.0,0.0,15.0,15.0,0.9411764705882352,1.0,0.6666666666666666,1.7,,,,,,,,,173,7,,,,,,,,245.2,247.0,181.0,368.0,65.07,2026-06-26,74.0
00-0039146,Jayden Reed,GB,,,,,,,,,,19.0,4,,,,,,,,,,,WR,63.75,174,1.0945,58.25,54,74.13,-10.379999999999995,-10.38,,17.0,16.0,162.0,0.0,,,,,,,,71.0,0.1563949275362318,0.0889324948378632,0.2968451376908521,1.4862385321100915,4.25,4.4375,6.411764705882353,109.0,,,,,,,,,,,,,,,,,,,,,,,,,,,174,7,,,,,,,,113.21,113.0,82.0,163.0,15.14,2026-06-26,-61.0
00-0034829,Mike Gesicki,CIN,,,,,,,,,,35.3,6,,,,,,,,,,,TE,71.3,175,1.0215,69.8,25,81.24,-9.939999999999998,-10.44,,24.0,18.0,233.0,2.0,,,,,,,,47.0,0.1135223599051872,,,,4.0,,,,38.833333333333336,9.708333333333334,4.0,2.0,,,,,,,,,,,,,,,,,,,,,,,175,7,,,,,,,,272.79,292.0,229.0,328.0,24.09,2026-06-26,117.0
00-0036894,Pat Freiermuth,PIT,,,,,,,,,,59.900000000000006,10,,,,,,,,,,,TE,71.02,176,1.0025,70.84,26,81.24,-10.22,-10.73,,38.0,30.0,359.0,4.0,,,,,,,,208.0,0.1182869441695403,,,,3.8,,,,35.9,9.447368421052632,7.0,2.0,,,,,,,,,,,,,,,,,,,,,,,176,7,,,,,,,,246.94,251.0,173.0,309.0,24.74,2026-06-26,75.0
00-0040743,Tyler Shough,NO,290.0,198.0,2125.0,9.0,5.0,27.0,42.0,152.0,2.0,136.20000000000002,9,32.22222222222222,4.666666666666667,16.88888888888889,7.327586206896552,0.6827586206896552,0.0310344827586206,0.0172413793103448,317.0,0.4296529968454259,3.0222222222222226,QB,48.69,177,0.982,49.58,16,61.12,-12.43,-11.19,,,,,,,,,,,,,,,,,,,,,,,,,,,,,,,,,,,,,,,,,,,,,,,,177,7,,,,,,,,121.56,121.0,101.0,147.0,9.96,2026-06-26,-56.0
00-0023853,Matt Prater,BUF,,,,,,,,,,,8,,,,,,,,,,,K,41.16,178,1.0858,37.91,25,66.11,-24.950000000000003,-11.23,,,,,,,,,,,,,,,,,,,,,,,,,,9.0,8.0,3.0,3.0,0.0,1.0,0.0,0.0,29.0,26.0,0.8888888888888888,1.0,0.0,1.125,,,,,,,,,178,7,,,,,,,,,,,,,,
00-0040130,Jayden Higgins,HOU,,,,,,,,,,62.1,11,,,,,,,,,,,WR,62.79,179,1.0945,57.37,55,74.13,-11.339999999999996,-11.34,,53.0,30.0,381.0,4.0,,,,,,,,85.0,0.1435347622604411,0.2009538621402488,0.3559698468888359,0.5553935860058309,4.818181818181818,2.833333333333333,12.943396226415096,686.0,,,,,,,,,,,,,,,,,,,,,,,,,,,179,7,,,,,,,,119.94,118.0,90.0,137.0,10.58,2026-06-26,-61.0
00-0039901,Keon Coleman,BUF,,,,,,,,,,23.8,5,,,,,,,,,,,WR,62.53,180,1.1287,55.4,56,74.13,-11.599999999999994,-11.6,,20.0,12.0,118.0,2.0,,,,,,,,38.0,0.1401174284652545,0.2071497317074418,0.3551809548930911,0.5,4.0,3.1666666666666665,11.8,236.0,,,,,,,,,,,,,,,,,,,,,,,,,,,180,7,,,,,,,,243.65,244.0,180.0,307.0,29.86,2026-06-26,64.0
00-0039424,Devaughn Vele,NO,,,,,,,,,,32.4,6,,,,,,,,,,,WR,62.39,181,0.9919,62.9,57,74.13,-11.739999999999997,-11.74,,34.0,21.0,264.0,1.0,,,,,,,,27.0,0.1761696363004778,0.2553695851925801,0.4430131640855227,0.6486486486486487,5.666666666666667,1.2857142857142858,11.970588235294118,407.0,,,,,,,,,,,,,,,,,,,,,,,,,,,181,7,,,,,,,,276.41,303.0,218.0,366.0,29.9,2026-06-26,122.0
00-0033787,Jake Elliott,PHI,,,,,,,,,,,10,,,,,,,,,,,K,38.41,182,1.0744,35.75,26,66.11,-27.700000000000003,-12.47,,,,,,,,,,,,,,,,,,,,,,,,,,20.0,13.0,6.0,9.0,1.0,5.0,0.0,0.0,24.0,23.0,0.65,0.6666666666666666,0.2,2.0,,,,,,,,,182,7,,,,,,,,287.4,322.0,216.0,384.0,73.36,2026-06-26,140.0
00-0035685,David Montgomery,DET,,,,,,,,340.0,4.0,68.10000000000001,10,,,,,,,,,,,RB,60.04,183,1.1001,54.58,41,71.82,-11.779999999999994,-12.96,85.0,18.0,14.0,101.0,0.0,8.5,1.4,4.0,0.3753591987462955,0.2565873015873016,0.3323004500945677,8.0,,,,,,,,,,,,,,,,,,,,,,,,,,,,,,,,,,,,183,7,,,,,,,,70.88,66.0,47.0,122.0,13.41,2026-06-26,-117.0
DET,DET DST,DET,,,,,6.0,29.0,,,,,10,,,,,,,,,,,DST,44.63,184,0.9285,48.07,18,62.14,-17.509999999999998,-13.13,,,,,,,,,,,,,,,,,,,,,,,,,,,,,,,,,,,,,,,,3.0,9.0,2.9,0.9,0.0792349726775956,0.0105017502917152,25.5,-0.0237888853506765,184,7,,,,,,,,,,,,,,
00-0034869,Sam Darnold,SEA,290.0,189.0,2309.0,14.0,11.0,18.0,22.0,46.0,0.0,124.96,10,29.0,2.2,4.6,7.962068965517242,0.6517241379310345,0.0482758620689655,0.0379310344827586,308.0,0.4057142857142857,0.4600000000000001,QB,46.45,185,1.3239999999999998,35.08,17,61.12,-14.669999999999996,-13.2,,,,,,,,,,,,,,,,,,,,,,,,,,,,,,,,,,,,,,,,,,,,,,,,185,7,,,,,,,,141.21,137.0,114.0,184.0,13.62,2026-06-26,-48.0
00-0040736,Mason Taylor,NYJ,,,,,,,,,,25.200000000000003,7,,,,,,,,,,,TE,68.59,186,0.974,70.42,27,81.24,-12.649999999999991,-13.28,,36.0,23.0,192.0,1.0,,,,,,,,79.0,0.1905703734735992,,,,5.142857142857143,,,,27.428571428571427,5.333333333333333,5.0,3.0,,,,,,,,,,,,,,,,,,,,,,,186,7,,,,,,,,252.6,261.0,138.0,357.0,39.25,2026-06-26,75.0
00-0032569,Wil Lutz,DEN,,,,,,,,,,,10,,,,,,,,,,,K,36.5,187,1.0402,35.09,27,66.11,-29.61,-13.32,,,,,,,,,,,,,,,,,,,,,,,,,,19.0,16.0,1.0,2.0,2.0,3.0,0.0,0.0,24.0,24.0,0.8421052631578947,0.5,0.6666666666666666,1.9,,,,,,,,,187,7,,,,,,,,276.26,302.0,243.0,330.0,25.45,2026-06-26,115.0
00-0035229,T.J. Hockenson,MIN,,,,,,,,,,40.5,10,,,,,,,,,,,TE,68.45,188,1.0025,68.28,28,81.24,-12.789999999999992,-13.43,,42.0,32.0,285.0,2.0,,,,,,,,137.0,0.1508849651940758,,,,4.2,,,,28.5,6.785714285714286,7.0,2.0,,,,,,,,,,,,,,,,,,,,,,,188,7,,,,,,,,188.0,184.0,124.0,246.0,23.2,2026-06-26,-4.0
00-0040202,Devin Neal,NO,,,,,,,,197.0,2.0,42.1,8,,,,,,,,,,,RB,59.56,189,0.9937,59.94,42,71.82,-12.259999999999993,-13.49,55.0,19.0,17.0,104.0,0.0,6.875,2.125,3.581818181818182,0.4158789532359326,0.4847222222222222,0.4519604253568069,2.0,,,,,,,,,,,,,,,,,,,,,,,,,,,,,,,,,,,,189,7,,,,,,,,248.23,256.0,179.0,364.0,36.66,2026-06-26,67.0
00-0038679,Tyrell Shavers,BUF,,,,,,,,,,25.4,6,,,,,,,,,,,WR,60.19,190,1.1287,53.33,58,74.13,-13.939999999999998,-13.94,,13.0,10.0,194.0,1.0,,,,,,,,43.0,0.0785608218941552,0.13457611649353,0.2120445143867038,1.0718232044198894,2.1666666666666665,4.3,13.923076923076923,181.0,,,,,,,,,,,,,,,,,,,,,,,,,,,190,7,,,,,,,,,,,,,,
00-0039893,Brian Thomas Jr.,JAX,,,,,,,,,,38.900000000000006,7,,,,,,,,,,,WR,60.16,191,0.9235,65.14,59,74.13,-13.97,-13.97,,38.0,21.0,324.0,1.0,,,,,,,,65.0,0.1627004548183095,0.266753717282325,0.4307782843250917,0.5038880248833593,5.428571428571429,3.095238095238096,16.92105263157895,643.0,,,,,,,,,,,,,,,,,,,,,,,,,,,191,7,,,,,,,,88.9,92.0,55.0,123.0,16.61,2026-06-26,-99.0
00-0038359,Xavier Smith,LA,,,,,,,,,,26.1,9,,,,,,,,,,,WR,60.07,192,1.18,50.91,60,74.13,-14.059999999999995,-14.06,,21.0,16.0,261.0,0.0,,,,,,,,107.0,0.0714301813553342,0.1071438180016311,0.1821459446341431,0.786144578313253,2.333333333333333,6.6875,15.80952380952381,332.0,,,,,,,,,,,,,,,,,,,,,,,,,,,192,7,,,,,,,,319.67,374.0,262.0,378.0,47.36,2026-06-26,182.0
TB,TB DST,TB,,,,,8.0,21.0,,,,,10,,,,,,,,,,,DST,43.38,193,0.995,43.6,19,62.14,-18.76,-14.07,,,,,,,,,,,,,,,,,,,,,,,,,,,,,,,,,,,,,,,,5.0,13.0,2.1,1.3,0.0586592178770949,0.0168393782383419,24.6,0.0568014381270349,193,7,,,,,,,,,,,,,,
00-0036040,Juwan Johnson,NO,,,,,,,,,,71.2,10,,,,,,,,,,,TE,67.71,194,0.99775,67.86,29,81.24,-13.53,-14.21,,60.0,48.0,592.0,2.0,,,,,,,,237.0,0.1802485620067875,,,,6.0,,,,59.2,9.866666666666667,3.0,0.0,,,,,,,,,,,,,,,,,,,,,,,194,7,,,,,,,,139.88,136.0,97.0,196.0,19.82,2026-06-26,-58.0
00-0038129,Cade Otton,TB,,,,,,,,,,31.200000000000003,9,,,,,,,,,,,TE,67.61,195,1.0025,67.44,30,81.24,-13.629999999999995,-14.31,,50.0,37.0,312.0,0.0,,,,,,,,158.0,0.1635734412599462,,,,5.555555555555555,,,,34.666666666666664,6.24,4.0,2.0,,,,,,,,,,,,,,,,,,,,,,,195,7,,,,,,,,249.63,257.0,188.0,290.0,20.11,2026-06-26,62.0
00-0038428,Andre Szmyt,CLE,,,,,,,,,,,10,,,,,,,,,,,K,34.2,196,0.9376,36.48,28,66.11,-31.91,-14.36,,,,,,,,,,,,,,,,,,,,,,,,,,14.0,13.0,3.0,4.0,3.0,3.0,0.0,0.0,16.0,16.0,0.9285714285714286,0.75,1.0,1.4,,,,,,,,,196,7,,,,,,,,,,,,,,
00-0039890,Adonai Mitchell,NYJ,,,,,,,,,,43.2,10,,,,,,,,,,,WR,59.73,197,0.9064,65.9,61,74.13,-14.4,-14.4,,58.0,26.0,316.0,2.0,,,,,,,,33.0,0.1891393471504951,0.3608409072359649,0.5362976557909181,0.3816425120772946,5.8,1.2692307692307692,14.275862068965518,828.0,,,,,,,,,,,,,,,,,,,,,,,,,,,197,7,,,,,,,,172.52,167.0,137.0,269.0,27.79,2026-06-26,-30.0
00-0040279,Ryan Fitzgerald,CAR,,,,,,,,,,,10,,,,,,,,,,,K,32.74,198,0.9034,36.24,29,66.11,-33.37,-15.02,,,,,,,,,,,,,,,,,,,,,,,,,,17.0,14.0,5.0,5.0,0.0,1.0,0.0,0.0,15.0,13.0,0.8235294117647058,1.0,0.0,1.7,,,,,,,,,198,7,,,,,,,,283.6,314.0,184.0,410.0,90.53,2026-06-26,116.0
00-0039163,C.J. Stroud,HOU,256.0,157.0,1796.0,10.0,5.0,11.0,28.0,82.0,0.0,110.04,8,32.0,3.5,10.25,7.015625,0.61328125,0.0390625,0.01953125,267.0,0.4121348314606741,1.025,QB,44.38,199,1.21,36.68,18,61.12,-16.739999999999995,-15.07,,,,,,,,,,,,,,,,,,,,,,,,,,,,,,,,,,,,,,,,,,,,,,,,199,7,,,,,,,,137.73,134.0,114.0,159.0,10.11,2026-06-26,-65.0
00-0040242,Jacory Croskey-Merritt,WAS,,,,,,,,432.0,4.0,67.9,10,,,,,,,,,,,RB,58.11,200,1.0336,56.22,43,71.82,-13.709999999999994,-15.08,102.0,5.0,3.0,7.0,0.0,10.2,0.3,4.235294117647059,0.5360740174857822,0.1792857142857143,0.4715950655624569,7.0,,,,,,,,,,,,,,,,,,,,,,,,,,,,,,,,,,,,200,7,,,,,,,,124.35,122.0,103.0,175.0,12.1,2026-06-26,-78.0
NE,NE DST,NE,,,,,5.0,18.0,,,,,10,,,,,,,,,,,DST,41.8,201,0.9665,43.25,20,62.14,-20.340000000000003,-15.26,,,,,,,,,,,,,,,,,,,,,,,,,,,,,,,,,,,,,,,,5.0,10.0,1.8,1.0,0.0529411764705882,0.0132100396301188,19.0,-0.1541348559857434,201,7,,,,,,,,,,,,,,
00-0037809,Chig Okonkwo,TEN,,,,,,,,,,46.0,10,,,,,,,,,,,TE,66.53,202,0.96925,68.64,31,81.24,-14.709999999999994,-15.45,,44.0,31.0,340.0,2.0,,,,,,,,183.0,0.143139239152397,,,,4.4,,,,34.0,7.727272727272727,4.0,2.0,,,,,,,,,,,,,,,,,,,,,,,202,7,,,,,,,,177.13,171.0,106.0,261.0,43.16,2026-06-26,-31.0
ROOKIE_Carnell_Tate,Carnell Tate,TEN,,,,,,,,,,,0,,,,,,,,,,,WR,58.61,203,,,62,74.13,-15.519999999999996,-15.52,,,,,,,,,,,,,,,,,,,,,,,,,,,,,,,,,,,,,,,,,,,,,,,,203,7,1.0,4.0,68.0,WR1,high,True,Pick 4 overall; TEN rebuilding around Tate; Will Levis QB limits ceiling; true WR1 role from day 1; heavy target share expected; scheme fit matters; Ohio State WR track record solid; low team scoring context is the key risk,65.4,63.0,40.0,218.0,26.81,2026-06-26,-140.0
00-0038997,Josh Downs,IND,,,,,,,,,,47.1,9,,,,,,,,,,,WR,58.35,204,0.9919,58.83,63,74.13,-15.779999999999994,-15.78,,50.0,28.0,288.0,3.0,,,,,,,,73.0,0.1731916328291931,0.1754749017836726,0.3826198804923605,0.7539267015706806,5.555555555555555,2.607142857142857,7.64,382.0,,,,,,,,,,,,,,,,,,,,,,,,,,,204,7,,,,,,,,100.9,99.0,64.0,150.0,19.06,2026-06-26,-105.0
00-0040705,Chimere Dike,TEN,,,,,,,,,,73.1,10,,,,,,,,,,,WR,58.06,205,0.8893,65.29,64,74.13,-16.069999999999993,-16.07,,52.0,36.0,370.0,4.0,,,,,,,,162.0,0.1699130446235709,0.1954198204735412,0.3916634412668352,0.8545034642032333,5.2,4.5,8.326923076923077,433.0,,,,,,,,,,,,,,,,,,,,,,,,,,,205,7,,,,,,,,208.98,211.0,140.0,299.0,40.67,2026-06-26,6.0
00-0035250,Devin Singletary,NYG,,,,,,,,329.0,4.0,72.0,10,,,,,,,,,,,RB,57.12,206,0.9937,57.48,44,71.82,-14.699999999999996,-16.17,86.0,16.0,16.0,151.0,0.0,8.6,1.6,3.825581395348837,0.3621834265951913,0.325,0.3576101958470379,9.0,,,,,,,,,,,,,,,,,,,,,,,,,,,,,,,,,,,,206,7,,,,,,,,288.95,325.0,182.0,329.0,27.37,2026-06-26,119.0
00-0038563,Tre Tucker,LV,,,,,,,,,,38.8,10,,,,,,,,,,,WR,57.95,207,0.8551,67.77,65,74.13,-16.179999999999993,-16.18,,53.0,31.0,310.0,1.0,,,,,,,,152.0,0.1897921284082274,0.2701032429807014,0.4737604626988322,0.6300813008130082,5.3,4.903225806451613,9.283018867924527,492.0,,,,,,,,,,,,,,,,,,,,,,,,,,,207,7,,,,,,,,182.21,177.0,116.0,291.0,26.74,2026-06-26,-30.0
00-0035269,Matt Gay,SF,,,,,,,,,,,6,,,,,,,,,,,K,28.76,208,1.0744,26.77,30,66.11,-37.35,-16.81,,,,,,,,,,,,,,,,,,,,,,,,,,9.0,7.0,2.0,2.0,0.0,2.0,0.0,0.0,10.0,10.0,0.7777777777777778,1.0,0.0,1.5,,,,,,,,,208,7,,,,,,,,,,,,,,
00-0031236,Brandin Cooks,BUF,,,,,,,,,,15.500000000000002,7,,,,,,,,,,,WR,57.1,209,1.1287,50.59,66,74.13,-17.029999999999994,-17.03,,19.0,11.0,155.0,0.0,,,,,,,,15.0,0.0904992397348638,0.2381497602557485,0.3024536917813197,0.4711246200607902,2.7142857142857144,1.3636363636363635,17.31578947368421,329.0,,,,,,,,,,,,,,,,,,,,,,,,,,,209,7,,,,,,,,,,,,,,
00-0035662,Marquise Brown,KC,,,,,,,,,,34.1,9,,,,,,,,,,,WR,56.91,210,1.1116,51.2,67,74.13,-17.22,-17.22,,24.0,16.0,221.0,2.0,,,,,,,,58.0,0.0912151462976384,0.1341468948292805,0.2307255458269539,0.7198697068403909,2.6666666666666665,3.625,12.791666666666666,307.0,,,,,,,,,,,,,,,,,,,,,,,,,,,210,7,,,,,,,,369.6,474.0,307.0,457.0,52.31,,264.0
00-0037157,Bam Knight,ARI,,,,,,,,224.0,2.0,51.1,8,,,,,,,,,,,RB,56.0,211,0.874,64.07,45,71.82,-15.819999999999991,-17.4,67.0,28.0,20.0,127.0,1.0,8.375,2.5,3.343283582089552,0.5177865208995324,0.459672619047619,0.4842827281414238,5.0,,,,,,,,,,,,,,,,,,,,,,,,,,,,,,,,,,,,211,7,,,,,,,,303.28,342.0,245.0,372.0,32.54,2026-06-26,131.0
00-0038797,Emanuel Wilson,GB,,,,,,,,368.0,3.0,63.00000000000001,11,,,,,,,,,,,RB,55.97,212,1.0735,52.14,46,71.82,-15.849999999999994,-17.43,89.0,12.0,10.0,62.0,0.0,8.090909090909092,0.9090909090909092,4.134831460674158,0.3481975440057404,0.2442279942279942,0.3350329095854427,4.0,,,,,,,,,,,,,,,,,,,,,,,,,,,,,,,,,,,,212,7,,,,,,,,182.19,176.0,127.0,260.0,36.06,2026-06-26,-36.0
00-0040584,Gunnar Helm,TEN,,,,,,,,,,36.400000000000006,10,,,,,,,,,,,TE,64.55,213,0.96925,66.6,32,81.24,-16.689999999999998,-17.52,,39.0,31.0,244.0,2.0,,,,,,,,116.0,0.1210149666004929,,,,3.9,,,,24.4,6.256410256410256,6.0,3.0,,,,,,,,,,,,,,,,,,,,,,,213,7,,,,,,,,225.23,225.0,171.0,334.0,28.46,2026-06-26,12.0
00-0037837,Calvin Austin III,PIT,,,,,,,,,,17.8,9,,,,,,,,,,,WR,56.58,214,1.009,56.08,68,74.13,-17.549999999999997,-17.55,,31.0,18.0,178.0,0.0,,,,,,,,83.0,0.1132855145173087,0.1630968894672615,0.2840960944030463,0.717741935483871,3.4444444444444446,4.611111111111111,8.0,248.0,,,,,,,,,,,,,,,,,,,,,,,,,,,214,7,,,,,,,,305.0,350.0,258.0,412.0,39.88,2026-06-26,136.0
NYG,NYG DST,NYG,,,,,4.0,26.0,,,,,10,,,,,,,,,,,DST,38.72,215,1.0045,38.55,21,62.14,-23.42,-17.57,,,,,,,,,,,,,,,,,,,,,,,,,,,,,,,,,,,,,,,,4.0,8.0,2.6,0.8,0.0787878787878787,0.0098765432098765,27.8,0.053542187422142,215,7,,,,,,,,,,,,,,
00-0031610,Darren Waller,MIA,,,,,,,,,,29.0,6,,,,,,,,,,,TE,64.5,216,0.955,67.54,33,81.24,-16.739999999999995,-17.58,,22.0,14.0,166.0,2.0,,,,,,,,46.0,0.1557142857142857,,,,3.6666666666666665,,,,27.666666666666668,7.545454545454546,4.0,2.0,,,,,,,,,,,,,,,,,,,,,,,216,7,,,,,,,,353.86,442.0,309.0,413.0,33.05,2026-06-26,226.0
TEN,TEN DST,TEN,,,,,2.0,31.0,,,,,10,,,,,,,,,,,DST,38.52,217,1.0615,36.29,22,62.14,-23.62,-17.71,,,,,,,,,,,,,,,,,,,,,,,,,,,,,,,,,,,,,,,,3.0,5.0,3.1,0.5,0.093093093093093,0.0062735257214554,27.6,0.1706896784136616,217,7,,,,,,,,,,,,,,
00-0037614,John Metchie III,NYJ,,,,,,,,,,35.1,8,,,,,,,,,,,WR,56.32,218,0.9064,62.14,69,74.13,-17.809999999999995,-17.81,,40.0,26.0,236.0,2.0,,,,,,,,116.0,0.1713345381514261,0.1462877681716771,0.3594032449473133,0.944,5.0,4.461538461538462,6.25,250.0,,,,,,,,,,,,,,,,,,,,,,,,,,,218,7,,,,,,,,336.5,406.0,289.0,418.0,42.9,2026-06-26,188.0
00-0036309,Darnell Mooney,ATL,,,,,,,,,,40.400000000000006,11,,,,,,,,,,,WR,56.27,219,0.9235,60.93,70,74.13,-17.859999999999992,-17.86,,49.0,22.0,344.0,1.0,,,,,,,,60.0,0.1547034109311819,0.2759174287957958,0.4251973165538299,0.4574468085106383,4.454545454545454,2.727272727272727,15.346938775510203,752.0,,,,,,,,,,,,,,,,,,,,,,,,,,,219,7,,,,,,,,203.21,203.0,154.0,296.0,24.99,2026-06-26,-16.0
00-0037291,Jalen Nailor,MIN,,,,,,,,,,44.8,11,,,,,,,,,,,WR,56.0,220,1.009,55.5,71,74.13,-18.129999999999995,-18.13,,29.0,15.0,270.0,3.0,,,,,,,,62.0,0.0974572148647458,0.1604685192773868,0.2585137857912896,0.6585365853658537,2.636363636363636,4.133333333333334,14.137931034482758,410.0,,,,,,,,,,,,,,,,,,,,,,,,,,,220,7,,,,,,,,211.93,214.0,140.0,302.0,46.41,2026-06-26,-6.0
00-0034775,Christian Kirk,HOU,,,,,,,,,,19.3,7,,,,,,,,,,,WR,55.84,221,1.0945,51.02,72,74.13,-18.289999999999992,-18.29,,34.0,17.0,133.0,1.0,,,,,,,,67.0,0.1482961949348504,0.0958138667863982,0.2895139991527544,0.642512077294686,4.857142857142857,3.941176470588236,6.088235294117647,207.0,,,,,,,,,,,,,,,,,,,,,,,,,,,221,7,,,,,,,,251.98,259.0,168.0,325.0,33.31,2026-06-26,38.0
IND,IND DST,IND,,,,,7.0,23.0,,,,,10,,,,,,,,,,,DST,37.52,222,1.0045,37.35,23,62.14,-24.62,-18.46,,,,,,,,,,,,,,,,,,,,,,,,,,,,,,,,,,,,,,,,6.0,13.0,2.3,1.3,0.0575,0.0149253731343283,25.8,0.0976664470834567,222,7,,,,,,,,,,,,,,
00-0038608,Kayshon Boutte,NE,,,,,,,,,,40.6,7,,,,,,,,,,,WR,55.56,223,1.0603,52.4,73,74.13,-18.569999999999997,-18.57,,19.0,13.0,226.0,3.0,,,,,,,,14.0,0.0972278239358984,0.1786462129946835,0.2708940850001262,0.6457142857142857,2.7142857142857144,1.0769230769230769,18.42105263157895,350.0,,,,,,,,,,,,,,,,,,,,,,,,,,,223,7,,,,,,,,180.63,174.0,141.0,244.0,24.75,2026-06-26,-49.0
00-0039849,Marvin Harrison Jr.,ARI,,,,,,,,,,41.0,6,,,,,,,,,,,WR,55.53,224,0.838,66.27,74,74.13,-18.599999999999994,-18.6,,39.0,19.0,270.0,2.0,,,,,,,,48.0,0.185872390132025,0.3159685755379391,0.4999865880745949,0.5056179775280899,6.5,2.526315789473684,13.692307692307692,534.0,,,,,,,,,,,,,,,,,,,,,,,,,,,224,7,,,,,,,,73.46,70.0,52.0,132.0,17.3,2026-06-26,-154.0
00-0038393,Dontayvion Wicks,GB,,,,,,,,,,32.9,8,,,,,,,,,,,WR,55.52,225,1.0945,50.73,75,74.13,-18.609999999999992,-18.61,,28.0,18.0,203.0,2.0,,,,,,,,39.0,0.1255746504453401,0.1246578401222513,0.275622463753586,0.7660377358490567,3.5,2.1666666666666665,9.464285714285714,265.0,,,,,,,,,,,,,,,,,,,,,,,,,,,225,7,,,,,,,,217.33,218.0,163.0,285.0,24.99,2026-06-26,-7.0
00-0039074,Davis Allen,LA,,,,,,,,,,21.3,8,,,,,,,,,,,TE,63.5,226,1.05,60.48,34,81.24,-17.739999999999995,-18.63,,23.0,17.0,153.0,1.0,,,,,,,,119.0,0.0808486084041923,,,,2.875,,,,19.125,6.652173913043479,5.0,3.0,,,,,,,,,,,,,,,,,,,,,,,226,7,,,,,,,,389.0,485.0,362.0,440.0,27.13,,259.0
ROOKIE_Jordyn_Tyson,Jordyn Tyson,NO,,,,,,,,,,,0,,,,,,,,,,,WR,55.43,227,,,76,74.13,-18.7,-18.7,,,,,,,,,,,,,,,,,,,,,,,,,,,,,,,,,,,,,,,,,,,,,,,,227,7,1.0,8.0,74.0,WR1,high,True,Pick 8; lands in New Orleans with Derek Carr; proven deep threat and RAC ability; WR1 opportunity immediately; Saints mid-tier offense; Oscar Delp TE also drafted - complementary not competitive; strong situation overall,85.06,86.0,48.0,232.0,29.57,2026-06-26,-141.0
00-0038905,Blake Grupe,IND,,,,,,,,,,,9,,,,,,,,,,,K,24.43,228,0.9946,24.56,31,66.11,-41.68,-18.76,,,,,,,,,,,,,,,,,,,,,,,,,,15.0,12.0,2.0,3.0,3.0,4.0,1.0,0.0,13.0,13.0,0.8,0.6666666666666666,0.75,1.6666666666666667,,,,,,,,,228,7,,,,,,,,268.4,283.0,211.0,356.0,53.34,2026-06-26,55.0
00-0037197,Isiah Pacheco,KC,,,,,,,,248.0,1.0,36.3,7,,,,,,,,,,,RB,54.74,229,1.0868,50.37,47,71.82,-17.07999999999999,-18.79,67.0,11.0,9.0,55.0,0.0,9.571428571428571,1.2857142857142858,3.701492537313433,0.4869752925093483,0.2372448979591836,0.471097541991625,0.0,,,,,,,,,,,,,,,,,,,,,,,,,,,,,,,,,,,,229,7,,,,,,,,151.08,147.0,126.0,169.0,9.38,2026-06-26,-82.0
00-0039032,Tyjae Spears,TEN,,,,,,,,220.0,2.0,57.6,10,,,,,,,,,,,RB,54.7,230,0.9139,59.85,48,71.82,-17.11999999999999,-18.83,60.0,39.0,34.0,236.0,0.0,6.0,3.4,3.6666666666666665,0.2925484042101689,0.6475,0.3710828055151015,2.0,,,,,,,,,,,,,,,,,,,,,,,,,,,,,,,,,,,,230,7,,,,,,,,141.25,138.0,93.0,178.0,12.78,2026-06-26,-92.0
00-0038567,Chad Ryland,ARI,,,,,,,,,,,10,,,,,,,,,,,K,24.08,231,0.892,26.99,32,66.11,-42.03,-18.91,,,,,,,,,,,,,,,,,,,,,,,,,,19.0,13.0,2.0,4.0,3.0,6.0,0.0,1.0,20.0,20.0,0.6842105263157895,0.5,0.5,1.9,,,,,,,,,231,7,,,,,,,,328.8,390.0,211.0,395.0,63.5,2026-06-26,159.0
00-0038619,Andrei Iosivas,CIN,,,,,,,,,,43.3,10,,,,,,,,,,,WR,55.21,232,1.0774,51.24,77,74.13,-18.919999999999995,-18.92,,38.0,23.0,304.0,2.0,,,,,,,,66.0,0.1014441893758781,0.1440286568070609,0.2529863438287599,0.6831460674157304,3.8,2.869565217391304,11.710526315789474,445.0,,,,,,,,,,,,,,,,,,,,,,,,,,,232,7,,,,,,,,275.04,296.0,223.0,343.0,30.23,2026-06-26,64.0
00-0038621,DeMario Douglas,NE,,,,,,,,,,39.400000000000006,10,,,,,,,,,,,WR,55.12,233,1.0603,51.99,78,74.13,-19.01,-19.01,,23.0,19.0,317.0,1.0,,,,,,,,135.0,0.0800560661227827,0.0960970420662531,0.1873520286305513,1.140287769784173,2.3,7.105263157894737,12.08695652173913,278.0,,,,,,,,,,,,,,,,,,,,,,,,,,,233,7,,,,,,,,324.93,382.0,230.0,425.0,50.82,2026-06-26,149.0
GB,GB DST,GB,,,,,5.0,22.0,,,,,11,,,,,,,,,,,DST,36.77,234,0.9475,38.81,24,62.14,-25.37,-19.03,,,,,,,,,,,,,,,,,,,,,,,,,,,,,,,,,,,,,,,,5.0,10.0,2.0,0.9090909090909092,0.0648967551622418,0.0113765642775881,22.0,0.0884512221302263,234,7,,,,,,,,,,,,,,
00-0030564,DeAndre Hopkins,BAL,,,,,,,,,,15.2,10,,,,,,,,,,,WR,55.02,235,1.1629,47.31,79,74.13,-19.109999999999992,-19.11,,24.0,13.0,152.0,0.0,,,,,,,,36.0,0.1055426312817617,0.151780246212684,0.2645601192715214,0.5352112676056338,2.4,2.769230769230769,11.833333333333334,284.0,,,,,,,,,,,,,,,,,,,,,,,,,,,235,7,,,,,,,,297.67,336.0,126.0,452.0,133.65,2026-06-26,101.0
00-0032392,Austin Hooper,NE,,,,,,,,,,27.3,7,,,,,,,,,,,TE,62.99,236,1.01675,61.95,35,81.24,-18.249999999999996,-19.16,,16.0,12.0,153.0,2.0,,,,,,,,28.0,0.0767053022653793,,,,2.2857142857142856,,,,21.857142857142858,9.5625,3.0,3.0,,,,,,,,,,,,,,,,,,,,,,,236,7,,,,,,,,334.8,403.0,309.0,395.0,31.44,2026-06-26,167.0
00-0038839,Mitchell Tinsley,CIN,,,,,,,,,,15.4,5,,,,,,,,,,,WR,54.69,237,1.0774,50.76,80,74.13,-19.44,-19.44,,20.0,6.0,94.0,1.0,,,,,,,,11.0,0.1026548214593755,0.1861010709249793,0.2842529818365488,0.2993630573248407,4.0,1.8333333333333333,15.7,314.0,,,,,,,,,,,,,,,,,,,,,,,,,,,237,7,,,,,,,,300.5,339.0,298.0,303.0,2.5,,102.0
00-0038611,Chris Rodriguez Jr.,WAS,,,,,,,,330.0,5.0,64.2,8,,,,,,,,,,,RB,54.12,238,1.0336,52.36,49,71.82,-17.699999999999996,-19.47,73.0,3.0,2.0,12.0,0.0,9.125,0.25,4.52054794520548,0.4103827667430608,0.1041666666666666,0.3794228114880288,9.0,,,,,,,,,,,,,,,,,,,,,,,,,,,,,,,,,,,,238,7,,,,,,,,149.71,144.0,117.0,243.0,31.44,2026-06-26,-94.0
00-0033702,Younghoe Koo,NYG,,,,,,,,,,,5,,,,,,,,,,,K,22.79,239,0.9946,22.91,33,66.11,-43.32,-19.49,,,,,,,,,,,,,,,,,,,,,,,,,,6.0,4.0,1.0,1.0,0.0,2.0,0.0,0.0,12.0,11.0,0.6666666666666666,1.0,0.0,1.2,,,,,,,,,239,7,,,,,,,,,,,,,,
00-0039739,Roman Wilson,PIT,,,,,,,,,,24.7,7,,,,,,,,,,,WR,54.6,240,1.009,54.11,81,74.13,-19.529999999999998,-19.53,,18.0,10.0,147.0,2.0,,,,,,,,59.0,0.0846194330194409,0.1782010712057381,0.2516698993731781,0.5903614457831325,2.571428571428572,5.9,13.833333333333334,249.0,,,,,,,,,,,,,,,,,,,,,,,,,,,240,7,,,,,,,,367.0,470.0,350.0,384.0,17.0,2026-06-26,230.0
00-0038618,Xavier Hutchinson,HOU,,,,,,,,,,31.1,10,,,,,,,,,,,WR,54.21,241,1.0945,49.53,82,74.13,-19.919999999999995,-19.92,,34.0,18.0,234.0,1.0,,,,,,,,86.0,0.0979511682579895,0.1164364418538429,0.2284322616846743,0.5879396984924623,3.4,4.777777777777778,11.705882352941176,398.0,,,,,,,,,,,,,,,,,,,,,,,,,,,241,7,,,,,,,,317.27,368.0,272.0,395.0,33.47,2026-06-26,127.0
00-0036924,Michael Carter,ARI,,,,,,,,229.0,0.0,42.3,9,,,,,,,,,,,RB,53.66,242,0.874,61.4,50,71.82,-18.16,-19.98,57.0,32.0,23.0,194.0,0.0,6.333333333333333,2.555555555555556,4.017543859649122,0.3803768580729365,0.4538359788359788,0.4128231671709932,2.0,,,,,,,,,,,,,,,,,,,,,,,,,,,,,,,,,,,,242,7,,,,,,,,333.45,399.0,294.0,417.0,35.05,2026-06-26,157.0
00-0040170,Elic Ayomanor,TEN,,,,,,,,,,38.900000000000006,9,,,,,,,,,,,WR,54.12,243,0.8893,60.86,83,74.13,-20.01,-20.01,,45.0,21.0,269.0,2.0,,,,,,,,70.0,0.1636543885154996,0.2553205237101472,0.4242059493703524,0.4990723562152133,5.0,3.333333333333333,11.977777777777778,539.0,,,,,,,,,,,,,,,,,,,,,,,,,,,243,7,,,,,,,,225.07,224.0,164.0,331.0,37.68,2026-06-26,-19.0
00-0033526,Samaje Perine,CIN,,,,,,,,272.0,3.0,48.5,8,,,,,,,,,,,RB,53.54,244,1.0601999999999998,50.5,51,71.82,-18.279999999999998,-20.11,61.0,9.0,8.0,53.0,0.0,7.625,1.0,4.459016393442623,0.3300605687693393,0.1782242063492063,0.2954670245002053,4.0,,,,,,,,,,,,,,,,,,,,,,,,,,,,,,,,,,,,244,7,,,,,,,,281.64,310.0,157.0,415.0,46.42,2026-06-26,66.0
00-0032398,Chris Moore,WAS,,,,,,,,,,10.2,5,,,,,,,,,,,WR,53.42,245,1.0432,51.21,84,74.13,-20.709999999999997,-20.71,,11.0,5.0,102.0,0.0,,,,,,,,45.0,0.0762646326606282,0.1336114242675654,0.2079249459782381,0.6107784431137725,2.2,9.0,15.181818181818182,167.0,,,,,,,,,,,,,,,,,,,,,,,,,,,245,7,,,,,,,,342.5,418.0,300.0,385.0,42.5,,173.0
00-0033955,Jeremy McNichols,WAS,,,,,,,,101.0,0.0,24.700000000000003,10,,,,,,,,,,,RB,52.97,246,1.0336,51.25,52,71.82,-18.849999999999994,-20.73,30.0,22.0,19.0,146.0,0.0,3.0,1.9,3.3666666666666667,0.1356197691197691,0.7373809523809524,0.22486668524712,2.0,,,,,,,,,,,,,,,,,,,,,,,,,,,,,,,,,,,,246,7,,,,,,,,,,,,,,
00-0039491,Jalen Coker,CAR,,,,,,,,,,46.7,10,,,,,,,,,,,WR,53.13,247,0.8551,62.13,85,74.13,-20.999999999999996,-21.0,,36.0,27.0,347.0,2.0,,,,,,,,99.0,0.1460559451812127,0.198134286972453,0.3577779186525363,0.913157894736842,3.6,3.6666666666666665,10.555555555555555,380.0,,,,,,,,,,,,,,,,,,,,,,,,,,,247,7,,,,,,,,133.94,130.0,109.0,205.0,17.38,2026-06-26,-117.0
00-0037742,Treylon Burks,WAS,,,,,,,,,,17.8,7,,,,,,,,,,,WR,52.86,248,1.0432,50.67,86,74.13,-21.27,-21.27,,18.0,8.0,118.0,1.0,,,,,,,,25.0,0.113301381158524,0.1473075977253955,0.2730673901455628,0.4682539682539682,2.571428571428572,3.125,14.0,252.0,,,,,,,,,,,,,,,,,,,,,,,,,,,248,7,,,,,,,,332.78,395.0,270.0,397.0,43.31,2026-06-26,147.0
00-0038454,Keaton Mitchell,BAL,,,,,,,,331.0,1.0,44.9,10,,,,,,,,,,,RB,52.43,249,1.1267,46.53,53,71.82,-19.389999999999997,-21.33,54.0,11.0,8.0,58.0,0.0,5.4,0.8,6.12962962962963,0.2084355307164231,0.2566666666666666,0.2227035424276803,0.0,,,,,,,,,,,,,,,,,,,,,,,,,,,,,,,,,,,,249,7,,,,,,,,165.71,162.0,132.0,251.0,28.18,2026-06-26,-87.0
00-0035537,Ty Johnson,BUF,,,,,,,,106.0,2.0,51.0,10,,,,,,,,,,,RB,52.4,250,1.1001,47.63,54,71.82,-19.419999999999995,-21.36,26.0,24.0,20.0,224.0,1.0,2.6,2.0,4.076923076923077,0.104958131497234,0.3886904761904762,0.1624479344185226,3.0,,,,,,,,,,,,,,,,,,,,,,,,,,,,,,,,,,,,250,7,,,,,,,,258.95,268.0,189.0,386.0,30.74,2026-06-26,18.0
00-0033110,Tyler Higbee,LA,,,,,,,,,,14.8,4,,,,,,,,,,,TE,60.77,251,1.05,57.88,36,81.24,-20.46999999999999,-21.49,,15.0,10.0,88.0,1.0,,,,,,,,64.0,0.1182899520186047,,,,3.75,,,,22.0,5.866666666666666,4.0,2.0,,,,,,,,,,,,,,,,,,,,,,,251,7,,,,,,,,304.06,345.0,226.0,384.0,40.65,2026-06-26,94.0
00-0033881,Evan Engram,DEN,,,,,,,,,,27.9,10,,,,,,,,,,,TE,60.58,252,1.01675,59.58,37,81.24,-20.66,-21.69,,47.0,30.0,279.0,0.0,,,,,,,,204.0,0.1284764947958979,,,,4.7,,,,27.9,5.9361702127659575,8.0,1.0,,,,,,,,,,,,,,,,,,,,,,,252,7,,,,,,,,260.38,274.0,211.0,290.0,15.79,2026-06-26,22.0
00-0040737,Terrance Ferguson,LA,,,,,,,,,,39.0,9,,,,,,,,,,,TE,60.53,253,1.05,57.65,38,81.24,-20.709999999999997,-21.75,,24.0,10.0,210.0,3.0,,,,,,,,37.0,0.0764611411076561,,,,2.6666666666666665,,,,23.33333333333333,8.75,3.0,2.0,,,,,,,,,,,,,,,,,,,,,,,253,7,,,,,,,,241.93,243.0,180.0,372.0,27.5,2026-06-26,-10.0
00-0036550,Rashod Bateman,BAL,,,,,,,,,,18.4,7,,,,,,,,,,,WR,52.18,254,1.1629,44.87,87,74.13,-21.95,-21.95,,17.0,8.0,104.0,1.0,,,,,,,,16.0,0.1002003172810626,0.1483045427129263,0.2541136558206424,0.490566037735849,2.4285714285714284,2.0,12.470588235294118,212.0,,,,,,,,,,,,,,,,,,,,,,,,,,,254,7,,,,,,,,240.83,241.0,198.0,298.0,24.07,2026-06-26,-13.0
00-0035208,Olamide Zaccheaus,CHI,,,,,,,,,,29.0,9,,,,,,,,,,,WR,51.83,255,1.0603,48.88,88,74.13,-22.3,-22.3,,37.0,23.0,170.0,2.0,,,,,,,,86.0,0.1315729248276577,0.0982843690431053,0.2661584455716604,0.6439393939393939,4.111111111111111,3.739130434782609,7.135135135135135,264.0,,,,,,,,,,,,,,,,,,,,,,,,,,,255,7,,,,,,,,305.24,351.0,224.0,396.0,37.28,2026-06-26,96.0
00-0036196,Gabe Davis,BUF,,,,,,,,,,8.8,5,,,,,,,,,,,WR,51.3,256,1.1287,45.45,89,74.13,-22.83,-22.83,,11.0,7.0,88.0,0.0,,,,,,,,19.0,0.0774333918899136,0.1540579232691675,0.2239906341232877,0.8380952380952381,2.2,2.7142857142857144,9.545454545454543,105.0,,,,,,,,,,,,,,,,,,,,,,,,,,,256,7,,,,,,,,280.16,307.0,227.0,330.0,21.37,,51.0
00-0034855,Baker Mayfield,TB,326.0,198.0,1951.0,13.0,9.0,24.0,29.0,193.0,1.0,133.34,10,32.6,2.9,19.3,5.984662576687117,0.6073619631901841,0.0398773006134969,0.0276073619631901,350.0,0.3809714285714285,2.53,QB,35.66,257,1.02,34.96,19,61.12,-25.46,-22.91,,,,,,,,,,,,,,,,,,,,,,,,,,,,,,,,,,,,,,,,,,,,,,,,257,7,,,,,,,,120.46,120.0,104.0,139.0,8.03,2026-06-26,-137.0
00-0039880,Malik Washington,MIA,,,,,,,,,,42.9,10,,,,,,,,,,,WR,50.66,258,0.838,60.45,90,74.13,-23.47,-23.47,,36.0,27.0,242.0,2.0,,,,,,,,163.0,0.147557419971213,0.1255496760131022,0.3092209031659911,1.1,3.6,6.037037037037037,6.111111111111111,220.0,,,,,,,,,,,,,,,,,,,,,,,,,,,258,7,,,,,,,,227.63,227.0,156.0,303.0,38.47,2026-06-26,-31.0
00-0040727,Tre Harris,LAC,,,,,,,,,,29.4,10,,,,,,,,,,,WR,50.33,259,1.0261,49.05,91,74.13,-23.8,-23.8,,26.0,21.0,224.0,1.0,,,,,,,,96.0,0.0974641566682239,0.0798103761900266,0.2020634983353545,1.1727748691099475,2.6,4.571428571428571,7.346153846153846,191.0,,,,,,,,,,,,,,,,,,,,,,,,,,,259,7,,,,,,,,178.31,173.0,133.0,296.0,30.92,2026-06-26,-86.0
00-0036415,Van Jefferson,TEN,,,,,,,,,,31.1,10,,,,,,,,,,,WR,50.32,260,0.8893,56.58,92,74.13,-23.809999999999995,-23.81,,42.0,21.0,251.0,1.0,,,,,,,,68.0,0.1371711899869794,0.2260428931283748,0.3639868101703316,0.5122448979591837,4.2,3.238095238095238,11.666666666666666,490.0,,,,,,,,,,,,,,,,,,,,,,,,,,,260,7,,,,,,,,9.0,9.0,4.0,19.0,2.12,,-251.0
00-0040237,Tez Johnson,TB,,,,,,,,,,44.5,9,,,,,,,,,,,WR,50.01,261,1.009,49.56,93,74.13,-24.12,-24.12,,33.0,21.0,193.0,4.0,,,,,,,,70.0,0.1088944512578546,0.1431548482391136,0.2635500706541614,0.5693215339233039,3.6666666666666665,3.333333333333333,10.272727272727272,339.0,,,,,,,,,,,,,,,,,,,,,,,,,,,261,7,,,,,,,,300.76,340.0,180.0,368.0,36.22,2026-06-26,79.0
00-0040669,Isaac TeSlaa,DET,,,,,,,,,,40.7,9,,,,,,,,,,,WR,49.74,262,1.1287,44.07,94,74.13,-24.389999999999997,-24.39,,21.0,12.0,167.0,4.0,,,,,,,,50.0,0.0656409254622262,0.1307014796992739,0.1899524239828311,0.65748031496063,2.333333333333333,4.166666666666667,12.095238095238097,254.0,,,,,,,,,,,,,,,,,,,,,,,,,,,262,7,,,,,,,,208.15,208.0,158.0,303.0,28.43,2026-06-26,-54.0
00-0038104,Tyquan Thornton,KC,,,,,,,,,,16.6,7,,,,,,,,,,,WR,49.66,263,1.1116,44.67,95,74.13,-24.47,-24.47,,12.0,6.0,166.0,0.0,,,,,,,,24.0,0.0523602865364269,0.2013886611638531,0.2195124926193376,0.4181360201511335,1.7142857142857142,4.0,33.083333333333336,397.0,,,,,,,,,,,,,,,,,,,,,,,,,,,263,7,,,,,,,,278.02,305.0,170.0,340.0,35.19,2026-06-26,42.0
00-0037112,Jake Tonges,SF,,,,,,,,,,18.9,4,,,,,,,,,,,TE,57.71,264,1.031,55.97,39,81.24,-23.529999999999998,-24.71,,12.0,9.0,69.0,2.0,,,,,,,,14.0,0.0963528499679779,,,,3.0,,,,17.25,5.75,3.0,3.0,,,,,,,,,,,,,,,,,,,,,,,264,7,,,,,,,,272.0,290.0,209.0,355.0,28.77,2026-06-26,26.0
00-0033307,Kendrick Bourne,SF,,,,,,,,,,18.0,8,,,,,,,,,,,WR,49.4,265,1.1116,44.44,96,74.13,-24.73,-24.73,,19.0,14.0,180.0,0.0,,,,,,,,22.0,0.0821753048260762,0.125339950942444,0.2110009228988251,0.7171314741035857,2.375,1.5714285714285714,13.210526315789474,251.0,,,,,,,,,,,,,,,,,,,,,,,,,,,265,7,,,,,,,,327.92,388.0,223.0,448.0,63.1,2026-06-26,123.0
00-0040782,Isaiah Bond,CLE,,,,,,,,,,21.8,8,,,,,,,,,,,WR,49.39,266,0.9064,54.49,97,74.13,-24.739999999999995,-24.74,,16.0,6.0,202.0,0.0,,,,,,,,42.0,0.0730527314929765,0.2350016666085171,0.2740802638654268,0.4844124700239808,2.0,7.0,26.0625,417.0,,,,,,,,,,,,,,,,,,,,,,,,,,,266,7,,,,,,,,297.58,335.0,239.0,373.0,32.26,2026-06-26,69.0
00-0040131,Kyle Williams,NE,,,,,,,,,,36.900000000000006,9,,,,,,,,,,,WR,49.35,267,1.0603,46.54,98,74.13,-24.779999999999998,-24.78,,17.0,8.0,189.0,3.0,,,,,,,,78.0,0.063591166177373,0.1228885704808177,0.181408748602632,0.5494186046511628,1.8888888888888888,9.75,20.235294117647054,344.0,,,,,,,,,,,,,,,,,,,,,,,,,,,267,7,,,,,,,,261.6,276.0,206.0,379.0,34.01,2026-06-26,9.0
00-0034272,Marquez Valdes-Scantling,PIT,,,,,,,,,,10.6,4,,,,,,,,,,,WR,49.22,268,1.009,48.78,99,74.13,-24.91,-24.91,,14.0,5.0,46.0,1.0,,,,,,,,12.0,0.0973826697510908,0.2099969314946789,0.2930718566729114,0.2433862433862433,3.5,2.4,13.5,189.0,,,,,,,,,,,,,,,,,,,,,,,,,,,268,7,,,,,,,,,,,,,,
00-0039342,Xavier Legette,CAR,,,,,,,,,,41.1,10,,,,,,,,,,,WR,49.03,269,0.8551,57.34,100,74.13,-25.099999999999994,-25.1,,40.0,24.0,291.0,2.0,,,,,,,,60.0,0.1448043098168587,0.2274044812978223,0.3763896016337637,0.6495535714285714,4.0,2.5,11.2,448.0,,,,,,,,,,,,,,,,,,,,,,,,,,,269,7,,,,,,,,259.21,270.0,202.0,328.0,32.34,2026-06-26,1.0
00-0034791,Nick Chubb,HOU,,,,,,,,257.0,1.0,33.800000000000004,10,,,,,,,,,,,RB,48.93,270,1.0735,45.58,55,71.82,-22.889999999999997,-25.18,64.0,10.0,6.0,21.0,0.0,6.4,0.6,4.015625,0.2742127825355948,0.2011904761904762,0.2638370286183073,3.0,,,,,,,,,,,,,,,,,,,,,,,,,,,,,,,,,,,,270,7,,,,,,,,327.29,387.0,305.0,385.0,24.31,2026-06-26,117.0
00-0033119,Jacoby Brissett,ARI,409.0,266.0,2803.0,19.0,6.0,35.0,31.0,128.0,1.0,190.92,10,40.9,3.1,12.8,6.853300733496333,0.6503667481662592,0.0464547677261613,0.0146699266503667,444.0,0.43,1.88,QB,33.08,271,0.6399999999999999,51.68,20,61.12,-28.04,-25.24,,,,,,,,,,,,,,,,,,,,,,,,,,,,,,,,,,,,,,,,,,,,,,,,271,7,,,,,,,,198.4,196.0,128.0,308.0,42.85,2026-06-26,-75.0
KC,KC DST,KC,,,,,5.0,18.0,,,,,10,,,,,,,,,,,DST,28.07,272,0.938,29.93,25,62.14,-34.07,-25.55,,,,,,,,,,,,,,,,,,,,,,,,,,,,,,,,,,,,,,,,1.0,6.0,1.8,0.6,0.055045871559633,0.0077519379844961,19.0,0.0724468588218646,272,7,,,,,,,,,,,,,,
ROOKIE_Fernando_Mendoza,Fernando Mendoza,LV,,,,,,,,,,,0,,,,,,,,,,,QB,32.62,273,,,21,61.12,-28.5,-25.65,,,,,,,,,,,,,,,,,,,,,,,,,,,,,,,,,,,,,,,,,,,,,,,,273,7,1.0,1.0,38.0,QB1,low,True,Pick 1 overall Raiders; full rebuild team; 5.5 win total; no fantasy value in redraft; dynasty only; Indiana system didn't prepare him for NFL complexity at scale; avoid in redraft,233.6,236.0,159.0,332.0,46.62,2026-06-26,-37.0
00-0038705,Emari Demercado,ARI,,,,,,,,193.0,0.0,25.3,6,,,,,,,,,,,RB,48.42,274,0.874,55.4,56,71.82,-23.39999999999999,-25.74,34.0,15.0,10.0,60.0,0.0,5.666666666666667,1.6666666666666667,5.676470588235294,0.3213500173218843,0.373015873015873,0.3341025641025641,0.0,,,,,,,,,,,,,,,,,,,,,,,,,,,,,,,,,,,,274,7,,,,,,,,296.78,333.0,226.0,365.0,26.33,2026-06-26,59.0
00-0038951,Sean Tucker,TB,,,,,,,,294.0,6.0,75.2,10,,,,,,,,,,,RB,48.41,275,1.007,48.07,57,71.82,-23.41,-25.75,72.0,8.0,5.0,38.0,1.0,7.2,0.5,4.083333333333333,0.2973552158670126,0.1606349206349206,0.2789762440140948,11.0,,,,,,,,,,,,,,,,,,,,,,,,,,,,,,,,,,,,275,7,,,,,,,,199.02,197.0,148.0,244.0,29.11,2026-06-26,-78.0
ROOKIE_Ty_Simpson,Ty Simpson,LA,,,,,,,,,,,0,,,,,,,,,,,QB,32.47,276,,,22,61.12,-28.65,-25.78,,,,,,,,,,,,,,,,,,,,,,,,,,,,,,,,,,,,,,,,,,,,,,,,276,7,1.0,13.0,45.0,QB1,medium,True,Pick 13 Rams; Rams highest win total 11.5 - elite offensive context; Alabama QB track record mixed in NFL; takes over elite skill position group; Cooper Kupp Puka Nacua etc; situation is exceptional; player question mark is the risk; monitor TC battle,324.05,380.0,272.0,364.0,23.2,2026-06-26,104.0
00-0038979,Cedric Tillman,CLE,,,,,,,,,,14.1,7,,,,,,,,,,,WR,48.3,277,0.9064,53.29,101,74.13,-25.83,-25.83,,17.0,9.0,141.0,0.0,,,,,,,,37.0,0.0935153705519838,0.1763651300023904,0.2637286468296491,0.5617529880478087,2.4285714285714284,4.111111111111111,14.764705882352942,251.0,,,,,,,,,,,,,,,,,,,,,,,,,,,277,7,,,,,,,,304.46,346.0,277.0,384.0,23.06,2026-06-26,69.0
00-0037525,Jordan Mason,MIN,,,,,,,,341.0,3.0,53.8,10,,,,,,,,,,,RB,48.27,278,1.007,47.93,58,71.82,-23.54999999999999,-25.9,76.0,5.0,5.0,17.0,0.0,7.6,0.5,4.4868421052631575,0.4057836250436869,0.0985714285714285,0.3573015873015873,3.0,,,,,,,,,,,,,,,,,,,,,,,,,,,,,,,,,,,,278,7,,,,,,,,131.58,128.0,103.0,162.0,11.9,2026-06-26,-150.0
00-0038115,Daniel Bellinger,NYG,,,,,,,,,,22.3,7,,,,,,,,,,,TE,56.23,279,0.99775,56.36,40,81.24,-25.01,-26.26,,17.0,10.0,163.0,1.0,,,,,,,,71.0,0.0769735532666567,,,,2.4285714285714284,,,,23.285714285714285,9.588235294117649,4.0,1.0,,,,,,,,,,,,,,,,,,,,,,,279,7,,,,,,,,350.63,435.0,295.0,398.0,31.25,2026-06-26,156.0
00-0035644,Noah Fant,CIN,,,,,,,,,,27.6,8,,,,,,,,,,,TE,55.95,280,1.0215,54.77,41,81.24,-25.289999999999992,-26.55,,22.0,17.0,176.0,2.0,,,,,,,,112.0,0.0702478332533479,,,,2.75,,,,22.0,8.0,3.0,2.0,,,,,,,,,,,,,,,,,,,,,,,280,7,,,,,,,,353.91,443.0,295.0,417.0,32.47,2026-06-26,163.0
00-0038555,Tank Bigsby,PHI,,,,,,,,269.0,1.0,33.0,9,,,,,,,,,,,RB,47.55,281,1.0868,43.75,59,71.82,-24.27,-26.7,42.0,3.0,2.0,1.0,0.0,4.666666666666667,0.2222222222222222,6.404761904761905,0.1618832367179246,0.1759259259259259,0.1528030005895408,4.0,,,,,,,,,,,,,,,,,,,,,,,,,,,,,,,,,,,,281,7,,,,,,,,186.92,180.0,130.0,313.0,35.72,2026-06-26,-101.0
00-0040667,Matthew Golden,GB,,,,,,,,,,14.5,8,,,,,,,,,,,WR,47.28,282,1.0945,43.2,102,74.13,-26.849999999999994,-26.85,,22.0,14.0,141.0,0.0,,,,,,,,41.0,0.0938177191166321,0.1036180899649167,0.2132592416503899,0.5300751879699248,2.75,2.9285714285714284,12.090909090909092,266.0,,,,,,,,,,,,,,,,,,,,,,,,,,,282,7,,,,,,,,141.9,139.0,93.0,241.0,24.94,2026-06-26,-143.0
00-0038976,Marvin Mims Jr.,DEN,,,,,,,,,,27.8,8,,,,,,,,,,,WR,46.88,283,1.0603,44.21,103,74.13,-27.249999999999996,-27.25,,24.0,19.0,163.0,0.0,,,,,,,,110.0,0.0768761356239237,0.0671946707850298,0.1623504729854066,0.8907103825136612,3.0,5.789473684210527,7.625,183.0,,,,,,,,,,,,,,,,,,,,,,,,,,,283,7,,,,,,,,252.07,260.0,205.0,305.0,25.89,2026-06-26,-23.0
CIN,CIN DST,CIN,,,,,7.0,18.0,,,,,10,,,,,,,,,,,DST,25.35,284,0.957,26.49,26,62.14,-36.79,-27.59,,,,,,,,,,,,,,,,,,,,,,,,,,,,,,,,,,,,,,,,6.0,13.0,1.8,1.3,0.0545454545454545,0.0164765525982256,28.9,0.1849963341180131,284,7,,,,,,,,,,,,,,
00-0036980,Elijah Moore,BUF,,,,,,,,,,4.700000000000001,4,,,,,,,,,,,WR,46.29,285,1.1287,41.01,104,74.13,-27.84,-27.84,,10.0,5.0,48.0,0.0,,,,,,,,10.0,0.089736273690078,0.153672281836132,0.2421750078204095,0.5274725274725275,2.5,2.0,9.1,91.0,,,,,,,,,,,,,,,,,,,,,,,,,,,285,7,,,,,,,,342.5,418.0,300.0,385.0,42.5,2026-06-26,133.0
ROOKIE_Makai_Lemon,Makai Lemon,PHI,,,,,,,,,,,0,,,,,,,,,,,WR,46.26,286,,,105,74.13,-27.87,-27.87,,,,,,,,,,,,,,,,,,,,,,,,,,,,,,,,,,,,,,,,,,,,,,,,286,7,1.0,20.0,70.0,WR2,medium,True,Round 1 PHI; Eagles traded up; AJ Brown replacement/complement; Hurts elite QB; top-5 offense; Devonta Smith still present = WR2 competition; high floor if targets open up; PHI system great for WRs; exact pick# TBD R1,91.85,93.0,62.0,224.0,24.93,2026-06-26,-193.0
00-0034613,Tanner Hudson,CIN,,,,,,,,,,21.8,9,,,,,,,,,,,TE,54.56,287,1.0215,53.41,42,81.24,-26.679999999999996,-28.01,,19.0,15.0,158.0,1.0,,,,,,,,75.0,0.0575849581463117,,,,2.111111111111111,,,,17.555555555555557,8.31578947368421,4.0,2.0,,,,,,,,,,,,,,,,,,,,,,,287,7,,,,,,,,,,,,,,
00-0032464,Kalif Raymond,DET,,,,,,,,,,26.0,8,,,,,,,,,,,WR,45.95,288,1.1287,40.71,106,74.13,-28.179999999999996,-28.18,,18.0,15.0,190.0,1.0,,,,,,,,101.0,0.0629984208421141,0.0512191205834373,0.1303510156715773,2.021276595744681,2.25,6.733333333333333,5.222222222222222,94.0,,,,,,,,,,,,,,,,,,,,,,,,,,,288,7,,,,,,,,325.44,384.0,270.0,406.0,41.2,2026-06-26,96.0
00-0036555,Chuba Hubbard,CAR,,,,,,,,284.0,1.0,50.6,10,,,,,,,,,,,RB,46.17,289,0.8873,52.03,60,71.82,-25.64999999999999,-28.21,76.0,20.0,15.0,122.0,1.0,7.6,1.5,3.736842105263158,0.3230184331797235,0.4317857142857143,0.3377342200283376,1.0,,,,,,,,,,,,,,,,,,,,,,,,,,,,,,,,,,,,289,7,,,,,,,,80.85,77.0,53.0,118.0,13.2,2026-06-26,-212.0
00-0036165,Isaiah Hodgins,NYG,,,,,,,,,,17.5,5,,,,,,,,,,,WR,45.62,290,0.9919,45.99,107,74.13,-28.51,-28.51,,17.0,10.0,115.0,1.0,,,,,,,,17.0,0.1099109758846067,0.1162577947519083,0.2462469201532459,0.6764705882352942,3.4,1.7,10.0,170.0,,,,,,,,,,,,,,,,,,,,,,,,,,,290,7,,,,,,,,,,,,,,
00-0032385,Sterling Shepard,TB,,,,,,,,,,12.7,7,,,,,,,,,,,WR,45.6,291,1.009,45.19,108,74.13,-28.529999999999998,-28.53,,26.0,20.0,129.0,0.0,,,,,,,,47.0,0.1107813513643542,0.1155206068167419,0.2470364518182508,0.6683937823834197,3.7142857142857135,2.35,7.423076923076923,193.0,,,,,,,,,,,,,,,,,,,,,,,,,,,291,7,,,,,,,,,,,,,,
00-0036290,Cole Kmet,CHI,,,,,,,,,,27.5,10,,,,,,,,,,,TE,53.74,292,1.01675,52.85,43,81.24,-27.499999999999996,-28.87,,27.0,20.0,215.0,1.0,,,,,,,,95.0,0.0899372675536468,,,,2.7,,,,21.5,7.962962962962963,3.0,1.0,,,,,,,,,,,,,,,,,,,,,,,292,7,,,,,,,,322.92,378.0,261.0,398.0,39.05,2026-06-26,86.0
00-0036427,Tyler Johnson,NYJ,,,,,,,,,,19.4,5,,,,,,,,,,,WR,45.12,293,0.9064,49.78,109,74.13,-29.01,-29.01,,11.0,8.0,134.0,1.0,,,,,,,,35.0,0.0830023431660054,0.1046327333830443,0.1977464281171391,1.0,2.2,4.375,12.181818181818182,134.0,,,,,,,,,,,,,,,,,,,,,,,,,,,293,7,,,,,,,,357.33,451.0,337.0,392.0,24.64,,158.0
00-0035359,David Sills,ATL,,,,,,,,,,29.1,10,,,,,,,,,,,WR,45.09,294,0.9235,48.82,110,74.13,-29.039999999999992,-29.04,,33.0,16.0,171.0,2.0,,,,,,,,46.0,0.1133580886599193,0.1561672506229237,0.2793542084259256,0.4697802197802198,3.3,2.875,11.030303030303031,364.0,,,,,,,,,,,,,,,,,,,,,,,,,,,294,7,,,,,,,,,,,,,,
00-0039410,Ryan Flournoy,DAL,,,,,,,,,,46.8,9,,,,,,,,,,,WR,44.59,295,0.9919,44.95,111,74.13,-29.539999999999992,-29.54,,29.0,22.0,228.0,4.0,,,,,,,,90.0,0.0817282010987684,0.0828298583481816,0.1805732024918798,0.8,3.2222222222222223,4.090909090909091,9.827586206896552,285.0,,,,,,,,,,,,,,,,,,,,,,,,,,,295,7,,,,,,,,192.54,188.0,154.0,267.0,21.66,2026-06-26,-107.0
00-0032211,Tyler Lockett,LV,,,,,,,,,,29.4,10,,,,,,,,,,,WR,44.43,296,0.8551,51.96,112,74.13,-29.7,-29.7,,31.0,23.0,234.0,1.0,,,,,,,,61.0,0.1071150121808016,0.1519430970657254,0.2670326862172102,0.936,3.1,2.652173913043478,8.064516129032258,250.0,,,,,,,,,,,,,,,,,,,,,,,,,,,296,7,,,,,,,,309.67,359.0,199.0,414.0,87.89,2026-06-26,63.0
00-0039150,Bryce Young,CAR,244.0,157.0,1595.0,11.0,5.0,17.0,36.0,158.0,1.0,119.6,9,27.11111111111111,4.0,17.555555555555557,6.536885245901639,0.6434426229508197,0.0450819672131147,0.0204918032786885,261.0,0.4582375478927203,2.4222222222222225,QB,28.01,297,0.6779999999999999,41.32,23,61.12,-33.11,-29.8,,,,,,,,,,,,,,,,,,,,,,,,,,,,,,,,,,,,,,,,,,,,,,,,297,7,,,,,,,,162.33,156.0,134.0,242.0,21.3,2026-06-26,-141.0
00-0036988,Josh Palmer,BUF,,,,,,,,,,6.800000000000001,5,,,,,,,,,,,WR,44.05,298,1.1287,39.03,113,74.13,-30.08,-30.08,,14.0,7.0,68.0,0.0,,,,,,,,11.0,0.0969502719502719,0.1180821533583676,0.2280829152762652,0.4892086330935252,2.8,1.5714285714285714,9.928571428571429,139.0,,,,,,,,,,,,,,,,,,,,,,,,,,,298,7,,,,,,,,315.5,364.0,218.0,374.0,40.0,,66.0
00-0039798,Isaiah Davis,NYJ,,,,,,,,202.0,1.0,41.7,10,,,,,,,,,,,RB,44.44,299,0.9272,47.93,61,71.82,-27.379999999999995,-30.12,35.0,18.0,14.0,135.0,0.0,3.5,1.4,5.771428571428571,0.1661740890688259,0.3265079365079365,0.2028639412495503,0.0,,,,,,,,,,,,,,,,,,,,,,,,,,,,,,,,,,,,299,7,,,,,,,,251.84,258.0,190.0,313.0,26.0,2026-06-26,-41.0
ARI,ARI DST,ARI,,,,,6.0,18.0,,,,,10,,,,,,,,,,,DST,21.78,300,1.09,19.98,27,62.14,-40.36,-30.27,,,,,,,,,,,,,,,,,,,,,,,,,,,,,,,,,,,,,,,,6.0,12.0,1.8,1.2,0.0573248407643312,0.0147420147420147,32.4,0.1880696148961171,300,7,,,,,,,,,,,,,,
00-0040729,Jack Bech,LV,,,,,,,,,,16.4,8,,,,,,,,,,,WR,43.68,301,0.8551,51.08,114,74.13,-30.45,-30.45,,19.0,15.0,164.0,0.0,,,,,,,,52.0,0.0987876339346927,0.1436684162689002,0.2487493422902692,1.108108108108108,2.375,3.466666666666667,7.7894736842105265,148.0,,,,,,,,,,,,,,,,,,,,,,,,,,,301,7,,,,,,,,245.98,249.0,170.0,351.0,31.78,2026-06-26,-52.0
00-0040138,Jaylin Noel,HOU,,,,,,,,,,32.2,11,,,,,,,,,,,WR,43.66,302,1.0945,39.89,115,74.13,-30.47,-30.47,,27.0,20.0,257.0,1.0,,,,,,,,57.0,0.0687796854675885,0.0813405987941828,0.1601079473573107,0.8263665594855305,2.4545454545454546,2.85,11.51851851851852,311.0,,,,,,,,,,,,,,,,,,,,,,,,,,,302,7,,,,,,,,195.45,192.0,154.0,289.0,32.23,2026-06-26,-110.0
00-0040581,Dont'e Thornton Jr.,LV,,,,,,,,,,4.1000000000000005,5,,,,,,,,,,,WR,43.06,303,0.8551,50.36,116,74.13,-31.069999999999997,-31.07,,13.0,5.0,41.0,0.0,,,,,,,,15.0,0.1075711739241151,0.2717320765526915,0.3515692144730567,0.2928571428571428,2.6,3.0,10.76923076923077,140.0,,,,,,,,,,,,,,,,,,,,,,,,,,,303,7,,,,,,,,315.88,365.0,272.0,377.0,31.79,2026-06-26,62.0
00-0039066,Michael Mayer,LV,,,,,,,,,,18.4,8,,,,,,,,,,,TE,51.57,304,0.95975,53.73,44,81.24,-29.669999999999995,-31.15,,31.0,21.0,184.0,0.0,,,,,,,,123.0,0.1352172131274298,,,,3.875,,,,23.0,5.935483870967742,3.0,1.0,,,,,,,,,,,,,,,,,,,,,,,304,7,,,,,,,,310.42,361.0,260.0,389.0,34.89,2026-06-26,57.0
00-0037801,KaVontae Turpin,DAL,,,,,,,,,,33.6,10,,,,,,,,,,,WR,42.9,305,0.9919,43.25,117,74.13,-31.23,-31.23,,24.0,15.0,237.0,1.0,,,,,,,,170.0,0.0685694547130717,0.044692154193626,0.1341386900051458,1.5192307692307692,2.4,11.333333333333334,6.5,156.0,,,,,,,,,,,,,,,,,,,,,,,,,,,305,7,,,,,,,,321.38,377.0,264.0,435.0,57.02,2026-06-26,72.0
00-0033858,Jonnu Smith,PIT,,,,,,,,,,30.9,11,,,,,,,,,,,TE,51.47,306,1.0025,51.34,45,81.24,-29.77,-31.26,,32.0,20.0,131.0,1.0,,,,,,,,87.0,0.0923910809121849,,,,2.909090909090909,,,,11.909090909090908,4.09375,6.0,2.0,,,,,,,,,,,,,,,,,,,,,,,306,7,,,,,,,,344.75,425.0,268.0,430.0,62.4,2026-06-26,119.0
00-0023459,Aaron Rodgers,PIT,313.0,201.0,2007.0,13.0,4.0,18.0,10.0,29.0,1.0,130.28,10,31.3,1.0,2.9,6.412140575079873,0.6421725239616614,0.0415335463258785,0.0127795527156549,331.0,0.393595166163142,0.89,QB,26.19,307,1.02,25.68,24,61.12,-34.92999999999999,-31.44,,,,,,,,,,,,,,,,,,,,,,,,,,,,,,,,,,,,,,,,,,,,,,,,307,7,,,,,,,,238.61,239.0,139.0,305.0,41.64,2026-06-26,-68.0
SF,SF DST,SF,,,,,6.0,11.0,,,,,10,,,,,,,,,,,DST,20.21,308,0.938,21.55,28,62.14,-41.93,-31.45,,,,,,,,,,,,,,,,,,,,,,,,,,,,,,,,,,,,,,,,4.0,10.0,1.1,1.0,0.0291005291005291,0.012531328320802,23.0,0.1267957687038479,308,7,,,,,,,,,,,,,,
00-0039451,Isaiah Williams,NYJ,,,,,,,,,,32.300000000000004,10,,,,,,,,,,,WR,42.52,309,0.9064,46.91,118,74.13,-31.609999999999992,-31.61,,29.0,21.0,169.0,0.0,,,,,,,,114.0,0.0996743701428236,0.0345673956667206,0.1737087321809399,1.8172043010752688,2.9,5.428571428571429,3.206896551724138,93.0,,,,,,,,,,,,,,,,,,,,,,,,,,,309,7,,,,,,,,360.63,458.0,319.0,446.0,43.04,,149.0
00-0037263,Tyler Allgeier,ATL,,,,,,,,311.0,5.0,69.4,11,,,,,,,,,,,RB,42.53,310,0.9405,45.22,62,71.82,-29.289999999999992,-32.22,83.0,10.0,10.0,83.0,0.0,7.545454545454546,0.9090909090909092,3.746987951807229,0.2838334156882544,0.1658730158730158,0.2567208522929526,7.0,,,,,,,,,,,,,,,,,,,,,,,,,,,,,,,,,,,,310,7,,,,,,,,135.02,131.0,99.0,228.0,20.87,2026-06-26,-179.0
WAS,WAS DST,WAS,,,,,5.0,21.0,,,,,10,,,,,,,,,,,DST,19.04,311,0.976,19.51,29,62.14,-43.1,-32.33,,,,,,,,,,,,,,,,,,,,,,,,,,,,,,,,,,,,,,,,2.0,7.0,2.1,0.7,0.0625,0.0084541062801932,30.8,0.3197355794870978,311,7,,,,,,,,,,,,,,
00-0035891,Cody White,SEA,,,,,,,,,,15.0,7,,,,,,,,,,,WR,41.75,312,1.1458,36.44,119,74.13,-32.379999999999995,-32.38,,4.0,3.0,90.0,1.0,,,,,,,,58.0,0.0228778467908902,0.0329034091429933,0.0573491565864307,2.3076923076923075,0.5714285714285714,19.33333333333333,9.75,39.0,,,,,,,,,,,,,,,,,,,,,,,,,,,312,7,,,,,,,,116.85,116.0,67.0,160.0,15.82,,-196.0
00-0040164,Jaylin Lane,WAS,,,,,,,,,,20.3,9,,,,,,,,,,,WR,41.69,313,1.0432,39.96,120,74.13,-32.44,-32.44,,17.0,9.0,143.0,0.0,,,,,,,,20.0,0.0736633131284595,0.1167714790402286,0.1922350050208494,0.5521235521235521,1.8888888888888888,2.2222222222222223,15.235294117647058,259.0,,,,,,,,,,,,,,,,,,,,,,,,,,,313,7,,,,,,,,341.5,415.0,298.0,399.0,33.12,2026-06-26,102.0
DAL,DAL DST,DAL,,,,,4.0,20.0,,,,,10,,,,,,,,,,,DST,18.79,314,1.0045,18.71,30,62.14,-43.35,-32.51,,,,,,,,,,,,,,,,,,,,,,,,,,,,,,,,,,,,,,,,2.0,6.0,2.0,0.6,0.059171597633136,0.0075757575757575,29.3,0.1680436199297942,314,7,,,,,,,,,,,,,,
00-0035406,Lil'Jordan Humphrey,DEN,,,,,,,,,,16.099999999999998,6,,,,,,,,,,,WR,41.48,315,1.0603,39.12,121,74.13,-32.65,-32.65,,17.0,9.0,101.0,1.0,,,,,,,,27.0,0.0784681006495971,0.0928503706866782,0.1826974104550704,0.6352201257861635,2.833333333333333,3.0,9.352941176470589,159.0,,,,,,,,,,,,,,,,,,,,,,,,,,,315,7,,,,,,,,373.5,479.0,373.0,374.0,0.5,2026-06-26,164.0
00-0039912,Ben Sinnott,WAS,,,,,,,,,,16.400000000000002,6,,,,,,,,,,,TE,49.76,316,1.012,49.17,46,81.24,-31.48,-33.05,,10.0,8.0,104.0,1.0,,,,,,,,60.0,0.0802940115440115,,,,1.6666666666666667,,,,17.333333333333332,10.4,1.0,1.0,,,,,,,,,,,,,,,,,,,,,,,316,7,,,,,,,,352.63,440.0,309.0,415.0,32.63,2026-06-26,124.0
00-0040162,Dylan Sampson,CLE,,,,,,,,100.0,0.0,30.4,8,,,,,,,,,,,RB,41.61,317,0.9272,44.88,63,71.82,-30.209999999999997,-33.23,33.0,21.0,17.0,164.0,1.0,4.125,2.125,3.0303030303030303,0.196838024179222,0.4390151515151514,0.2528714693116867,0.0,,,,,,,,,,,,,,,,,,,,,,,,,,,,,,,,,,,,317,7,,,,,,,,146.5,141.0,122.0,175.0,10.33,2026-06-26,-176.0
00-0037746,Brian Robinson,SF,,,,,,,,283.0,2.0,41.7,10,,,,,,,,,,,RB,41.6,318,1.0868,38.28,64,71.82,-30.21999999999999,-33.24,63.0,6.0,3.0,14.0,0.0,6.3,0.3,4.492063492063492,0.2347493963622995,0.0709956709956709,0.2034205870358795,2.0,,,,,,,,,,,,,,,,,,,,,,,,,,,,,,,,,,,,318,7,,,,,,,,364.2,463.0,308.0,416.0,36.59,,145.0
00-0038090,Skyy Moore,SF,,,,,,,,,,8.7,10,,,,,,,,,,,WR,40.88,319,1.1116,36.78,122,74.13,-33.24999999999999,-33.25,,5.0,4.0,77.0,0.0,,,,,,,,29.0,0.0173347047996416,0.0318848363804343,0.0483214426657665,0.8369565217391305,0.5,7.25,18.4,92.0,,,,,,,,,,,,,,,,,,,,,,,,,,,319,7,,,,,,,,342.5,418.0,300.0,385.0,42.5,,99.0
00-0037741,Jahan Dotson,PHI,,,,,,,,,,17.1,8,,,,,,,,,,,WR,40.81,320,1.1116,36.71,123,74.13,-33.31999999999999,-33.32,,16.0,8.0,111.0,1.0,,,,,,,,16.0,0.0716475378073855,0.1130096937179249,0.1865780923136257,0.4889867841409692,2.0,2.0,14.1875,227.0,,,,,,,,,,,,,,,,,,,,,,,,,,,320,7,,,,,,,,304.56,348.0,184.0,371.0,44.34,2026-06-26,28.0
ROOKIE_De'Zhaun_Stribling,De'Zhaun Stribling,SF,,,,,,,,,,,0,,,,,,,,,,,WR,40.4,321,,,124,74.13,-33.73,-33.73,,,,,,,,,,,,,,,,,,,,,,,,,,,,,,,,,,,,,,,,,,,,,,,,321,7,2.0,33.0,62.0,WR2,medium,True,Round 2 pick 33 49ers; lands in elite offensive system with Purdy; Brandon Aiyuk WR1 competition; Kaelon Black RB also drafted; SF scheme makes all WRs valuable; potential WR2 immediate; track YAC and route running metrics in preseason,235.08,237.0,178.0,344.0,35.3,2026-06-26,-84.0
00-0040194,Jackson Hawes,BUF,,,,,,,,,,25.3,8,,,,,,,,,,,TE,49.02,322,1.03575,47.33,47,81.24,-32.21999999999999,-33.83,,14.0,11.0,133.0,2.0,,,,,,,,69.0,0.0695401138002821,,,,1.75,,,,16.625,9.5,2.0,1.0,,,,,,,,,,,,,,,,,,,,,,,322,7,,,,,,,,378.5,482.0,365.0,392.0,13.5,2026-06-26,160.0
00-0037666,Jalen Tolbert,DAL,,,,,,,,,,15.4,5,,,,,,,,,,,WR,40.08,323,0.9919,40.41,125,74.13,-34.05,-34.05,,13.0,7.0,94.0,1.0,,,,,,,,16.0,0.0754563492063492,0.1209337110633183,0.1978381215538466,0.5433526011560693,2.6,2.2857142857142856,13.307692307692308,173.0,,,,,,,,,,,,,,,,,,,,,,,,,,,323,7,,,,,,,,308.47,358.0,227.0,389.0,45.86,2026-06-26,35.0
00-0036626,Dyami Brown,JAX,,,,,,,,,,6.300000000000001,5,,,,,,,,,,,WR,40.04,324,0.9235,43.36,126,74.13,-34.09,-34.09,,13.0,5.0,75.0,0.0,,,,,,,,6.0,0.0772320802848092,0.1737946972316139,0.2375044084893435,0.3275109170305676,2.6,1.2,17.615384615384617,229.0,,,,,,,,,,,,,,,,,,,,,,,,,,,324,7,,,,,,,,369.6,474.0,307.0,457.0,52.31,2026-06-26,150.0
00-0033857,JuJu Smith-Schuster,KC,,,,,,,,,,10.7,10,,,,,,,,,,,WR,40.03,325,1.1116,36.01,127,74.13,-34.099999999999994,-34.1,,19.0,12.0,107.0,0.0,,,,,,,,41.0,0.0697096713038208,0.0502201762076405,0.1397186303010795,1.0,1.9,3.4166666666666665,5.631578947368421,107.0,,,,,,,,,,,,,,,,,,,,,,,,,,,325,7,,,,,,,,354.5,446.0,347.0,362.0,7.5,2026-06-26,121.0
00-0040676,Cam Ward,TEN,335.0,209.0,2016.0,12.0,3.0,30.0,23.0,112.0,1.0,133.84,10,33.5,2.3,11.2,6.017910447761194,0.6238805970149254,0.035820895522388,0.008955223880597,365.0,0.3666849315068493,1.7200000000000002,QB,22.89,326,0.754,30.36,25,61.12,-38.23,-34.41,,,,,,,,,,,,,,,,,,,,,,,,,,,,,,,,,,,,,,,,,,,,,,,,326,7,,,,,,,,149.88,145.0,125.0,214.0,13.62,2026-06-26,-181.0
00-0038794,Jaleel McLaughlin,DEN,,,,,,,,146.0,1.0,21.6,6,,,,,,,,,,,RB,40.54,327,1.0469,38.72,65,71.82,-31.279999999999998,-34.41,30.0,3.0,3.0,10.0,0.0,5.0,0.5,4.866666666666666,0.268835484713575,0.0556277056277056,0.204553482848811,1.0,,,,,,,,,,,,,,,,,,,,,,,,,,,,,,,,,,,,327,7,,,,,,,,275.48,299.0,175.0,332.0,31.55,2026-06-26,-28.0
00-0039041,Elijah Higgins,ARI,,,,,,,,,,15.4,10,,,,,,,,,,,TE,48.38,328,0.955,50.66,48,81.24,-32.85999999999999,-34.5,,24.0,19.0,174.0,0.0,,,,,,,,128.0,0.0688459690586839,,,,2.4,,,,17.4,7.25,3.0,2.0,,,,,,,,,,,,,,,,,,,,,,,328,7,,,,,,,,386.33,484.0,352.0,429.0,23.31,2026-06-26,156.0
00-0032775,Demarcus Robinson,SF,,,,,,,,,,23.5,10,,,,,,,,,,,WR,39.21,329,1.1116,35.27,128,74.13,-34.919999999999995,-34.92,,19.0,13.0,149.0,1.0,,,,,,,,6.0,0.0631852177158979,0.1216883244439309,0.1799596536845986,0.5518518518518518,1.9,0.4615384615384615,14.210526315789474,270.0,,,,,,,,,,,,,,,,,,,,,,,,,,,329,7,,,,,,,,364.2,463.0,308.0,416.0,36.59,2026-06-26,134.0
00-0033375,Tim Patrick,JAX,,,,,,,,,,26.200000000000003,7,,,,,,,,,,,WR,39.21,330,0.9235,42.46,129,74.13,-34.919999999999995,-34.92,,18.0,11.0,142.0,2.0,,,,,,,,25.0,0.0893678505130608,0.1038927671151162,0.2067767127501726,0.6666666666666666,2.571428571428572,2.272727272727273,11.833333333333334,213.0,,,,,,,,,,,,,,,,,,,,,,,,,,,330,7,,,,,,,,,,,,,,
00-0039144,Luke Musgrave,GB,,,,,,,,,,20.3,9,,,,,,,,,,,TE,47.92,331,1.02625,46.69,49,81.24,-33.31999999999999,-34.99,,25.0,19.0,203.0,0.0,,,,,,,,58.0,0.1021428571428571,,,,2.7777777777777777,,,,22.55555555555556,8.12,1.0,0.0,,,,,,,,,,,,,,,,,,,,,,,331,7,,,,,,,,355.6,448.0,315.0,390.0,24.87,2026-06-26,117.0
00-0038046,Charlie Kolar,BAL,,,,,,,,,,23.0,10,,,,,,,,,,,TE,47.77,332,1.04525,45.7,50,81.24,-33.46999999999999,-35.14,,10.0,7.0,110.0,2.0,,,,,,,,45.0,0.040842297195558,,,,1.0,,,,11.0,11.0,3.0,2.0,,,,,,,,,,,,,,,,,,,,,,,332,7,,,,,,,,363.5,461.0,355.0,372.0,8.5,2026-06-26,129.0
00-0039359,Cade Stover,HOU,,,,,,,,,,4.800000000000001,4,,,,,,,,,,,TE,47.74,333,1.02625,46.52,51,81.24,-33.49999999999999,-35.17,,10.0,7.0,45.0,0.0,,,,,,,,32.0,0.0843871202327084,,,,2.5,,,,11.25,4.5,3.0,2.0,,,,,,,,,,,,,,,,,,,,,,,333,7,,,,,,,,,,,,,,
00-0033885,David Njoku,CLE,,,,,,,,,,25.0,5,,,,,,,,,,,TE,47.61,334,0.974,48.88,52,81.24,-33.629999999999995,-35.31,,12.0,10.0,70.0,3.0,,,,,,,,46.0,0.0814574925455932,,,,2.4,,,,14.0,5.833333333333333,3.0,2.0,,,,,,,,,,,,,,,,,,,,,,,334,7,,,,,,,,238.96,240.0,174.0,290.0,22.66,2026-06-26,-94.0
ROOKIE_KC_Concepcion,KC Concepcion,CLE,,,,,,,,,,,0,,,,,,,,,,,WR,38.35,335,,,130,74.13,-35.779999999999994,-35.78,,,,,,,,,,,,,,,,,,,,,,,,,,,,,,,,,,,,,,,,,,,,,,,,335,7,1.0,20.0,52.0,WR1,medium,True,Round 1 CLE; Browns rebuilding QB situation limits ceiling; WR1 opportunity by default; targets will be there but low-quality QB is serious drag; Denzel Boston R2 is competition; high targets low efficiency likely,130.13,126.0,81.0,304.0,35.91,2026-06-26,-209.0
00-0040078,Brashard Smith,KC,,,,,,,,67.0,0.0,21.7,10,,,,,,,,,,,RB,39.14,336,1.0868,36.01,66,71.82,-32.67999999999999,-35.95,24.0,18.0,14.0,90.0,1.0,2.4,1.4,2.7916666666666665,0.0915237905369484,0.3117063492063492,0.1465880098797718,1.0,,,,,,,,,,,,,,,,,,,,,,,,,,,,,,,,,,,,336,7,,,,,,,,270.39,286.0,203.0,363.0,29.91,2026-06-26,-50.0
00-0039356,Ja'Tavion Sanders,CAR,,,,,,,,,,15.8,9,,,,,,,,,,,TE,46.78,337,0.95975,48.74,53,81.24,-34.459999999999994,-36.18,,20.0,18.0,98.0,1.0,,,,,,,,52.0,0.0841595613238371,,,,2.2222222222222223,,,,10.88888888888889,4.9,5.0,2.0,,,,,,,,,,,,,,,,,,,,,,,337,7,,,,,,,,318.0,370.0,261.0,390.0,32.54,2026-06-26,33.0
ROOKIE_Kaelon_Black,Kaelon Black,SF,,,,,,,,,,,0,,,,,,,,,,,RB,38.55,338,,,67,71.82,-33.27,-36.6,,,,,,,,,,,,,,,,,,,,,,,,,,,,,,,,,,,,,,,,,,,,,,,,338,7,3.0,90.0,65.0,RB2,medium,True,Round 3 pick 90 49ers; Kyle Shanahan explicitly cited his traits in presser; SF RB factory scheme creates real value even for backup; Christian McCaffrey health history opens door; Shanahan quote is significant signal; buy in fantasy,272.41,291.0,177.0,330.0,43.16,2026-06-26,-47.0
00-0034860,Dante Pettis,NO,,,,,,,,,,4.700000000000001,7,,,,,,,,,,,WR,37.5,339,0.9919,37.81,131,74.13,-36.63,-36.63,,6.0,4.0,67.0,0.0,,,,,,,,40.0,0.0275257939780453,0.0414461062416764,0.0703009653362415,0.7362637362637363,0.8571428571428571,10.0,15.166666666666666,91.0,,,,,,,,,,,,,,,,,,,,,,,,,,,339,7,,,,,,,,,,,,,,
00-0040739,Elijah Arroyo,SEA,,,,,,,,,,12.1,7,,,,,,,,,,,TE,46.13,340,1.0405,44.33,54,81.24,-35.10999999999999,-36.87,,14.0,8.0,81.0,1.0,,,,,,,,32.0,0.078141337494518,,,,2.0,,,,11.571428571428571,5.785714285714286,2.0,2.0,,,,,,,,,,,,,,,,,,,,,,,340,7,,,,,,,,318.94,373.0,268.0,372.0,31.04,2026-06-26,33.0
00-0040590,Konata Mumpfield,LA,,,,,,,,,,14.5,8,,,,,,,,,,,WR,37.24,341,1.18,31.56,132,74.13,-36.88999999999999,-36.89,,20.0,9.0,85.0,1.0,,,,,,,,18.0,0.064009937333991,0.0797272145607289,0.1518239561934968,0.3102189781021898,2.5,2.0,13.7,274.0,,,,,,,,,,,,,,,,,,,,,,,,,,,341,7,,,,,,,,286.36,318.0,232.0,318.0,22.01,2026-06-26,-23.0
LV,LV DST,LV,,,,,5.0,15.0,,,,,10,,,,,,,,,,,DST,12.62,342,1.0805,11.68,31,62.14,-49.52,-37.14,,,,,,,,,,,,,,,,,,,,,,,,,,,,,,,,,,,,,,,,2.0,7.0,1.5,0.7,0.0488599348534201,0.008433734939759,27.1,0.1641027176980839,342,7,,,,,,,,,,,,,,
00-0038465,Malik Heath,GB,,,,,,,,,,4.0,4,,,,,,,,,,,WR,36.83,343,1.0945,33.65,133,74.13,-37.3,-37.3,,5.0,4.0,40.0,0.0,,,,,,,,28.0,0.0371921182266009,0.0186976761929423,0.0688765506749611,2.0,1.25,7.0,4.0,20.0,,,,,,,,,,,,,,,,,,,,,,,,,,,343,7,,,,,,,,,,,,,,
00-0040719,Bhayshul Tuten,JAX,,,,,,,,176.0,3.0,41.6,8,,,,,,,,,,,RB,37.9,344,0.9405,40.3,68,71.82,-33.919999999999995,-37.31,51.0,6.0,4.0,20.0,1.0,6.375,0.5,3.450980392156863,0.2596360860207568,0.1619047619047619,0.2469276166430898,5.0,,,,,,,,,,,,,,,,,,,,,,,,,,,,,,,,,,,,344,7,,,,,,,,77.38,74.0,53.0,130.0,15.63,2026-06-26,-270.0
00-0039874,Jaylen Wright,MIA,,,,,,,,265.0,2.0,41.2,8,,,,,,,,,,,RB,37.77,345,0.874,43.22,69,71.82,-34.04999999999999,-37.45,57.0,7.0,3.0,27.0,0.0,7.125,0.375,4.649122807017544,0.2339925288943521,0.1754960317460317,0.2275699539250668,2.0,,,,,,,,,,,,,,,,,,,,,,,,,,,,,,,,,,,,345,7,,,,,,,,224.37,223.0,169.0,288.0,25.44,2026-06-26,-122.0
00-0038440,Zavier Scott,MIN,,,,,,,,56.0,0.0,8.3,7,,,,,,,,,,,RB,37.67,346,1.007,37.41,70,71.82,-34.14999999999999,-37.56,14.0,6.0,6.0,27.0,0.0,2.0,0.8571428571428571,4.0,0.1113553363929303,0.3074829931972789,0.1280045351473922,1.0,,,,,,,,,,,,,,,,,,,,,,,,,,,,,,,,,,,,346,7,,,,,,,,366.33,468.0,318.0,394.0,34.3,2026-06-26,122.0
ROOKIE_Germie_Bernard,Germie Bernard,PIT,,,,,,,,,,,0,,,,,,,,,,,WR,36.5,347,,,134,74.13,-37.63,-37.63,,,,,,,,,,,,,,,,,,,,,,,,,,,,,,,,,,,,,,,,,,,,,,,,347,7,2.0,47.0,55.0,WR2,medium,True,Round 2 Steelers; Russell Wilson era; WR corps needs talent infusion; can develop into WR1 role mid-season; Alabama WR track record positive; moderate situation,230.93,232.0,166.0,321.0,36.04,2026-06-26,-115.0
00-0037563,Malik Davis,DAL,,,,,,,,250.0,2.0,38.6,10,,,,,,,,,,,RB,37.42,348,0.9937,37.66,71,71.82,-34.39999999999999,-37.84,52.0,5.0,2.0,16.0,0.0,5.2,0.2,4.807692307692308,0.1976553016226929,0.1,0.1822878443641994,2.0,,,,,,,,,,,,,,,,,,,,,,,,,,,,,,,,,,,,348,7,,,,,,,,280.16,307.0,227.0,330.0,21.37,2026-06-26,-41.0
00-0035500,Greg Dortch,ARI,,,,,,,,,,32.4,6,,,,,,,,,,,WR,35.93,349,0.838,42.87,135,74.13,-38.2,-38.2,,19.0,16.0,138.0,2.0,,,,,,,,121.0,0.0692787690869532,0.0272384202511827,0.1229850478062577,2.123076923076923,3.1666666666666665,7.5625,3.421052631578948,65.0,,,,,,,,,,,,,,,,,,,,,,,,,,,349,7,,,,,,,,344.33,424.0,269.0,414.0,49.28,2026-06-26,75.0
00-0032104,Ameer Abdullah,IND,,,,,,,,46.0,0.0,11.2,10,,,,,,,,,,,RB,36.98,350,0.9937,37.21,72,71.82,-34.84,-38.32,10.0,14.0,13.0,66.0,0.0,1.0,1.3,4.6,0.0486163357715081,0.3231746031746031,0.0912320052079777,0.0,,,,,,,,,,,,,,,,,,,,,,,,,,,,,,,,,,,,350,7,,,,,,,,,,,,,,
ROOKIE_Omar_Cooper_Jr,Omar Cooper Jr,NYJ,,,,,,,,,,,0,,,,,,,,,,,WR,35.66,351,,,136,74.13,-38.47,-38.47,,,,,,,,,,,,,,,,,,,,,,,,,,,,,,,,,,,,,,,,,,,,,,,,351,7,1.0,20.0,53.0,WR2,medium,True,Round 1 NYJ; Kenyon Sadiq TE also drafted same team; Rodgers distributes widely; WR2 role likely; low team win total; Ohio State WR pedigree strong; ceiling capped by team context,159.34,153.0,107.0,309.0,37.25,2026-06-26,-198.0
00-0033282,Curtis Samuel,BUF,,,,,,,,,,4.6000000000000005,4,,,,,,,,,,,WR,35.17,352,1.1287,31.16,137,74.13,-38.96,-38.96,,5.0,4.0,46.0,0.0,,,,,,,,11.0,0.0414102564102564,0.057735533103921,0.1025302577881293,0.5822784810126582,1.25,2.75,15.8,79.0,,,,,,,,,,,,,,,,,,,,,,,,,,,352,7,,,,,,,,,,,,,,
00-0039875,Ray Davis,BUF,,,,,,,,94.0,0.0,19.9,10,,,,,,,,,,,RB,36.29,353,1.1001,32.99,73,71.82,-35.529999999999994,-39.08,24.0,7.0,5.0,45.0,0.0,2.4,0.5,3.9166666666666665,0.079037750040657,0.1976190476190476,0.0919254471019176,2.0,,,,,,,,,,,,,,,,,,,,,,,,,,,,,,,,,,,,353,7,,,,,,,,208.54,210.0,152.0,326.0,32.92,2026-06-26,-143.0
00-0040024,Darius Cooper,PHI,,,,,,,,,,5.9,5,,,,,,,,,,,WR,35.03,354,1.1116,31.51,138,74.13,-39.1,-39.1,,6.0,6.0,59.0,0.0,,,,,,,,18.0,0.0476874003189792,0.0457443606352483,0.1035521529231427,1.4390243902439024,1.2,3.0,6.833333333333333,41.0,,,,,,,,,,,,,,,,,,,,,,,,,,,354,7,,,,,,,,,,,,,,
00-0036959,Michael Bandy,DEN,,,,,,,,,,11.0,4,,,,,,,,,,,WR,34.98,355,1.0603,32.99,139,74.13,-39.15,-39.15,,4.0,4.0,50.0,1.0,,,,,,,,26.0,0.0286789546899841,0.0223759321476844,0.0586815845383552,2.083333333333333,1.0,6.5,6.0,24.0,,,,,,,,,,,,,,,,,,,,,,,,,,,355,7,,,,,,,,,,,,,,
00-0039751,Jordan Whittington,LA,,,,,,,,,,5.9,8,,,,,,,,,,,WR,34.81,356,1.18,29.5,140,74.13,-39.31999999999999,-39.32,,12.0,8.0,59.0,0.0,,,,,,,,41.0,0.0453660845908736,0.0381037809408903,0.0947217735449336,0.6413043478260869,1.5,5.125,7.666666666666667,92.0,,,,,,,,,,,,,,,,,,,,,,,,,,,356,7,,,,,,,,357.88,453.0,291.0,444.0,54.44,2026-06-26,97.0
00-0035249,Josh Oliver,MIN,,,,,,,,,,19.9,7,,,,,,,,,,,TE,43.48,357,1.0025,43.37,55,81.24,-37.76,-39.65,,11.0,9.0,79.0,2.0,,,,,,,,44.0,0.0734802421526024,,,,1.5714285714285714,,,,11.285714285714286,7.181818181818182,3.0,1.0,,,,,,,,,,,,,,,,,,,,,,,357,7,,,,,,,,344.25,423.0,313.0,361.0,18.86,2026-06-26,66.0
00-0036630,Tylan Wallace,BAL,,,,,,,,,,0.6000000000000001,6,,,,,,,,,,,WR,34.38,358,1.1629,29.56,141,74.13,-39.74999999999999,-39.75,,3.0,1.0,6.0,0.0,,,,,,,,7.0,0.0225757575757575,0.0455316676513119,0.0657358037195547,0.1034482758620689,0.5,7.0,19.33333333333333,58.0,,,,,,,,,,,,,,,,,,,,,,,,,,,358,7,,,,,,,,,,,,,,
00-0029604,Kirk Cousins,ATL,230.0,143.0,1512.0,9.0,4.0,9.0,11.0,7.0,1.0,93.18,8,28.75,1.375,0.875,6.573913043478261,0.6217391304347826,0.0391304347826087,0.017391304347826,239.0,0.3898744769874476,0.8375,QB,16.63,359,0.8299999999999998,20.04,26,61.12,-44.49,-40.04,,,,,,,,,,,,,,,,,,,,,,,,,,,,,,,,,,,,,,,,,,,,,,,,359,7,,,,,,,,295.86,331.0,214.0,335.0,24.85,2026-06-26,-28.0
ROOKIE_Denzel_Boston,Denzel Boston,CLE,,,,,,,,,,,0,,,,,,,,,,,WR,34.04,360,,,142,74.13,-40.09,-40.09,,,,,,,,,,,,,,,,,,,,,,,,,,,,,,,,,,,,,,,,,,,,,,,,360,7,2.0,39.0,48.0,WR2,medium,True,Round 2 Browns; KC Concepcion R1 is WR1 ahead of him; secondary role likely; strong athletic profile; low team ceiling limits upside; monitor depth chart through TC,156.13,152.0,119.0,305.0,34.13,2026-06-26,-208.0
00-0030035,Adam Thielen,PIT,,,,,,,,,,10.6,9,,,,,,,,,,,WR,33.74,361,1.009,33.44,143,74.13,-40.38999999999999,-40.39,,21.0,12.0,106.0,0.0,,,,,,,,32.0,0.0684034793666087,0.0561132372567393,0.1418844851296306,0.7910447761194029,2.333333333333333,2.6666666666666665,6.380952380952381,134.0,,,,,,,,,,,,,,,,,,,,,,,,,,,361,7,,,,,,,,,,,,,,
00-0030565,Geno Smith,LV,262.0,179.0,1675.0,12.0,7.0,37.0,21.0,38.0,0.0,102.8,9,29.11111111111111,2.333333333333333,4.222222222222222,6.393129770992366,0.683206106870229,0.0458015267175572,0.0267175572519083,299.0,0.3438127090301003,0.4222222222222223,QB,15.32,362,0.6779999999999999,22.6,27,61.12,-45.8,-41.22,,,,,,,,,,,,,,,,,,,,,,,,,,,,,,,,,,,,,,,,,,,,,,,,362,7,,,,,,,,231.91,235.0,153.0,312.0,36.45,2026-06-26,-127.0
00-0034419,Braxton Berrios,HOU,,,,,,,,,,3.7,4,,,,,,,,,,,WR,32.87,363,1.0945,30.03,144,74.13,-41.26,-41.26,,8.0,6.0,37.0,0.0,,,,,,,,18.0,0.0491990846681922,0.0180515239477503,0.0864346937657135,1.5416666666666667,2.0,3.0,3.0,24.0,,,,,,,,,,,,,,,,,,,,,,,,,,,363,7,,,,,,,,,,,,,,
00-0035645,Gunner Olszewski,NYG,,,,,,,,,,15.62,9,,,,,,,,,,,WR,32.78,364,0.9919,33.05,145,74.13,-41.35,-41.35,,4.0,2.0,43.0,1.0,,,,,,,,17.0,0.0142480842911877,0.0245909994373769,0.0385858260429455,0.7962962962962963,0.4444444444444444,8.5,13.5,54.0,,,,,,,,,,,,,,,,,,,,,,,,,,,364,7,,,,,,,,,,,,,,
00-0040563,Efton Chism III,NE,,,,,,,,,,10.0,6,,,,,,,,,,,WR,32.57,365,1.0603,30.72,146,74.13,-41.56,-41.56,,2.0,2.0,40.0,1.0,,,,,,,,24.0,0.0133333333333333,0.0121212121212121,0.0284848484848484,2.5,0.3333333333333333,12.0,8.0,16.0,,,,,,,,,,,,,,,,,,,,,,,,,,,365,7,,,,,,,,347.8,429.0,310.0,386.0,25.62,,64.0
00-0040009,Savion Williams,GB,,,,,,,,,,10.500000000000002,7,,,,,,,,,,,WR,32.47,366,1.0945,29.67,147,74.13,-41.66,-41.66,,6.0,6.0,55.0,1.0,,,,,,,,29.0,0.026617192331478,0.0113768844687929,0.0478896076253721,2.1153846153846154,0.8571428571428571,4.833333333333333,4.333333333333333,26.0,,,,,,,,,,,,,,,,,,,,,,,,,,,366,7,,,,,,,,360.63,458.0,319.0,446.0,43.04,2026-06-26,92.0
00-0039796,Rasheen Ali,BAL,,,,,,,,19.0,0.0,14.7,8,,,,,,,,,,,RB,33.41,367,1.1267,29.65,74,71.82,-38.41,-42.25,5.0,11.0,9.0,68.0,1.0,0.625,1.125,3.8,0.03515625,0.3791666666666666,0.0701645061989889,0.0,,,,,,,,,,,,,,,,,,,,,,,,,,,,,,,,,,,,367,7,,,,,,,,308.0,356.0,294.0,322.0,14.0,2026-06-26,-11.0
00-0040582,Arian Smith,NYJ,,,,,,,,,,4.9,7,,,,,,,,,,,WR,31.17,368,0.9064,34.39,148,74.13,-42.96,-42.96,,8.0,3.0,28.0,0.0,,,,,,,,18.0,0.0361813273696575,0.0906559021742697,0.1177311225764751,0.1818181818181818,1.1428571428571428,6.0,19.25,154.0,,,,,,,,,,,,,,,,,,,,,,,,,,,368,7,,,,,,,,319.67,374.0,262.0,378.0,47.36,,6.0
00-0038938,Jalin Hyatt,NYG,,,,,,,,,,1.8,4,,,,,,,,,,,WR,31.05,369,0.9919,31.3,149,74.13,-43.08,-43.08,,6.0,2.0,18.0,0.0,,,,,,,,0.0,0.0490029606408916,0.1250084766445156,0.1610103746124984,0.1343283582089552,1.5,0.0,22.33333333333333,134.0,,,,,,,,,,,,,,,,,,,,,,,,,,,369,7,,,,,,,,,,,,,,
00-0036133,James Proche,TEN,,,,,,,,,,6.0,5,,,,,,,,,,,WR,31.03,370,0.8893,34.89,150,74.13,-43.1,-43.1,,11.0,5.0,60.0,0.0,,,,,,,,2.0,0.0654825953773322,0.1209694859243893,0.1829025332130708,0.3529411764705882,2.2,0.4,15.454545454545457,170.0,,,,,,,,,,,,,,,,,,,,,,,,,,,370,7,,,,,,,,,,,,,,
00-0038953,Dylan Drummond,ATL,,,,,,,,,,4.2,5,,,,,,,,,,,WR,30.96,371,0.9235,33.52,151,74.13,-43.17,-43.17,,11.0,7.0,42.0,0.0,,,,,,,,14.0,0.0850691244239631,0.1004998018572679,0.1979535479360322,0.4941176470588235,2.2,2.0,7.727272727272727,85.0,,,,,,,,,,,,,,,,,,,,,,,,,,,371,7,,,,,,,,,,,,,,
00-0040187,Mitchell Evans,CAR,,,,,,,,,,10.1,8,,,,,,,,,,,TE,39.94,372,0.95975,41.61,56,81.24,-41.3,-43.36,,15.0,11.0,100.0,0.0,,,,,,,,67.0,0.0705945407120021,,,,1.875,,,,12.5,6.666666666666667,2.0,1.0,,,,,,,,,,,,,,,,,,,,,,,372,7,,,,,,,,366.0,466.0,339.0,392.0,21.65,2026-06-26,94.0
00-0039623,Mason Tipton,NO,,,,,,,,,,9.400000000000002,7,,,,,,,,,,,WR,30.72,373,0.9919,30.97,152,74.13,-43.41,-43.41,,17.0,11.0,76.0,0.0,,,,,,,,37.0,0.0619753552727534,0.0647647575231759,0.1382983631753533,0.5100671140939598,2.4285714285714284,3.363636363636364,8.764705882352942,149.0,,,,,,,,,,,,,,,,,,,,,,,,,,,373,7,,,,,,,,,,,,,,
00-0037805,Jeremy Ruckert,NYJ,,,,,,,,,,10.7,9,,,,,,,,,,,TE,39.84,374,0.974,40.9,57,81.24,-41.39999999999999,-43.47,,21.0,15.0,107.0,0.0,,,,,,,,65.0,0.0846973450507606,,,,2.333333333333333,,,,11.88888888888889,5.095238095238095,2.0,1.0,,,,,,,,,,,,,,,,,,,,,,,374,7,,,,,,,,,,,,,,
00-0036755,Jaret Patterson,LAC,,,,,,,,130.0,1.0,19.0,5,,,,,,,,,,,RB,31.94,375,1.0203,31.3,75,71.82,-39.88,-43.87,33.0,0.0,0.0,0.0,0.0,6.6,0.0,3.939393939393939,0.228962148962149,0.0,0.215275437701067,2.0,,,,,,,,,,,,,,,,,,,,,,,,,,,,,,,,,,,,375,7,,,,,,,,336.5,406.0,292.0,381.0,44.5,2026-06-26,31.0
00-0040277,Jahdae Walker,CHI,,,,,,,,,,11.1,4,,,,,,,,,,,WR,30.13,376,1.0603,28.42,153,74.13,-44.0,-44.0,,7.0,4.0,51.0,1.0,,,,,,,,3.0,0.0515030946065428,0.0654108462205737,0.1230422342642159,0.6144578313253012,1.75,0.75,11.857142857142858,83.0,,,,,,,,,,,,,,,,,,,,,,,,,,,376,7,,,,,,,,342.5,418.0,323.0,362.0,19.5,2026-06-26,42.0
00-0040184,KeAndre Lambert-Smith,LAC,,,,,,,,,,8.6,4,,,,,,,,,,,WR,30.05,377,1.0261,29.29,154,74.13,-44.08,-44.08,,4.0,2.0,26.0,1.0,,,,,,,,6.0,0.0355370436015597,0.0732189870384804,0.1045588563292759,0.325,1.0,3.0,20.0,80.0,,,,,,,,,,,,,,,,,,,,,,,,,,,377,7,,,,,,,,,,,,,,
00-0034418,Cedrick Wilson Jr.,MIA,,,,,,,,,,4.4,5,,,,,,,,,,,WR,29.41,378,0.838,35.09,155,74.13,-44.72,-44.72,,7.0,5.0,44.0,0.0,,,,,,,,25.0,0.0578911827187689,0.052676421382423,0.1237102690458495,0.7213114754098361,1.4,5.0,8.714285714285714,61.0,,,,,,,,,,,,,,,,,,,,,,,,,,,378,7,,,,,,,,366.33,468.0,322.0,400.0,32.72,,90.0
00-0039062,Jonathan Mingo,DAL,,,,,,,,,,2.5,4,,,,,,,,,,,WR,29.36,379,0.9919,29.6,156,74.13,-44.77,-44.77,,4.0,1.0,25.0,0.0,,,,,,,,4.0,0.0272189505234718,0.0646287902841823,0.0860685789841353,0.2873563218390804,1.0,4.0,21.75,87.0,,,,,,,,,,,,,,,,,,,,,,,,,,,379,7,,,,,,,,,,,,,,
ROOKIE_Ja'Kobi_Lane,Ja'Kobi Lane,BAL,,,,,,,,,,,0,,,,,,,,,,,WR,29.24,380,,,157,74.13,-44.89,-44.89,,,,,,,,,,,,,,,,,,,,,,,,,,,,,,,,,,,,,,,,,,,,,,,,380,7,3.0,80.0,51.0,WR3,low,True,Round 3 Ravens; Lamar Jackson run-first limits WR value; WR3 role; BAL elite team but WRs historically undervalued; pass-game role limited,275.27,298.0,195.0,342.0,32.87,2026-06-26,-82.0
00-0035544,Tom Kennedy,DET,,,,,,,,,,3.6,5,,,,,,,,,,,WR,29.19,381,1.1287,25.86,158,74.13,-44.94,-44.94,,4.0,4.0,36.0,0.0,,,,,,,,4.0,0.0296296296296296,0.0376470588235294,0.070797385620915,1.125,0.8,1.0,8.0,32.0,,,,,,,,,,,,,,,,,,,,,,,,,,,381,7,,,,,,,,,,,,,,
00-0040218,Jimmy Horn Jr.,CAR,,,,,,,,,,8.4,7,,,,,,,,,,,WR,28.87,382,0.8551,33.76,159,74.13,-45.25999999999999,-45.26,,9.0,6.0,36.0,0.0,,,,,,,,51.0,0.0565046685816703,-0.0054333180392343,0.0809536802450414,1.2857142857142858,1.2857142857142858,8.5,3.111111111111111,28.0,,,,,,,,,,,,,,,,,,,,,,,,,,,382,7,,,,,,,,366.33,468.0,322.0,400.0,32.72,,86.0
00-0037085,Tyler Badie,DEN,,,,,,,,22.0,0.0,7.300000000000001,10,,,,,,,,,,,RB,30.44,383,1.0469,29.08,76,71.82,-41.38,-45.52,5.0,17.0,11.0,51.0,0.0,0.5,1.1,4.4,0.0191626409017713,0.240573593073593,0.0798379059669382,0.0,,,,,,,,,,,,,,,,,,,,,,,,,,,,,,,,,,,,383,7,,,,,,,,353.67,441.0,311.0,380.0,30.44,2026-06-26,58.0
00-0036212,Tua Tagovailoa,MIA,202.0,133.0,1447.0,9.0,8.0,17.0,12.0,11.0,0.0,78.98,8,25.25,1.5,1.375,7.163366336633663,0.6584158415841584,0.0445544554455445,0.0396039603960396,219.0,0.3606392694063927,0.1375,QB,10.39,384,0.6399999999999999,16.24,28,61.12,-50.73,-45.66,,,,,,,,,,,,,,,,,,,,,,,,,,,,,,,,,,,,,,,,,,,,,,,,384,7,,,,,,,,276.89,304.0,159.0,332.0,35.86,2026-06-26,-80.0
00-0033217,Mo Alie-Cox,IND,,,,,,,,,,11.1,7,,,,,,,,,,,TE,37.71,385,0.99775,37.8,58,81.24,-43.53,-45.71,,12.0,7.0,51.0,1.0,,,,,,,,27.0,0.0526589033263115,,,,1.7142857142857142,,,,7.285714285714286,4.25,4.0,2.0,,,,,,,,,,,,,,,,,,,,,,,385,7,,,,,,,,372.5,477.0,350.0,395.0,22.5,2026-06-26,92.0
00-0038738,Hunter Luepke,DAL,,,,,,,,53.0,0.0,14.1,9,,,,,,,,,,,RB,30.08,386,0.9937,30.27,77,71.82,-41.74,-45.91,13.0,10.0,9.0,88.0,0.0,1.4444444444444444,1.0,4.076923076923077,0.0471826527382082,0.2407407407407407,0.0783648573922455,0.0,,,,,,,,,,,,,,,,,,,,,,,,,,,,,,,,,,,,386,7,,,,,,,,340.5,413.0,288.0,393.0,52.5,2026-06-26,27.0
00-0037306,John FitzPatrick,GB,,,,,,,,,,5.800000000000001,8,,,,,,,,,,,TE,37.52,387,1.02625,36.56,59,81.24,-43.71999999999999,-45.91,,12.0,9.0,58.0,0.0,,,,,,,,50.0,0.0548511904761904,,,,1.5,,,,7.25,4.833333333333333,3.0,2.0,,,,,,,,,,,,,,,,,,,,,,,387,7,,,,,,,,,,,,,,
00-0036841,Austin Trammell,JAX,,,,,,,,,,4.6000000000000005,6,,,,,,,,,,,WR,28.12,388,0.9235,30.45,160,74.13,-46.00999999999999,-46.01,,10.0,3.0,46.0,0.0,,,,,,,,2.0,0.0665876152832674,0.1005065816697604,0.1702360300937334,0.3538461538461538,1.6666666666666667,0.6666666666666666,13.0,130.0,,,,,,,,,,,,,,,,,,,,,,,,,,,388,7,,,,,,,,,,,,,,
00-0034521,Allen Lazard,NYJ,,,,,,,,,,4.6,6,,,,,,,,,,,WR,27.61,389,0.9064,30.46,161,74.13,-46.52,-46.52,,12.0,6.0,46.0,0.0,,,,,,,,25.0,0.0667600059737156,0.0526719988768216,0.1370104081743486,0.4893617021276595,2.0,4.166666666666667,7.833333333333333,94.0,,,,,,,,,,,,,,,,,,,,,,,,,,,389,7,,,,,,,,,,,,,,
00-0036637,Noah Gray,KC,,,,,,,,,,10.1,8,,,,,,,,,,,TE,36.74,390,1.031,35.64,60,81.24,-44.49999999999999,-46.72,,17.0,10.0,101.0,0.0,,,,,,,,57.0,0.0636035097679809,,,,2.125,,,,12.625,5.941176470588236,1.0,1.0,,,,,,,,,,,,,,,,,,,,,,,390,7,,,,,,,,316.24,366.0,259.0,361.0,29.99,2026-06-26,-24.0
00-0035291,Trayveon Williams,CLE,,,,,,,,29.0,0.0,7.1,5,,,,,,,,,,,RB,29.3,391,0.9272,31.6,78,71.82,-42.52,-46.77,9.0,7.0,7.0,42.0,0.0,1.8,1.4,3.2222222222222223,0.1217049617049617,0.1893939393939394,0.146530662320136,0.0,,,,,,,,,,,,,,,,,,,,,,,,,,,,,,,,,,,,391,7,,,,,,,,360.63,458.0,319.0,446.0,43.04,,67.0
00-0036620,Dee Eskridge,MIA,,,,,,,,,,4.5,6,,,,,,,,,,,WR,27.36,392,0.838,32.65,162,74.13,-46.77,-46.77,,3.0,2.0,45.0,0.0,,,,,,,,8.0,0.0156156156156156,0.029886624953206,0.0443440608906676,1.0714285714285714,0.5,4.0,14.0,42.0,,,,,,,,,,,,,,,,,,,,,,,,,,,392,7,,,,,,,,,,,,,,
00-0037487,Deven Thompkins,ATL,,,,,,,,,,3.2,5,,,,,,,,,,,WR,27.34,393,0.9235,29.61,163,74.13,-46.78999999999999,-46.79,,3.0,3.0,27.0,0.0,,,,,,,,20.0,0.0200460829493087,0.0103641456582633,0.0373240263847474,3.857142857142857,0.6,6.666666666666667,2.333333333333333,7.0,,,,,,,,,,,,,,,,,,,,,,,,,,,393,7,,,,,,,,,,,,,,
00-0036862,Ben Skowronek,PIT,,,,,,,,,,4.7,10,,,,,,,,,,,WR,27.18,394,1.009,26.94,164,74.13,-46.95,-46.95,,4.0,3.0,47.0,0.0,,,,,,,,10.0,0.0139265640273704,0.0211215340650528,0.0356749198865926,1.146341463414634,0.4,3.333333333333333,10.25,41.0,,,,,,,,,,,,,,,,,,,,,,,,,,,394,7,,,,,,,,,,,,,,
00-0038685,Chris Brooks,GB,,,,,,,,43.0,0.0,10.4,11,,,,,,,,,,,RB,29.13,395,1.0735,27.14,79,71.82,-42.69,-46.96,12.0,11.0,8.0,61.0,0.0,1.0909090909090908,0.7272727272727273,3.583333333333333,0.0397173489278752,0.2535353535353535,0.0831740751411597,0.0,,,,,,,,,,,,,,,,,,,,,,,,,,,,,,,,,,,,395,7,,,,,,,,262.82,277.0,189.0,314.0,31.34,2026-06-26,-118.0
00-0034854,KhaDarel Hodge,ATL,,,,,,,,,,3.1,6,,,,,,,,,,,WR,27.09,396,0.9235,29.33,165,74.13,-47.03999999999999,-47.04,,9.0,3.0,31.0,0.0,,,,,,,,9.0,0.050191570881226,0.0738218094255245,0.1269626229197063,0.25,1.5,3.0,13.77777777777778,124.0,,,,,,,,,,,,,,,,,,,,,,,,,,,396,7,,,,,,,,,,,,,,
00-0040154,Tai Felton,MIN,,,,,,,,,,1.6,7,,,,,,,,,,,WR,26.56,397,1.009,26.32,166,74.13,-47.56999999999999,-47.57,,2.0,2.0,16.0,0.0,,,,,,,,12.0,0.0124223602484472,0.0049897292250233,0.0221263508301871,4.0,0.2857142857142857,6.0,2.0,4.0,,,,,,,,,,,,,,,,,,,,,,,,,,,397,7,,,,,,,,350.0,432.0,242.0,458.0,108.0,2026-06-26,35.0
00-0036182,Nick Westbrook-Ikhine,MIA,,,,,,,,,,6.300000000000001,7,,,,,,,,,,,WR,26.23,398,0.838,31.3,167,74.13,-47.89999999999999,-47.9,,13.0,7.0,63.0,0.0,,,,,,,,17.0,0.0626618769475912,0.0670862496874569,0.1409531902026067,0.8076923076923077,1.8571428571428568,2.4285714285714284,6.0,78.0,,,,,,,,,,,,,,,,,,,,,,,,,,,398,7,,,,,,,,346.5,428.0,265.0,412.0,42.59,2026-06-26,30.0
00-0039521,Xavier Weaver,ARI,,,,,,,,,,6.700000000000001,6,,,,,,,,,,,WR,25.79,399,0.838,30.78,168,74.13,-48.34,-48.34,,12.0,7.0,67.0,0.0,,,,,,,,20.0,0.0500826083097447,0.0834874704575323,0.1335651417848897,0.406060606060606,2.0,2.857142857142857,13.75,165.0,,,,,,,,,,,,,,,,,,,,,,,,,,,399,7,,,,,,,,,,,,,,
00-0039757,Terrell Jennings,NE,,,,,,,,73.0,1.0,14.2,6,,,,,,,,,,,RB,27.67,400,1.0469,26.43,80,71.82,-44.14999999999999,-48.56,23.0,1.0,1.0,9.0,0.0,3.8333333333333335,0.1666666666666666,3.1739130434782608,0.1612415654520917,0.0238095238095238,0.1439786368549809,2.0,,,,,,,,,,,,,,,,,,,,,,,,,,,,,,,,,,,,400,7,,,,,,,,344.83,426.0,311.0,408.0,38.54,2026-06-26,26.0
ROOKIE_Antonio_Williams,Antonio Williams,WAS,,,,,,,,,,,0,,,,,,,,,,,WR,25.57,401,,,169,74.13,-48.56,-48.56,,,,,,,,,,,,,,,,,,,,,,,,,,,,,,,,,,,,,,,,,,,,,,,,401,7,3.0,71.0,52.0,WR3,low,True,Round 3 Commanders; Jayden Daniels good QB; WR3 role to start; Daniels loves checkdowns so WR3 target share may surprise; Clemson WR track record middling,192.73,189.0,133.0,322.0,41.89,2026-06-26,-212.0
00-0034365,Ian Thomas,LV,,,,,,,,,,9.0,5,,,,,,,,,,,TE,34.93,402,0.95975,36.4,61,81.24,-46.31,-48.63,,9.0,9.0,90.0,0.0,,,,,,,,54.0,0.0528156054471843,,,,1.8,,,,18.0,10.0,0.0,0.0,,,,,,,,,,,,,,,,,,,,,,,402,7,,,,,,,,341.67,417.0,258.0,443.0,67.18,,15.0
00-0031687,Raheem Mostert,LV,,,,,,,,24.0,0.0,8.3,9,,,,,,,,,,,RB,27.29,403,0.8873,30.76,81,71.82,-44.53,-48.98,6.0,11.0,11.0,59.0,0.0,0.6666666666666666,1.2222222222222223,4.0,0.050895061728395,0.2017316017316017,0.0906593848668863,0.0,,,,,,,,,,,,,,,,,,,,,,,,,,,,,,,,,,,,403,8,,,,,,,,285.0,316.0,222.0,318.0,44.56,2026-06-26,-87.0
00-0036754,Brock Wright,DET,,,,,,,,,,7.1000000000000005,5,,,,,,,,,,,TE,34.46,404,1.03575,33.27,62,81.24,-46.78,-49.12,,16.0,9.0,71.0,0.0,,,,,,,,56.0,0.0931756474519632,,,,3.2,,,,14.2,4.4375,0.0,0.0,,,,,,,,,,,,,,,,,,,,,,,404,8,,,,,,,,364.0,462.0,353.0,375.0,11.0,2026-06-26,58.0
ROOKIE_Kenyon_Sadiq,Kenyon Sadiq,NYJ,,,,,,,,,,,0,,,,,,,,,,,TE,34.28,405,,,63,81.24,-46.96,-49.31,,,,,,,,,,,,,,,,,,,,,,,,,,,,,,,,,,,,,,,,,,,,,,,,405,7,1.0,16.0,55.0,TE1,medium,True,Pick 16 TE; rare R1 TE capital; NYJ low-win projection limits scoring; Aaron Rodgers loves TEs historically; slot receiver profile; Omar Cooper Jr also drafted WR; Rodgers in final year creates urgency; TE1 role likely but low-ceiling offense,204.93,204.0,138.0,339.0,32.31,2026-06-26,-201.0
00-0038397,Evan Hull,NO,,,,,,,,37.0,0.0,4.300000000000001,5,,,,,,,,,,,RB,26.88,406,0.9937,27.05,82,71.82,-44.94,-49.43,17.0,1.0,1.0,6.0,0.0,3.4,0.2,2.176470588235294,0.2434700882641386,0.1,0.2008569730922672,0.0,,,,,,,,,,,,,,,,,,,,,,,,,,,,,,,,,,,,406,8,,,,,,,,,,,,,,
00-0036628,John Bates,WAS,,,,,,,,,,8.100000000000001,8,,,,,,,,,,,TE,33.79,407,1.012,33.39,64,81.24,-47.45,-49.82,,13.0,8.0,81.0,0.0,,,,,,,,46.0,0.0670223985244146,,,,1.625,,,,10.125,6.230769230769231,1.0,1.0,,,,,,,,,,,,,,,,,,,,,,,407,8,,,,,,,,332.29,394.0,274.0,431.0,49.52,2026-06-26,-13.0
00-0036422,Adam Trautman,DEN,,,,,,,,,,13.7,8,,,,,,,,,,,TE,33.77,408,1.01675,33.21,65,81.24,-47.46999999999999,-49.84,,15.0,13.0,137.0,0.0,,,,,,,,68.0,0.0490352814685176,,,,1.875,,,,17.125,9.133333333333333,0.0,0.0,,,,,,,,,,,,,,,,,,,,,,,408,8,,,,,,,,356.5,450.0,355.0,358.0,1.5,2026-06-26,42.0
00-0039530,Brevyn Spann-Ford,DAL,,,,,,,,,,11.5,10,,,,,,,,,,,TE,33.58,409,0.99775,33.66,66,81.24,-47.66,-50.04,,7.0,5.0,55.0,1.0,,,,,,,,23.0,0.0193796437014522,,,,0.7,,,,5.5,7.857142857142857,2.0,2.0,,,,,,,,,,,,,,,,,,,,,,,409,8,,,,,,,,,,,,,,
00-0036727,Adam Prentice,DEN,,,,,,,,29.0,0.0,7.800000000000001,8,,,,,,,,,,,RB,26.3,410,1.0469,25.12,83,71.82,-45.52,-50.07,7.0,7.0,5.0,49.0,0.0,0.875,0.625,4.142857142857143,0.0390050871029131,0.1137445887445887,0.0601259679749668,1.0,,,,,,,,,,,,,,,,,,,,,,,,,,,,,,,,,,,,410,8,,,,,,,,343.0,420.0,297.0,389.0,46.0,2026-06-26,10.0
ROOKIE_Zachariah_Branch,Zachariah Branch,ATL,,,,,,,,,,,0,,,,,,,,,,,WR,24.03,411,,,170,74.13,-50.1,-50.1,,,,,,,,,,,,,,,,,,,,,,,,,,,,,,,,,,,,,,,,,,,,,,,,411,7,3.0,79.0,47.0,WR2,medium,True,Round 3 Falcons; Penix year 2 QB; WR corps needs talent; Branch has elite athleticism; return game value adds floor; offensive ceiling limited by ATL context; sleeper upside,244.98,246.0,189.0,318.0,25.77,2026-06-26,-165.0
00-0040259,Gage Larvadain,CLE,,,,,,,,,,5.2,10,,,,,,,,,,,WR,24.0,412,0.9064,26.48,171,74.13,-50.13,-50.13,,10.0,5.0,49.0,0.0,,,,,,,,22.0,0.0369453835617561,0.0486948226251556,0.0895044511802432,0.4851485148514851,1.0,4.4,10.1,101.0,,,,,,,,,,,,,,,,,,,,,,,,,,,412,8,,,,,,,,,,,,,,
ROOKIE_Matthew_Hibner,Matthew Hibner,BAL,,,,,,,,,,,0,,,,,,,,,,,TE,33.49,413,,,67,81.24,-47.74999999999999,-50.14,,,,,,,,,,,,,,,,,,,,,,,,,,,,,,,,,,,,,,,,,,,,,,,,413,7,4.0,133.0,38.0,TE3,low,True,Round 4 Ravens; Mark Andrews still TE1; blocking TE role; no fantasy value,,,,,,,
00-0040238,LeQuint Allen Jr.,JAX,,,,,,,,72.0,0.0,9.6,10,,,,,,,,,,,RB,25.96,414,0.9405,27.6,84,71.82,-45.85999999999999,-50.45,19.0,6.0,6.0,24.0,0.0,1.9,0.6,3.789473684210526,0.0750498568992814,0.1369047619047619,0.0863733056277813,1.0,,,,,,,,,,,,,,,,,,,,,,,,,,,,,,,,,,,,414,8,,,,,,,,275.1,297.0,189.0,355.0,32.92,2026-06-26,-117.0
00-0033455,Anthony Firkser,DET,,,,,,,,,,5.1,4,,,,,,,,,,,TE,33.16,415,1.03575,32.02,68,81.24,-48.08,-50.48,,7.0,6.0,51.0,0.0,,,,,,,,11.0,0.0451752342742331,,,,1.75,,,,12.75,7.285714285714286,2.0,0.0,,,,,,,,,,,,,,,,,,,,,,,415,8,,,,,,,,,,,,,,
00-0036176,Mason Kinsey,TEN,,,,,,,,,,4.800000000000001,5,,,,,,,,,,,WR,23.59,416,0.8893,26.53,172,74.13,-50.53999999999999,-50.54,,4.0,2.0,48.0,0.0,,,,,,,,3.0,0.0223809523809523,0.061724220719459,0.0767783830750498,0.5217391304347826,0.8,1.5,23.0,92.0,,,,,,,,,,,,,,,,,,,,,,,,,,,416,8,,,,,,,,,,,,,,
00-0036887,Luke Farrell,SF,,,,,,,,,,9.8,8,,,,,,,,,,,TE,32.34,417,1.031,31.37,69,81.24,-48.89999999999999,-51.34,,6.0,5.0,38.0,1.0,,,,,,,,19.0,0.0282495868433368,,,,0.75,,,,4.75,6.333333333333333,2.0,2.0,,,,,,,,,,,,,,,,,,,,,,,417,8,,,,,,,,,,,,,,
00-0040198,Ollie Gordon II,MIA,,,,,,,,131.0,2.0,33.6,10,,,,,,,,,,,RB,25.08,418,0.874,28.7,85,71.82,-46.74,-51.41,38.0,4.0,3.0,25.0,1.0,3.8,0.3,3.4473684210526314,0.1418449993772574,0.0487734487734487,0.1262344010704095,3.0,,,,,,,,,,,,,,,,,,,,,,,,,,,,,,,,,,,,418,8,,,,,,,,247.33,252.0,178.0,325.0,21.9,2026-06-26,-166.0
00-0038547,Luke Schoonmaker,DAL,,,,,,,,,,9.6,7,,,,,,,,,,,TE,32.27,419,0.99775,32.34,70,81.24,-48.96999999999999,-51.42,,12.0,8.0,96.0,0.0,,,,,,,,62.0,0.0462212103549489,,,,1.7142857142857142,,,,13.714285714285714,8.0,1.0,0.0,,,,,,,,,,,,,,,,,,,,,,,419,8,,,,,,,,378.33,481.0,367.0,385.0,8.06,2026-06-26,62.0
00-0038573,Derius Davis,LAC,,,,,,,,,,0.3,7,,,,,,,,,,,WR,22.67,420,1.0261,22.09,173,74.13,-51.46,-51.46,,2.0,1.0,3.0,0.0,,,,,,,,7.0,0.0102813852813852,0.0204053193183627,0.0297058014449318,0.1111111111111111,0.2857142857142857,7.0,13.5,27.0,,,,,,,,,,,,,,,,,,,,,,,,,,,420,8,,,,,,,,280.16,307.0,227.0,330.0,21.37,,-113.0
00-0034975,Justice Hill,BAL,,,,,,,,5.0,1.0,9.0,4,,,,,,,,,,,RB,24.9,421,1.1267,22.1,86,71.82,-46.92,-51.61,3.0,4.0,3.0,25.0,0.0,0.75,0.75,1.6666666666666667,0.0300320512820512,0.225,0.0610449735449735,1.0,,,,,,,,,,,,,,,,,,,,,,,,,,,,,,,,,,,,421,8,,,,,,,,247.78,254.0,148.0,311.0,43.44,2026-06-26,-167.0
00-0034159,Will Dissly,LAC,,,,,,,,,,4.800000000000001,4,,,,,,,,,,,TE,31.93,422,1.00725,31.7,71,81.24,-49.31,-51.78,,7.0,6.0,48.0,0.0,,,,,,,,31.0,0.0584139413907997,,,,1.75,,,,12.0,6.857142857142857,1.0,0.0,,,,,,,,,,,,,,,,,,,,,,,422,8,,,,,,,,,,,,,,
00-0038824,Ryan Miller,TB,,,,,,,,,,1.4,5,,,,,,,,,,,WR,21.83,423,1.009,21.64,174,74.13,-52.3,-52.3,,1.0,1.0,14.0,0.0,,,,,,,,0.0,0.004,0.005857740585774,0.0101004184100418,1.0,0.2,0.0,14.0,14.0,,,,,,,,,,,,,,,,,,,,,,,,,,,423,8,,,,,,,,355.5,447.0,332.0,379.0,19.53,,24.0
ROOKIE_Caleb_Douglas,Caleb Douglas,MIA,,,,,,,,,,,0,,,,,,,,,,,WR,21.63,424,,,175,74.13,-52.5,-52.5,,,,,,,,,,,,,,,,,,,,,,,,,,,,,,,,,,,,,,,,,,,,,,,,424,7,3.0,75.0,42.0,WR3,low,True,Round 3 Dolphins; Tua health risk; terrible team win total 4.5; WR3 at best; avoid in redraft; dynasty only,307.79,354.0,225.0,391.0,54.24,2026-06-26,-70.0
00-0039299,George Holani,SEA,,,,,,,,46.0,1.0,10.6,4,,,,,,,,,,,RB,23.9,425,1.1134,21.47,87,71.82,-47.92,-52.71,12.0,0.0,0.0,0.0,0.0,3.0,0.0,3.8333333333333335,0.1013322884012539,0.0,0.0933169934640522,0.0,,,,,,,,,,,,,,,,,,,,,,,,,,,,,,,,,,,,425,8,,,,,,,,273.79,295.0,219.0,313.0,26.71,2026-06-26,-130.0
00-0034073,Ross Dwelley,DET,,,,,,,,,,0.7000000000000001,4,,,,,,,,,,,TE,31.01,426,1.03575,29.94,72,81.24,-50.22999999999999,-52.74,,5.0,2.0,7.0,0.0,,,,,,,,7.0,0.04365479390681,,,,1.25,,,,1.75,1.4,3.0,2.0,,,,,,,,,,,,,,,,,,,,,,,426,8,,,,,,,,,,,,,,
00-0033854,Dare Ogunbowale,HOU,,,,,,,,13.0,1.0,12.6,9,,,,,,,,,,,RB,23.63,427,1.0735,22.01,88,71.82,-48.19,-53.01,8.0,9.0,7.0,53.0,0.0,0.8888888888888888,0.7777777777777778,1.625,0.0334263083305228,0.1631393298059964,0.0600209692633009,3.0,,,,,,,,,,,,,,,,,,,,,,,,,,,,,,,,,,,,427,8,,,,,,,,,,,,,,
ROOKIE_Skyler_Bell,Skyler Bell,BUF,,,,,,,,,,,0,,,,,,,,,,,WR,21.07,428,,,176,74.13,-53.06,-53.06,,,,,,,,,,,,,,,,,,,,,,,,,,,,,,,,,,,,,,,,,,,,,,,,428,7,4.0,125.0,40.0,WR4,low,True,Round 4 Bills; Josh Allen offense is great but Bell too far down depth chart; avoid in redraft,275.72,300.0,223.0,375.0,33.39,2026-06-26,-128.0
00-0037557,Ronnie Rivers,LA,,,,,,,,46.0,0.0,4.6000000000000005,5,,,,,,,,,,,RB,23.27,429,1.14,20.41,89,71.82,-48.55,-53.4,9.0,0.0,0.0,0.0,0.0,1.8,0.0,5.111111111111111,0.0584848484848484,0.0,0.0531400966183574,0.0,,,,,,,,,,,,,,,,,,,,,,,,,,,,,,,,,,,,429,8,,,,,,,,362.0,459.0,360.0,364.0,2.0,2026-06-26,30.0
ROOKIE_Emmett_Johnson,Emmett Johnson,KC,,,,,,,,,,,0,,,,,,,,,,,RB,22.69,430,,,90,71.82,-49.13,-54.04,,,,,,,,,,,,,,,,,,,,,,,,,,,,,,,,,,,,,,,,,,,,,,,,430,7,5.0,150.0,46.0,RB2,low,True,Late round Chiefs; Mahomes bounce-back team; RB2 role; Kareem Hunt type usage possible; KC committee backfield historically; handcuff value; late-round flier,181.25,175.0,135.0,318.0,36.78,2026-06-26,-255.0
00-0035876,Andre Baccellia,ARI,,,,,,,,,,0.8,4,,,,,,,,,,,WR,20.09,431,0.838,23.97,177,74.13,-54.03999999999999,-54.04,,4.0,2.0,8.0,0.0,,,,,,,,7.0,0.0215097402597402,0.0046421040299906,0.0355140832106038,1.1428571428571428,1.0,3.5,1.75,7.0,,,,,,,,,,,,,,,,,,,,,,,,,,,431,8,,,,,,,,,,,,,,
00-0037005,Tommy Tremble,CAR,,,,,,,,,,8.5,8,,,,,,,,,,,TE,29.39,432,0.95975,30.62,73,81.24,-51.85,-54.44,,13.0,8.0,85.0,0.0,,,,,,,,71.0,0.0692124452403481,,,,1.625,,,,10.625,6.538461538461538,1.0,0.0,,,,,,,,,,,,,,,,,,,,,,,432,8,,,,,,,,358.0,454.0,301.0,419.0,31.59,2026-06-26,22.0
ROOKIE_Kaden_Wetjen,Kaden Wetjen,PIT,,,,,,,,,,,0,,,,,,,,,,,WR,19.66,433,,,178,74.13,-54.47,-54.47,,,,,,,,,,,,,,,,,,,,,,,,,,,,,,,,,,,,,,,,,,,,,,,,433,7,4.0,121.0,40.0,WR4,low,True,Round 4 Steelers; depth only; avoid in redraft,,,,,,,
00-0039746,Will Shipley,PHI,,,,,,,,21.0,0.0,6.200000000000001,9,,,,,,,,,,,RB,22.24,434,1.0868,20.46,91,71.82,-49.58,-54.54,9.0,6.0,6.0,41.0,0.0,1.0,0.6666666666666666,2.333333333333333,0.0378080190673893,0.1925925925925926,0.0602126236613902,0.0,,,,,,,,,,,,,,,,,,,,,,,,,,,,,,,,,,,,434,8,,,,,,,,312.19,363.0,275.0,348.0,16.25,2026-06-26,-71.0
ROOKIE_Mike_Washington_Jr,Mike Washington Jr,LV,,,,,,,,,,,0,,,,,,,,,,,RB,21.85,435,,,92,71.82,-49.96999999999999,-54.97,,,,,,,,,,,,,,,,,,,,,,,,,,,,,,,,,,,,,,,,,,,,,,,,435,7,4.0,122.0,35.0,RB2,low,True,Round 4 Raiders; Mendoza rookie QB; terrible offense; avoid in redraft,206.29,205.0,156.0,319.0,40.81,2026-06-26,-230.0
ROOKIE_Jonah_Coleman,Jonah Coleman,DEN,,,,,,,,,,,0,,,,,,,,,,,RB,21.72,436,,,93,71.82,-50.1,-55.11,,,,,,,,,,,,,,,,,,,,,,,,,,,,,,,,,,,,,,,,,,,,,,,,436,7,5.0,150.0,44.0,RB2,low,True,Late round Broncos; Bo Nix year 2 offense; RB2 initially; handcuff value for Javonte Williams; late-round dart throw; dynasty upside if Williams injured,167.72,164.0,93.0,371.0,46.87,2026-06-26,-272.0
00-0037617,Hassan Haskins,LAC,,,,,,,,17.0,0.0,1.9,4,,,,,,,,,,,RB,21.72,437,1.0203,21.29,94,71.82,-50.1,-55.11,5.0,2.0,2.0,2.0,0.0,1.25,0.5,3.4,0.065,0.0714285714285714,0.0811546840958605,0.0,,,,,,,,,,,,,,,,,,,,,,,,,,,,,,,,,,,,437,8,,,,,,,,,,,,,,
00-0038840,Brycen Tremayne,CAR,,,,,,,,,,2.5,9,,,,,,,,,,,WR,18.71,438,0.8551,21.88,179,74.13,-55.42,-55.42,,4.0,3.0,25.0,0.0,,,,,,,,6.0,0.0161894635578846,0.0462156786198947,0.0566351703707532,0.7575757575757576,0.4444444444444444,2.0,8.25,33.0,,,,,,,,,,,,,,,,,,,,,,,,,,,438,8,,,,,,,,,,,,,,
00-0038720,Julian Hill,MIA,,,,,,,,,,5.6,5,,,,,,,,,,,TE,28.27,439,0.955,29.6,74,81.24,-52.97,-55.62,,8.0,5.0,56.0,0.0,,,,,,,,48.0,0.0683809523809523,,,,1.6,,,,11.2,7.0,0.0,0.0,,,,,,,,,,,,,,,,,,,,,,,439,8,,,,,,,,247.78,254.0,148.0,311.0,43.44,,-185.0
00-0038589,Josh Whyle,GB,,,,,,,,,,9.2,5,,,,,,,,,,,TE,28.23,440,1.02625,27.51,75,81.24,-53.00999999999999,-55.66,,5.0,4.0,32.0,1.0,,,,,,,,16.0,0.0432813852813852,,,,1.0,,,,6.4,6.4,1.0,1.0,,,,,,,,,,,,,,,,,,,,,,,440,8,,,,,,,,,,,,,,
00-0037267,Jerome Ford,CLE,,,,,,,,0.0,0.0,3.6,7,,,,,,,,,,,RB,20.91,441,0.9272,22.55,95,71.82,-50.91,-56.0,4.0,11.0,8.0,36.0,0.0,0.5714285714285714,1.1428571428571428,0.0,0.0241115720335321,0.2569264069264069,0.0754166741356182,0.0,,,,,,,,,,,,,,,,,,,,,,,,,,,,,,,,,,,,441,8,,,,,,,,280.44,308.0,221.0,317.0,26.07,2026-06-26,-133.0
00-0036331,Devin Duvernay,CHI,,,,,,,,,,2.6000000000000005,11,,,,,,,,,,,WR,18.06,442,1.0603,17.03,180,74.13,-56.06999999999999,-56.07,,5.0,2.0,26.0,0.0,,,,,,,,0.0,0.0133699633699633,0.0222978738661915,0.0356634567612791,0.3466666666666667,0.4545454545454545,0.0,15.0,75.0,,,,,,,,,,,,,,,,,,,,,,,,,,,442,8,,,,,,,,,,,,,,
00-0033246,Johnny Mundt,JAX,,,,,,,,,,6.7,6,,,,,,,,,,,TE,27.24,443,0.97875,27.83,76,81.24,-54.0,-56.7,,12.0,5.0,67.0,0.0,,,,,,,,52.0,0.0670200391291973,,,,2.0,,,,11.166666666666666,5.583333333333333,1.0,0.0,,,,,,,,,,,,,,,,,,,,,,,443,8,,,,,,,,,,,,,,
ROOKIE_Kaytron_Allen,Kaytron Allen,WAS,,,,,,,,,,,0,,,,,,,,,,,RB,20.11,444,,,96,71.82,-51.71,-56.88,,,,,,,,,,,,,,,,,,,,,,,,,,,,,,,,,,,,,,,,,,,,,,,,444,7,5.0,150.0,43.0,RB2,low,True,Late round Commanders; Daniels second year; RB committee; handcuff value; Penn State RB track record solid; deep-league or dynasty add,218.75,220.0,156.0,320.0,44.7,2026-06-26,-224.0
00-0039920,Malachi Corley,CLE,,,,,,,,,,15.7,10,,,,,,,,,,,WR,17.19,445,0.9064,18.96,181,74.13,-56.94,-56.94,,12.0,9.0,59.0,0.0,,,,,,,,49.0,0.0501801140200509,-0.0084323613793203,0.0693675180645521,-7.375,1.2,5.444444444444445,-0.6666666666666666,-8.0,,,,,,,,,,,,,,,,,,,,,,,,,,,445,8,,,,,,,,,,,,,,
00-0034959,Andrew Beck,NYJ,,,,,,,,5.0,0.0,4.1,7,,,,,,,,,,,RB,19.84,446,0.9272,21.4,97,71.82,-51.97999999999999,-57.18,1.0,4.0,3.0,36.0,0.0,0.1428571428571428,0.4285714285714285,5.0,0.0059523809523809,0.1444444444444444,0.027704691071831,0.0,,,,,,,,,,,,,,,,,,,,,,,,,,,,,,,,,,,,446,8,,,,,,,,335.89,404.0,275.0,398.0,30.26,,-42.0
00-0036842,Kene Nwangwu,NYJ,,,,,,,,31.0,0.0,9.1,7,,,,,,,,,,,RB,19.73,447,0.9272,21.28,98,71.82,-52.08999999999999,-57.3,6.0,0.0,0.0,0.0,0.0,0.8571428571428571,0.0,5.166666666666667,0.0342857142857142,0.0,0.0285714285714285,2.0,,,,,,,,,,,,,,,,,,,,,,,,,,,,,,,,,,,,447,8,,,,,,,,,,,,,,
00-0040142,Kaleb Johnson,PIT,,,,,,,,33.0,0.0,4.2,6,,,,,,,,,,,RB,19.59,448,1.007,19.45,99,71.82,-52.22999999999999,-57.45,14.0,1.0,1.0,9.0,0.0,2.333333333333333,0.1666666666666666,2.357142857142857,0.1196519348480132,0.0208333333333333,0.0890743684861331,0.0,,,,,,,,,,,,,,,,,,,,,,,,,,,,,,,,,,,,448,8,,,,,,,,247.6,253.0,152.0,354.0,44.89,2026-06-26,-195.0
00-0036429,Charlie Woerner,ATL,,,,,,,,,,5.300000000000001,6,,,,,,,,,,,TE,25.87,449,0.97875,26.43,77,81.24,-55.36999999999999,-58.14,,8.0,7.0,53.0,0.0,,,,,,,,35.0,0.0494768826476143,,,,1.3333333333333333,,,,8.833333333333334,6.625,1.0,0.0,,,,,,,,,,,,,,,,,,,,,,,449,8,,,,,,,,,,,,,,
00-0035631,Drew Sample,CIN,,,,,,,,,,6.800000000000001,6,,,,,,,,,,,TE,25.72,450,1.0215,25.18,78,81.24,-55.52,-58.3,,8.0,7.0,65.0,0.0,,,,,,,,67.0,0.0376979991247069,,,,1.3333333333333333,,,,10.833333333333334,8.125,0.0,0.0,,,,,,,,,,,,,,,,,,,,,,,450,8,,,,,,,,,,,,,,
00-0038496,Xavier Gipson,PHI,,,,,,,,,,0.6000000000000001,5,,,,,,,,,,,WR,15.57,451,1.1116,14.01,182,74.13,-58.56,-58.56,,2.0,2.0,6.0,0.0,,,,,,,,15.0,0.0155555555555555,-0.0095330965150565,0.0166601657727937,-0.6666666666666666,0.4,7.5,-4.5,-9.0,,,,,,,,,,,,,,,,,,,,,,,,,,,451,8,,,,,,,,,,,,,,
00-0035021,Ashton Dulin,IND,,,,,,,,,,6.200000000000001,5,,,,,,,,,,,WR,15.36,452,0.9919,15.49,183,74.13,-58.77,-58.77,,2.0,2.0,40.0,0.0,,,,,,,,42.0,0.0135944700460829,0.0026405841618839,0.0222401139824432,-20.0,0.4,21.0,-1.0,-2.0,,,,,,,,,,,,,,,,,,,,,,,,,,,452,8,,,,,,,,307.0,353.0,300.0,319.0,8.52,2026-06-26,-99.0
00-0040534,Ke'Shawn Williams,CIN,,,,,,,,,,0.6,9,,,,,,,,,,,WR,15.14,453,1.0774,14.05,184,74.13,-58.99,-58.99,,1.0,1.0,5.0,0.0,,,,,,,,0.0,0.0033670033670033,0.0020729684908789,0.0065015829941203,1.0,0.1111111111111111,0.0,5.0,5.0,,,,,,,,,,,,,,,,,,,,,,,,,,,453,8,,,,,,,,360.63,458.0,319.0,446.0,43.04,,5.0
00-0035628,D'Ernest Johnson,NE,,,,,,,,12.0,0.0,1.2000000000000002,4,,,,,,,,,,,RB,16.39,454,1.0469,15.66,100,71.82,-55.42999999999999,-60.97,9.0,0.0,0.0,0.0,0.0,2.25,0.0,1.3333333333333333,0.0908705047075165,0.0,0.0769841269841269,1.0,,,,,,,,,,,,,,,,,,,,,,,,,,,,,,,,,,,,454,8,,,,,,,,357.33,451.0,337.0,392.0,24.64,,-3.0
00-0037475,Stone Smartt,NYJ,,,,,,,,,,5.2,5,,,,,,,,,,,TE,22.78,455,0.974,23.39,79,81.24,-58.46,-61.38,,9.0,7.0,52.0,0.0,,,,,,,,27.0,0.0550166034155597,,,,1.8,,,,10.4,5.777777777777778,0.0,0.0,,,,,,,,,,,,,,,,,,,,,,,455,8,,,,,,,,,,,,,,
00-0040208,Tahj Brooks,CIN,,,,,,,,28.0,0.0,3.7,8,,,,,,,,,,,RB,15.93,456,1.0601999999999998,15.03,101,71.82,-55.88999999999999,-61.48,11.0,2.0,1.0,9.0,0.0,1.375,0.125,2.5454545454545454,0.0626045150501672,0.05,0.0551812331984745,0.0,,,,,,,,,,,,,,,,,,,,,,,,,,,,,,,,,,,,456,8,,,,,,,,308.38,357.0,239.0,361.0,19.13,2026-06-26,-99.0
00-0036590,Quintin Morris,JAX,,,,,,,,,,5.0,7,,,,,,,,,,,TE,22.68,457,0.97875,23.17,80,81.24,-58.56,-61.49,,8.0,5.0,50.0,0.0,,,,,,,,18.0,0.0451948051948051,,,,1.1428571428571428,,,,7.142857142857143,6.25,1.0,0.0,,,,,,,,,,,,,,,,,,,,,,,457,8,,,,,,,,,,,,,,
00-0035602,Alex Bachman,LV,,,,,,,,,,0.3,7,,,,,,,,,,,WR,12.27,458,0.8551,14.35,185,74.13,-61.86,-61.86,,1.0,1.0,3.0,0.0,,,,,,,,0.0,0.0064935064935064,0.0022556390977443,0.0113192071086807,1.0,0.1428571428571428,0.0,3.0,3.0,,,,,,,,,,,,,,,,,,,,,,,,,,,458,8,,,,,,,,,,,,,,
00-0034981,Foster Moreau,NO,,,,,,,,,,5.0,6,,,,,,,,,,,TE,22.2,459,0.99775,22.25,81,81.24,-59.03999999999999,-61.99,,9.0,6.0,50.0,0.0,,,,,,,,38.0,0.0481234257490915,,,,1.5,,,,8.333333333333334,5.555555555555555,1.0,0.0,,,,,,,,,,,,,,,,,,,,,,,459,8,,,,,,,,,,,,,,
00-0037292,Andrew Ogletree,IND,,,,,,,,,,8.7,8,,,,,,,,,,,TE,21.48,460,0.99775,21.53,82,81.24,-59.75999999999999,-62.75,,6.0,4.0,27.0,1.0,,,,,,,,9.0,0.0244732462877624,,,,0.75,,,,3.375,4.5,2.0,1.0,,,,,,,,,,,,,,,,,,,,,,,460,8,,,,,,,,,,,,,,
ROOKIE_Oscar_Delp,Oscar Delp,NO,,,,,,,,,,,0,,,,,,,,,,,TE,21.11,461,,,83,81.24,-60.13,-63.14,,,,,,,,,,,,,,,,,,,,,,,,,,,,,,,,,,,,,,,,,,,,,,,,461,7,3.0,73.0,50.0,TE2,low,True,Round 3 Saints; Jordyn Tyson WR1 already drafted here; TE2 or TE3 role initially; Georgia TE analytics solid; potential to grow into TE1 if healthy; low immediate fantasy value,306.0,352.0,274.0,357.0,27.84,2026-06-26,-109.0
00-0037120,Tyler Goodson,IND,,,,,,,,15.0,0.0,2.3,7,,,,,,,,,,,RB,13.68,462,0.9937,13.77,102,71.82,-58.13999999999999,-63.95,6.0,2.0,1.0,8.0,0.0,0.8571428571428571,0.1428571428571428,2.5,0.0447425381635908,0.0571428571428571,0.0518178525043513,0.0,,,,,,,,,,,,,,,,,,,,,,,,,,,,,,,,,,,,462,8,,,,,,,,358.0,454.0,327.0,389.0,31.0,2026-06-26,-8.0
00-0039816,Anthony Gould,IND,,,,,,,,,,0.6000000000000001,5,,,,,,,,,,,WR,9.46,463,0.9919,9.54,186,74.13,-64.66999999999999,-64.67,,2.0,2.0,6.0,0.0,,,,,,,,8.0,0.0118055555555555,-0.0025139376419574,0.0159485769839631,-3.0,0.4,4.0,-1.0,-2.0,,,,,,,,,,,,,,,,,,,,,,,,,,,463,8,,,,,,,,,,,,,,
00-0037086,Grant Calcaterra,PHI,,,,,,,,,,1.5,4,,,,,,,,,,,TE,17.04,464,1.031,16.53,84,81.24,-64.19999999999999,-67.41,,4.0,3.0,15.0,0.0,,,,,,,,4.0,0.043066534914361,,,,1.0,,,,3.75,3.75,1.0,0.0,,,,,,,,,,,,,,,,,,,,,,,464,8,,,,,,,,,,,,,,
00-0039364,Sione Vaki,DET,,,,,,,,4.0,0.0,0.4,6,,,,,,,,,,,RB,10.43,465,1.1001,9.48,103,71.82,-61.38999999999999,-67.53,1.0,0.0,0.0,0.0,0.0,0.1666666666666666,0.0,4.0,0.0053763440860215,0.0,0.0046296296296296,0.0,,,,,,,,,,,,,,,,,,,,,,,,,,,,,,,,,,,,465,8,,,,,,,,,,,,,,
00-0039407,Dylan Laube,LV,,,,,,,,7.0,0.0,0.8,10,,,,,,,,,,,RB,9.9,466,0.8873,11.16,104,71.82,-61.92,-68.11,4.0,1.0,1.0,1.0,0.0,0.4,0.1,1.75,0.0431818181818181,0.0333333333333333,0.0383838383838383,0.0,,,,,,,,,,,,,,,,,,,,,,,,,,,,,,,,,,,,466,8,,,,,,,,340.33,412.0,301.0,393.0,38.72,2026-06-26,-54.0
00-0040644,Trevor Etienne,CAR,,,,,,,,18.0,0.0,2.2,10,,,,,,,,,,,RB,9.59,467,0.8873,10.81,105,71.82,-62.22999999999999,-68.45,5.0,1.0,1.0,4.0,0.0,0.5,0.1,3.6,0.0208333333333333,0.02,0.0214411764705882,0.0,,,,,,,,,,,,,,,,,,,,,,,,,,,,,,,,,,,,467,8,,,,,,,,304.9,349.0,268.0,332.0,13.88,2026-06-26,-118.0
00-0040058,Nick Kallerup,SEA,,,,,,,,,,0.0,4,,,,,,,,,,,TE,15.55,468,1.0405,14.94,85,81.24,-65.69,-68.97,,1.0,0.0,0.0,0.0,,,,,,,,0.0,0.0208333333333333,,,,0.25,,,,0.0,0.0,1.0,1.0,,,,,,,,,,,,,,,,,,,,,,,468,8,,,,,,,,,,,,,,
00-0033357,Taysom Hill,NO,,,,,,,,,,20.82,10,,,,,,,,,,,TE,15.46,469,0.99775,15.49,86,81.24,-65.78,-69.07,,13.0,8.0,59.0,0.0,,,,,,,,57.0,0.0380049006667764,,,,1.3,,,,5.9,4.538461538461538,0.0,0.0,,,,,,,,,,,,,,,,,,,,,,,469,8,,,,,,,,247.78,254.0,148.0,311.0,43.44,,-215.0
00-0039648,David Martin-Robinson,TEN,,,,,,,,,,1.5,8,,,,,,,,,,,TE,15.24,470,0.96925,15.72,87,81.24,-66.0,-69.3,,2.0,2.0,15.0,0.0,,,,,,,,7.0,0.0085714285714285,,,,0.25,,,,1.875,7.5,0.0,0.0,,,,,,,,,,,,,,,,,,,,,,,470,8,,,,,,,,,,,,,,
00-0039603,British Brooks,HOU,,,,,,,,0.0,0.0,0.0,6,,,,,,,,,,,RB,8.42,471,1.0735,7.84,106,71.82,-63.39999999999999,-69.74,2.0,0.0,0.0,0.0,0.0,0.3333333333333333,0.0,0.0,0.0144927536231884,0.0,0.0123456790123456,2.0,,,,,,,,,,,,,,,,,,,,,,,,,,,,,,,,,,,,471,8,,,,,,,,308.38,357.0,239.0,361.0,19.13,,-114.0
00-0039686,Colson Yankoff,WAS,,,,,,,,,,1.8,5,,,,,,,,,,,TE,14.68,472,1.012,14.51,88,81.24,-66.56,-69.89,,3.0,2.0,18.0,0.0,,,,,,,,4.0,0.0213409961685823,,,,0.6,,,,3.6,6.0,0.0,0.0,,,,,,,,,,,,,,,,,,,,,,,472,8,,,,,,,,,,,,,,
00-0033439,Pharaoh Brown,ARI,,,,,,,,,,0.1,4,,,,,,,,,,,TE,14.15,473,0.955,14.82,89,81.24,-67.08999999999999,-70.44,,2.0,2.0,1.0,0.0,,,,,,,,0.0,0.0131578947368421,,,,0.5,,,,0.25,0.5,1.0,1.0,,,,,,,,,,,,,,,,,,,,,,,473,8,,,,,,,,369.6,474.0,307.0,457.0,52.31,,1.0
00-0034798,Durham Smythe,CHI,,,,,,,,,,2.5,6,,,,,,,,,,,TE,13.42,474,1.01675,13.2,90,81.24,-67.82,-71.21,,6.0,4.0,25.0,0.0,,,,,,,,15.0,0.0336385836385836,,,,1.0,,,,4.166666666666667,4.166666666666667,0.0,0.0,,,,,,,,,,,,,,,,,,,,,,,474,8,,,,,,,,352.5,438.0,352.0,353.0,0.5,2026-06-26,-36.0
00-0040205,Kalel Mullings,TEN,,,,,,,,7.0,0.0,0.7000000000000001,4,,,,,,,,,,,RB,7.06,475,0.9139,7.72,107,71.82,-64.75999999999999,-71.24,3.0,0.0,0.0,0.0,0.0,0.75,0.0,2.333333333333333,0.0308333333333333,0.0,0.0260818869944185,0.0,,,,,,,,,,,,,,,,,,,,,,,,,,,,,,,,,,,,475,8,,,,,,,,,,,,,,
00-0037304,Connor Heyward,PIT,,,,,,,,,,9.9,9,,,,,,,,,,,TE,13.03,476,1.0025,13.0,91,81.24,-68.21,-71.62,,1.0,0.0,0.0,0.0,,,,,,,,0.0,0.0033670033670033,,,,0.1111111111111111,,,,0.0,0.0,1.0,1.0,,,,,,,,,,,,,,,,,,,,,,,476,8,,,,,,,,,,,,,,
00-0036741,Jack Stoll,NO,,,,,,,,,,1.8000000000000005,6,,,,,,,,,,,TE,12.16,477,0.99775,12.19,92,81.24,-69.08,-72.53,,7.0,3.0,18.0,0.0,,,,,,,,7.0,0.033387522412518,,,,1.1666666666666667,,,,3.0,2.571428571428572,0.0,0.0,,,,,,,,,,,,,,,,,,,,,,,477,8,,,,,,,,,,,,,,
00-0037594,Julius Chestnut,TEN,,,,,,,,9.0,0.0,0.9,10,,,,,,,,,,,RB,5.78,478,0.9139,6.33,108,71.82,-66.03999999999999,-72.64,5.0,0.0,0.0,0.0,0.0,0.5,0.0,1.8,0.0243686868686868,0.0,0.017538739489959,0.0,,,,,,,,,,,,,,,,,,,,,,,,,,,,,,,,,,,,478,8,,,,,,,,,,,,,,
00-0035594,Travis Homer,CHI,,,,,,,,-2.0,0.0,-0.2,7,,,,,,,,,,,RB,3.56,479,1.0469,3.4,109,71.82,-68.25999999999999,-75.09,1.0,0.0,0.0,0.0,0.0,0.1428571428571428,0.0,-2.0,0.0042016806722689,0.0,0.0039682539682539,0.0,,,,,,,,,,,,,,,,,,,,,,,,,,,,,,,,,,,,479,8,,,,,,,,,,,,,,
00-0038710,Blake Whiteheart,CLE,,,,,,,,,,0.4,5,,,,,,,,,,,TE,9.3,480,0.974,9.55,93,81.24,-71.94,-75.54,,3.0,1.0,4.0,0.0,,,,,,,,1.0,0.0250699211797609,,,,0.6,,,,0.8,1.3333333333333333,0.0,0.0,,,,,,,,,,,,,,,,,,,,,,,480,8,,,,,,,,,,,,,,
00-0036332,Josiah Deguara,ARI,,,,,,,,,,0.6000000000000001,5,,,,,,,,,,,TE,8.2,481,0.955,8.59,94,81.24,-73.03999999999999,-76.69,,3.0,1.0,6.0,0.0,,,,,,,,1.0,0.015789832356549,,,,0.6,,,,1.2,2.0,0.0,0.0,,,,,,,,,,,,,,,,,,,,,,,481,8,,,,,,,,,,,,,,
00-0036876,Kylen Granson,PHI,,,,,,,,,,0.4,6,,,,,,,,,,,TE,7.7,482,1.031,7.47,95,81.24,-73.53999999999999,-77.22,,2.0,1.0,4.0,0.0,,,,,,,,1.0,0.0123456790123456,,,,0.3333333333333333,,,,0.6666666666666666,2.0,0.0,0.0,,,,,,,,,,,,,,,,,,,,,,,482,8,,,,,,,,,,,,,,
00-0038896,Jacob Saylors,DET,,,,,,,,0.0,0.0,0.0,6,,,,,,,,,,,RB,,483,1.1001,,110,71.82,,,0.0,0.0,0.0,0.0,0.0,0.0,0.0,,0.0,0.0,0.0,0.0,,,,,,,,,,,,,,,,,,,,,,,,,,,,,,,,,,,,483,8,,,,,,,,,,,,,,
00-0032951,Laquon Treadwell,IND,,,,,,,,,,0.0,6,,,,,,,,,,,WR,,484,0.9919,,187,74.13,,,,0.0,0.0,0.0,0.0,,,,,,,,0.0,0.0,0.0,0.0,,0.0,,,,,,,,,,,,,,,,,,,,,,,,,,,,,,484,8,,,,,,,,,,,,,,
00-0033572,Jamal Agnew,ATL,,,,,,,,,,0.0,8,,,,,,,,,,,WR,,485,0.9235,,188,74.13,,,,0.0,0.0,0.0,0.0,,,,,,,,0.0,0.0,0.0,0.0,,0.0,,,,,,,,,,,,,,,,,,,,,,,,,,,,,,485,8,,,,,,,,,,,,,,
00-0037132,Britain Covey,PHI,,,,,,,,,,0.0,5,,,,,,,,,,,WR,,486,1.1116,,189,74.13,,,,0.0,0.0,0.0,0.0,,,,,,,,0.0,0.0,0.0,0.0,,0.0,,,,,,,,,,,,,,,,,,,,,,,,,,,,,,486,8,,,,,,,,,,,,,,
00-0038519,Nikko Remigio,KC,,,,,,,,,,0.0,8,,,,,,,,,,,WR,,487,1.1116,,190,74.13,,,,0.0,0.0,0.0,0.0,,,,,,,,0.0,0.0,0.0,0.0,,0.0,,,,,,,,,,,,,,,,,,,,,,,,,,,,,,487,8,,,,,,,,,,,,,,
00-0038576,Charlie Jones,CIN,,,,,,,,,,6.0,8,,,,,,,,,,,WR,,488,1.0774,,191,74.13,,,,1.0,0.0,0.0,0.0,,,,,,,,0.0,0.0036764705882352,0.015625,0.0164522058823529,0.0,0.125,,42.0,42.0,,,,,,,,,,,,,,,,,,,,,,,,,,,488,8,,,,,,,,328.25,389.0,272.0,445.0,32.69,,-99.0
00-0039589,Kameron Johnson,TB,,,,,,,,,,1.1,10,,,,,,,,,,,WR,,489,1.009,,192,74.13,,,,3.0,0.0,0.0,0.0,,,,,,,,0.0,0.0078970099667774,0.0142683114064796,0.0218333329347018,0.0,0.3,,14.666666666666666,44.0,,,,,,,,,,,,,,,,,,,,,,,,,,,489,8,,,,,,,,357.33,451.0,337.0,392.0,24.64,,-38.0
00-0040075,LaJohntay Wester,BAL,,,,,,,,,,0.0,8,,,,,,,,,,,WR,,490,1.1629,,193,74.13,,,,0.0,0.0,0.0,0.0,,,,,,,,0.0,0.0,0.0,0.0,,0.0,,,,,,,,,,,,,,,,,,,,,,,,,,,,,,490,8,,,,,,,,,,,,,,
00-0040506,Myles Price,MIN,,,,,,,,,,0.0,11,,,,,,,,,,,WR,,491,1.009,,194,74.13,,,,0.0,0.0,0.0,0.0,,,,,,,,0.0,0.0,0.0,0.0,,0.0,,,,,,,,,,,,,,,,,,,,,,,,,,,,,,491,8,,,,,,,,81.32,79.0,50.0,118.0,12.11,,-412.0
00-0036825,Feleipe Franks,ATL,,,,,,,,,,0.2,6,,,,,,,,,,,TE,,492,0.97875,,96,81.24,,,,0.0,0.0,0.0,0.0,,,,,,,,0.0,0.0,,,,0.0,,,,0.0,,0.0,0.0,,,,,,,,,,,,,,,,,,,,,,,492,8,,,,,,,,,,,,,,
00-0038564,Cameron Latu,PHI,,,,,,,,,,0.0,6,,,,,,,,,,,TE,,493,1.031,,97,81.24,,,,0.0,0.0,0.0,0.0,,,,,,,,0.0,0.0,,,,0.0,,,,0.0,,0.0,0.0,,,,,,,,,,,,,,,,,,,,,,,493,8,,,,,,,,,,,,,,
00-0034161,Daniel Carlson,LV,,,,,,,,,,,10,,,,,,,,,,,K,,494,0.9034,,34,66.11,,,,,,,,,,,,,,,,,,,,,,,,,,,,9.0,7.0,4.0,6.0,0.0,0.0,0.0,0.0,14.0,13.0,0.7777777777777778,0.6666666666666666,,0.9,,,,,,,,,494,8,,,,,,,,287.0,319.0,209.0,406.0,85.49,2026-06-26,-175.0
NYJ,NYJ DST,NYJ,,,,,,18.0,,,,,10,,,,,,,,,,,DST,,495,1.052,,32,62.14,,,,,,,,,,,,,,,,,,,,,,,,,,,,,,,,,,,,,,,,,,2.0,,1.8,,0.0538922155688622,,29.8,0.2202226598461842,495,8,,,,,,,,,,,,,,
